# Blender 3.3.0
# www.blender.org
mtllib burrito.mtl
o model
v -0.007881 -0.103404 0.054841
v 0.012209 -0.082042 0.012296
v 0.013811 -0.090195 0.007219
v -0.007881 -0.103404 0.054841
v 0.006128 -0.075104 0.015408
v 0.012209 -0.082042 0.012296
v -0.007881 -0.103404 0.054841
v -0.002804 -0.071239 0.015721
v 0.006128 -0.075104 0.015408
v -0.007881 -0.103404 0.054841
v -0.012193 -0.071483 0.013151
v -0.002804 -0.071239 0.015721
v -0.007881 -0.103404 0.054841
v -0.019523 -0.075772 0.008387
v -0.012193 -0.071483 0.013151
v -0.007881 -0.103404 0.054841
v -0.025513 -0.097972 0.049893
v -0.019523 -0.075772 0.008387
v -0.007881 -0.103404 0.054841
v -0.023911 -0.106125 0.044816
v -0.025513 -0.097972 0.049893
v -0.007881 -0.103404 0.054841
v -0.017829 -0.113064 0.041704
v -0.023911 -0.106125 0.044816
v -0.007881 -0.103404 0.054841
v -0.006215 -0.101911 -0.005797
v -0.017829 -0.113064 0.041704
v -0.007881 -0.103404 0.054841
v 0.003174 -0.101667 -0.003227
v -0.006215 -0.101911 -0.005797
v -0.007881 -0.103404 0.054841
v 0.010504 -0.097378 0.001537
v 0.003174 -0.101667 -0.003227
v -0.007881 -0.103404 0.054841
v 0.013811 -0.090195 0.007219
v 0.010504 -0.097378 0.001537
v 0.013811 -0.090195 0.007219
v 0.012209 -0.082042 0.012296
v 0.028897 -0.072840 0.010995
v 0.031908 -0.088163 0.001453
v 0.012209 -0.082042 0.012296
v 0.006128 -0.075104 0.015408
v 0.017467 -0.059800 0.016844
v 0.028897 -0.072840 0.010995
v 0.006128 -0.075104 0.015408
v -0.002804 -0.071239 0.015721
v 0.000681 -0.052536 0.017432
v 0.017467 -0.059800 0.016844
v -0.002804 -0.071239 0.015721
v -0.012193 -0.071483 0.013151
v -0.016965 -0.052996 0.012603
v 0.000681 -0.052536 0.017432
v -0.012193 -0.071483 0.013151
v -0.019523 -0.075772 0.008387
v -0.030741 -0.061055 0.003649
v -0.016965 -0.052996 0.012603
v -0.019523 -0.075772 0.008387
v -0.025513 -0.097972 0.049893
v -0.030741 -0.061055 0.003649
v -0.025513 -0.097972 0.049893
v -0.023911 -0.106125 0.044816
v -0.036628 -0.104895 0.030616
v -0.039639 -0.089572 0.040158
v -0.023911 -0.106125 0.044816
v -0.017829 -0.113064 0.041704
v -0.036628 -0.104895 0.030616
v -0.017829 -0.113064 0.041704
v -0.006215 -0.101911 -0.005797
v 0.016561 -0.132122 0.008579
v -0.006215 -0.101911 -0.005797
v 0.003174 -0.101667 -0.003227
v 0.011916 -0.109721 -0.018178
v 0.003174 -0.101667 -0.003227
v 0.010504 -0.097378 0.001537
v 0.025692 -0.101662 -0.009225
v 0.011916 -0.109721 -0.018178
v 0.010504 -0.097378 0.001537
v 0.013811 -0.090195 0.007219
v 0.031908 -0.088163 0.001453
v 0.025692 -0.101662 -0.009225
v 0.031908 -0.088163 0.001453
v 0.028897 -0.072840 0.010995
v 0.042852 -0.061890 0.003908
v 0.046908 -0.082534 -0.008948
v 0.028897 -0.072840 0.010995
v 0.017467 -0.059800 0.016844
v 0.027452 -0.044320 0.011788
v 0.042852 -0.061890 0.003908
v 0.017467 -0.059800 0.016844
v 0.000681 -0.052536 0.017432
v 0.004835 -0.034534 0.012581
v 0.027452 -0.044320 0.011788
v 0.000681 -0.052536 0.017432
v -0.016965 -0.052996 0.012603
v -0.018938 -0.035154 0.006074
v 0.004835 -0.034534 0.012581
v -0.016965 -0.052996 0.012603
v -0.030741 -0.061055 0.003649
v -0.037499 -0.046012 -0.005989
v -0.018938 -0.035154 0.006074
v -0.030741 -0.061055 0.003649
v -0.045873 -0.064200 -0.020376
v -0.037499 -0.046012 -0.005989
v -0.039639 -0.089572 0.040158
v -0.036628 -0.104895 0.030616
v -0.041817 -0.084844 -0.033231
v -0.045873 -0.064200 -0.020376
v -0.036628 -0.104895 0.030616
v -0.002908 -0.139877 0.056355
v -0.041817 -0.084844 -0.033231
v 0.016561 -0.132122 0.008579
v -0.003801 -0.112199 -0.041904
v -0.004127 -0.124355 -0.009524
v 0.011916 -0.109721 -0.018178
v 0.019973 -0.111580 -0.035397
v -0.003801 -0.112199 -0.041904
v 0.011916 -0.109721 -0.018178
v 0.025692 -0.101662 -0.009225
v 0.038534 -0.100722 -0.023334
v 0.019973 -0.111580 -0.035397
v 0.025692 -0.101662 -0.009225
v 0.031908 -0.088163 0.001453
v 0.046908 -0.082534 -0.008948
v 0.038534 -0.100722 -0.023334
v 0.046908 -0.082534 -0.008948
v 0.042852 -0.061890 0.003908
v 0.052389 -0.050512 -0.008110
v 0.057002 -0.073988 -0.022729
v 0.042852 -0.061890 0.003908
v 0.027452 -0.044320 0.011788
v 0.034878 -0.030533 0.000850
v 0.052389 -0.050512 -0.008110
v 0.027452 -0.044320 0.011788
v 0.004835 -0.034534 0.012581
v 0.009159 -0.019405 0.001752
v 0.034878 -0.030533 0.000850
v 0.004835 -0.034534 0.012581
v -0.018938 -0.035154 0.006074
v -0.017876 -0.020109 -0.005647
v 0.009159 -0.019405 0.001752
v -0.018938 -0.035154 0.006074
v -0.037499 -0.046012 -0.005989
v -0.038982 -0.032457 -0.019365
v -0.017876 -0.020109 -0.005647
v -0.037499 -0.046012 -0.005989
v -0.045873 -0.064200 -0.020376
v -0.048505 -0.053139 -0.035725
v -0.038982 -0.032457 -0.019365
v -0.045873 -0.064200 -0.020376
v -0.041817 -0.084844 -0.033231
v -0.043892 -0.076615 -0.050344
v -0.048505 -0.053139 -0.035725
v -0.041817 -0.084844 -0.033231
v -0.026380 -0.096594 -0.059305
v -0.043892 -0.076615 -0.050344
v -0.003801 -0.112199 -0.041904
v -0.000662 -0.107722 -0.060206
v -0.026380 -0.096594 -0.059305
v -0.003801 -0.112199 -0.041904
v 0.019973 -0.111580 -0.035397
v 0.026373 -0.107018 -0.052807
v -0.000662 -0.107722 -0.060206
v 0.019973 -0.111580 -0.035397
v 0.038534 -0.100722 -0.023334
v 0.047479 -0.094670 -0.039089
v 0.026373 -0.107018 -0.052807
v 0.038534 -0.100722 -0.023334
v 0.046908 -0.082534 -0.008948
v 0.057002 -0.073988 -0.022729
v 0.047479 -0.094670 -0.039089
v 0.057002 -0.073988 -0.022729
v 0.052389 -0.050512 -0.008110
v 0.056360 -0.040079 -0.023611
v 0.060973 -0.063555 -0.038230
v 0.052389 -0.050512 -0.008110
v 0.034878 -0.030533 0.000850
v 0.038848 -0.020101 -0.014650
v 0.056360 -0.040079 -0.023611
v 0.034878 -0.030533 0.000850
v 0.009159 -0.019405 0.001752
v 0.013130 -0.008972 -0.013748
v 0.038848 -0.020101 -0.014650
v 0.009159 -0.019405 0.001752
v -0.017876 -0.020109 -0.005647
v -0.013905 -0.009676 -0.021147
v 0.013130 -0.008972 -0.013748
v -0.017876 -0.020109 -0.005647
v -0.038982 -0.032457 -0.019365
v -0.035011 -0.022024 -0.034865
v -0.013905 -0.009676 -0.021147
v -0.038982 -0.032457 -0.019365
v -0.048505 -0.053139 -0.035725
v -0.044534 -0.042707 -0.051225
v -0.035011 -0.022024 -0.034865
v -0.048505 -0.053139 -0.035725
v -0.043892 -0.076615 -0.050344
v -0.039921 -0.066182 -0.065844
v -0.044534 -0.042707 -0.051225
v -0.043892 -0.076615 -0.050344
v -0.026380 -0.096594 -0.059305
v -0.039921 -0.066182 -0.065844
v -0.026380 -0.096594 -0.059305
v -0.000662 -0.107722 -0.060206
v 0.012261 -0.075254 -0.125906
v -0.013457 -0.064126 -0.125005
v -0.000662 -0.107722 -0.060206
v 0.026373 -0.107018 -0.052807
v 0.030344 -0.096586 -0.068307
v 0.026373 -0.107018 -0.052807
v 0.047479 -0.094670 -0.039089
v 0.051450 -0.084238 -0.054590
v 0.030344 -0.096586 -0.068307
v 0.047479 -0.094670 -0.039089
v 0.057002 -0.073988 -0.022729
v 0.060973 -0.063555 -0.038230
v 0.051450 -0.084238 -0.054590
v 0.060973 -0.063555 -0.038230
v 0.056360 -0.040079 -0.023611
v 0.054285 -0.031850 -0.040723
v 0.058341 -0.052495 -0.053579
v 0.056360 -0.040079 -0.023611
v 0.038848 -0.020101 -0.014650
v 0.038885 -0.014281 -0.032843
v 0.054285 -0.031850 -0.040723
v 0.038848 -0.020101 -0.014650
v 0.013130 -0.008972 -0.013748
v 0.016269 -0.004495 -0.032050
v 0.038885 -0.014281 -0.032843
v 0.013130 -0.008972 -0.013748
v -0.013905 -0.009676 -0.021147
v -0.007505 -0.005114 -0.038557
v 0.016269 -0.004495 -0.032050
v -0.013905 -0.009676 -0.021147
v -0.035011 -0.022024 -0.034865
v -0.026066 -0.015973 -0.050620
v -0.007505 -0.005114 -0.038557
v -0.035011 -0.022024 -0.034865
v -0.044534 -0.042707 -0.051225
v -0.026066 -0.015973 -0.050620
v -0.044534 -0.042707 -0.051225
v -0.039921 -0.066182 -0.065844
v -0.011748 0.017679 -0.127644
v -0.039921 -0.066182 -0.065844
v -0.013457 -0.064126 -0.125005
v -0.006032 -0.050338 -0.135942
v -0.013457 -0.064126 -0.125005
v 0.012261 -0.075254 -0.125906
v 0.016585 -0.060124 -0.136735
v -0.006032 -0.050338 -0.135942
v 0.030344 -0.096586 -0.068307
v 0.031406 -0.081541 -0.080028
v 0.016585 -0.060124 -0.136735
v 0.030344 -0.096586 -0.068307
v 0.051450 -0.084238 -0.054590
v 0.049967 -0.070683 -0.067965
v 0.031406 -0.081541 -0.080028
v 0.051450 -0.084238 -0.054590
v 0.060973 -0.063555 -0.038230
v 0.058341 -0.052495 -0.053579
v 0.049967 -0.070683 -0.067965
v 0.058341 -0.052495 -0.053579
v 0.054285 -0.031850 -0.040723
v 0.046414 -0.026817 -0.057384
v 0.049425 -0.042140 -0.066925
v 0.054285 -0.031850 -0.040723
v 0.038885 -0.014281 -0.032843
v 0.034984 -0.013777 -0.051535
v 0.046414 -0.026817 -0.057384
v 0.038885 -0.014281 -0.032843
v 0.016269 -0.004495 -0.032050
v 0.018197 -0.006513 -0.050946
v 0.034984 -0.013777 -0.051535
v 0.016269 -0.004495 -0.032050
v -0.007505 -0.005114 -0.038557
v 0.000552 -0.006973 -0.055776
v 0.018197 -0.006513 -0.050946
v -0.007505 -0.005114 -0.038557
v -0.026066 -0.015973 -0.050620
v -0.013224 -0.015032 -0.064729
v 0.000552 -0.006973 -0.055776
v -0.026066 -0.015973 -0.050620
v 0.003252 0.023308 -0.138045
v -0.013224 -0.015032 -0.064729
v -0.011748 0.017679 -0.127644
v 0.008887 -0.011611 -0.124724
v 0.003252 0.023308 -0.138045
v -0.006032 -0.050338 -0.135942
v 0.019548 -0.039094 -0.164053
v 0.008887 -0.011611 -0.124724
v -0.006032 -0.050338 -0.135942
v 0.016585 -0.060124 -0.136735
v 0.011787 -0.064158 -0.091387
v 0.031406 -0.081541 -0.080028
v 0.029433 -0.063699 -0.086557
v 0.011787 -0.064158 -0.091387
v 0.031406 -0.081541 -0.080028
v 0.049967 -0.070683 -0.067965
v 0.043209 -0.055639 -0.077604
v 0.029433 -0.063699 -0.086557
v 0.049967 -0.070683 -0.067965
v 0.058341 -0.052495 -0.053579
v 0.049425 -0.042140 -0.066925
v 0.043209 -0.055639 -0.077604
v 0.049425 -0.042140 -0.066925
v 0.046414 -0.026817 -0.057384
v 0.033697 -0.025587 -0.071583
v 0.035299 -0.033740 -0.076660
v 0.046414 -0.026817 -0.057384
v 0.034984 -0.013777 -0.051535
v 0.027615 -0.018648 -0.068471
v 0.033697 -0.025587 -0.071583
v 0.034984 -0.013777 -0.051535
v 0.018197 -0.006513 -0.050946
v 0.018683 -0.014783 -0.068158
v 0.027615 -0.018648 -0.068471
v 0.018197 -0.006513 -0.050946
v 0.000552 -0.006973 -0.055776
v 0.009294 -0.015028 -0.070727
v 0.018683 -0.014783 -0.068158
v 0.000552 -0.006973 -0.055776
v -0.013224 -0.015032 -0.064729
v 0.001964 -0.019316 -0.075491
v 0.009294 -0.015028 -0.070727
v -0.013224 -0.015032 -0.064729
v -0.001343 -0.026499 -0.081173
v 0.001964 -0.019316 -0.075491
v 0.003252 0.023308 -0.138045
v 0.000259 -0.034652 -0.086250
v -0.001343 -0.026499 -0.081173
v 0.019548 -0.039094 -0.164053
v 0.006340 -0.041591 -0.089362
v 0.000259 -0.034652 -0.086250
v 0.011787 -0.064158 -0.091387
v 0.015272 -0.045456 -0.089676
v 0.006340 -0.041591 -0.089362
v 0.011787 -0.064158 -0.091387
v 0.029433 -0.063699 -0.086557
v 0.024661 -0.045211 -0.087106
v 0.015272 -0.045456 -0.089676
v 0.029433 -0.063699 -0.086557
v 0.043209 -0.055639 -0.077604
v 0.031991 -0.040923 -0.082342
v 0.024661 -0.045211 -0.087106
v 0.043209 -0.055639 -0.077604
v 0.049425 -0.042140 -0.066925
v 0.035299 -0.033740 -0.076660
v 0.031991 -0.040923 -0.082342
v 0.035299 -0.033740 -0.076660
v 0.033697 -0.025587 -0.071583
v 0.017667 -0.028308 -0.081608
v 0.033697 -0.025587 -0.071583
v 0.027615 -0.018648 -0.068471
v 0.017667 -0.028308 -0.081608
v 0.027615 -0.018648 -0.068471
v 0.018683 -0.014783 -0.068158
v 0.017667 -0.028308 -0.081608
v 0.018683 -0.014783 -0.068158
v 0.009294 -0.015028 -0.070727
v 0.017667 -0.028308 -0.081608
v 0.009294 -0.015028 -0.070727
v 0.001964 -0.019316 -0.075491
v 0.017667 -0.028308 -0.081608
v 0.001964 -0.019316 -0.075491
v -0.001343 -0.026499 -0.081173
v 0.017667 -0.028308 -0.081608
v -0.001343 -0.026499 -0.081173
v 0.000259 -0.034652 -0.086250
v 0.017667 -0.028308 -0.081608
v 0.000259 -0.034652 -0.086250
v 0.006340 -0.041591 -0.089362
v 0.017667 -0.028308 -0.081608
v 0.006340 -0.041591 -0.089362
v 0.015272 -0.045456 -0.089676
v 0.017667 -0.028308 -0.081608
v 0.015272 -0.045456 -0.089676
v 0.024661 -0.045211 -0.087106
v 0.017667 -0.028308 -0.081608
v 0.024661 -0.045211 -0.087106
v 0.031991 -0.040923 -0.082342
v 0.017667 -0.028308 -0.081608
v 0.031991 -0.040923 -0.082342
v 0.035299 -0.033740 -0.076660
v 0.017667 -0.028308 -0.081608
v 0.016561 -0.132122 0.008579
v -0.002908 -0.139877 0.056355
v -0.017829 -0.113064 0.041704
v -0.004127 -0.124355 -0.009524
v -0.002908 -0.139877 0.056355
v 0.016561 -0.132122 0.008579
v -0.025513 -0.097972 0.049893
v -0.039639 -0.089572 0.040158
v -0.030741 -0.061055 0.003649
v -0.030741 -0.061055 0.003649
v -0.039639 -0.089572 0.040158
v -0.045873 -0.064200 -0.020376
v -0.002908 -0.139877 0.056355
v -0.004127 -0.124355 -0.009524
v -0.041817 -0.084844 -0.033231
v -0.041817 -0.084844 -0.033231
v -0.004127 -0.124355 -0.009524
v -0.026380 -0.096594 -0.059305
v -0.026380 -0.096594 -0.059305
v -0.004127 -0.124355 -0.009524
v -0.003801 -0.112199 -0.041904
v -0.017829 -0.113064 0.041704
v -0.002908 -0.139877 0.056355
v -0.036628 -0.104895 0.030616
v 0.011916 -0.109721 -0.018178
v 0.016561 -0.132122 0.008579
v -0.006215 -0.101911 -0.005797
v -0.003801 -0.112199 -0.041904
v 0.016561 -0.132122 0.008579
v 0.011916 -0.109721 -0.018178
v -0.039921 -0.066182 -0.065844
v -0.005067 -0.022561 -0.117637
v -0.011748 0.017679 -0.127644
v -0.006032 -0.050338 -0.135942
v -0.005067 -0.022561 -0.117637
v -0.039921 -0.066182 -0.065844
v -0.011748 0.017679 -0.127644
v -0.005067 -0.022561 -0.117637
v 0.008887 -0.011611 -0.124724
v 0.008887 -0.011611 -0.124724
v -0.005067 -0.022561 -0.117637
v -0.006032 -0.050338 -0.135942
v 0.003252 0.023308 -0.138045
v 0.008887 -0.011611 -0.124724
v 0.000259 -0.034652 -0.086250
v 0.000259 -0.034652 -0.086250
v 0.008887 -0.011611 -0.124724
v 0.019548 -0.039094 -0.164053
v -0.044534 -0.042707 -0.051225
v -0.011748 0.017679 -0.127644
v -0.026066 -0.015973 -0.050620
v -0.026066 -0.015973 -0.050620
v -0.011748 0.017679 -0.127644
v 0.003252 0.023308 -0.138045
v -0.013224 -0.015032 -0.064729
v 0.003252 0.023308 -0.138045
v -0.001343 -0.026499 -0.081173
v 0.011787 -0.064158 -0.091387
v 0.019548 -0.039094 -0.164053
v -0.006032 -0.050338 -0.135942
v 0.006340 -0.041591 -0.089362
v 0.019548 -0.039094 -0.164053
v 0.011787 -0.064158 -0.091387
v -0.026380 -0.096594 -0.059305
v -0.013457 -0.064126 -0.125005
v -0.039921 -0.066182 -0.065844
v 0.030344 -0.096586 -0.068307
v 0.012261 -0.075254 -0.125906
v -0.000662 -0.107722 -0.060206
v 0.016585 -0.060124 -0.136735
v 0.012261 -0.075254 -0.125906
v 0.030344 -0.096586 -0.068307
v 0.011787 -0.064158 -0.091387
v 0.016585 -0.060124 -0.136735
v 0.031406 -0.081541 -0.080028
v 0.011143 -0.038214 -0.187943
v 0.015383 -0.055554 -0.165964
v 0.029005 -0.049010 -0.163429
v 0.024766 -0.031671 -0.185408
v 0.015383 -0.055554 -0.165964
v 0.003129 -0.036716 -0.148739
v 0.016752 -0.030172 -0.146205
v 0.029005 -0.049010 -0.163429
v 0.003129 -0.036716 -0.148739
v -0.001110 -0.019377 -0.170718
v 0.012512 -0.012833 -0.168184
v 0.016752 -0.030172 -0.146205
v -0.001110 -0.019377 -0.170718
v 0.011143 -0.038214 -0.187943
v 0.024766 -0.031671 -0.185408
v 0.012512 -0.012833 -0.168184
v 0.024766 -0.031671 -0.185408
v 0.029005 -0.049010 -0.163429
v 0.016752 -0.030172 -0.146205
v 0.012512 -0.012833 -0.168184
v -0.011443 0.031248 -0.111661
v -0.024622 0.056178 -0.109114
v -0.019957 0.061446 -0.136540
v -0.006778 0.036516 -0.139087
v -0.001110 -0.019377 -0.170718
v 0.003129 -0.036716 -0.148739
v -0.009957 -0.011012 -0.161358
v 0.006360 -0.034051 -0.163514
v 0.003129 -0.036716 -0.148739
v 0.015383 -0.055554 -0.165964
v -0.008984 -0.007692 -0.189460
v -0.009957 -0.011012 -0.161358
v 0.015383 -0.055554 -0.165964
v 0.011143 -0.038214 -0.187943
v 0.007333 -0.030731 -0.191617
v -0.008984 -0.007692 -0.189460
v 0.011143 -0.038214 -0.187943
v -0.001110 -0.019377 -0.170718
v 0.006360 -0.034051 -0.163514
v 0.007333 -0.030731 -0.191617
v 0.006360 -0.034051 -0.163514
v -0.009957 -0.011012 -0.161358
v -0.010205 0.011805 -0.159294
v 0.001563 -0.013791 -0.162143
v -0.009957 -0.011012 -0.161358
v -0.008984 -0.007692 -0.189460
v -0.007085 0.016330 -0.187070
v -0.010205 0.011805 -0.159294
v -0.008984 -0.007692 -0.189460
v 0.007333 -0.030731 -0.191617
v 0.004682 -0.009265 -0.189918
v -0.007085 0.016330 -0.187070
v 0.007333 -0.030731 -0.191617
v 0.006360 -0.034051 -0.163514
v 0.001563 -0.013791 -0.162143
v 0.004682 -0.009265 -0.189918
v 0.001563 -0.013791 -0.162143
v -0.010205 0.011805 -0.159294
v -0.017522 0.028837 -0.143383
v -0.005142 0.003520 -0.146111
v -0.010205 0.011805 -0.159294
v -0.007085 0.016330 -0.187070
v -0.013914 0.033584 -0.171062
v -0.017522 0.028837 -0.143383
v -0.007085 0.016330 -0.187070
v 0.004682 -0.009265 -0.189918
v -0.001533 0.008267 -0.173790
v -0.013914 0.033584 -0.171062
v 0.004682 -0.009265 -0.189918
v 0.001563 -0.013791 -0.162143
v -0.005142 0.003520 -0.146111
v -0.001533 0.008267 -0.173790
v -0.005142 0.003520 -0.146111
v -0.017522 0.028837 -0.143383
v -0.020429 0.042407 -0.125506
v -0.007253 0.017475 -0.128054
v -0.017522 0.028837 -0.143383
v -0.013914 0.033584 -0.171062
v -0.016250 0.047431 -0.153056
v -0.020429 0.042407 -0.125506
v -0.013914 0.033584 -0.171062
v -0.001533 0.008267 -0.173790
v -0.003074 0.022499 -0.155604
v -0.016250 0.047431 -0.153056
v -0.001533 0.008267 -0.173790
v -0.005142 0.003520 -0.146111
v -0.007253 0.017475 -0.128054
v -0.003074 0.022499 -0.155604
v -0.007253 0.017475 -0.128054
v -0.020429 0.042407 -0.125506
v -0.024622 0.056178 -0.109114
v -0.011443 0.031248 -0.111661
v -0.020429 0.042407 -0.125506
v -0.016250 0.047431 -0.153056
v -0.019957 0.061446 -0.136540
v -0.024622 0.056178 -0.109114
v -0.016250 0.047431 -0.153056
v -0.003074 0.022499 -0.155604
v -0.006778 0.036516 -0.139087
v -0.019957 0.061446 -0.136540
v -0.003074 0.022499 -0.155604
v -0.007253 0.017475 -0.128054
v -0.011443 0.031248 -0.111661
v -0.006778 0.036516 -0.139087
v -0.011443 0.031248 -0.111661
v -0.024622 0.056178 -0.109114
v -0.024622 0.056178 -0.109114
v -0.011443 0.031248 -0.111661
v -0.024622 0.056178 -0.109114
v -0.019957 0.061446 -0.136540
v -0.019957 0.061446 -0.136540
v -0.024622 0.056178 -0.109114
v -0.019957 0.061446 -0.136540
v -0.006778 0.036516 -0.139087
v -0.006778 0.036516 -0.139087
v -0.019957 0.061446 -0.136540
v -0.006778 0.036516 -0.139087
v -0.011443 0.031248 -0.111661
v -0.011443 0.031248 -0.111661
v -0.006778 0.036516 -0.139087
v -0.035669 -0.011307 -0.088396
v -0.042867 -0.026979 -0.071391
v -0.055540 -0.039203 -0.088020
v -0.048342 -0.023531 -0.105025
v -0.016326 -0.025148 -0.092963
v -0.028999 -0.037372 -0.109593
v -0.036197 -0.053043 -0.092588
v -0.023524 -0.040819 -0.075958
v -0.035669 -0.011307 -0.088396
v -0.016326 -0.025148 -0.092963
v -0.023524 -0.040819 -0.075958
v -0.042867 -0.026979 -0.071391
v -0.048342 -0.023531 -0.105025
v -0.055540 -0.039203 -0.088020
v -0.036197 -0.053043 -0.092588
v -0.028999 -0.037372 -0.109593
v -0.035669 -0.011307 -0.088396
v -0.048342 -0.023531 -0.105025
v -0.028999 -0.037372 -0.109593
v -0.016326 -0.025148 -0.092963
v -0.042867 -0.026979 -0.071391
v -0.023524 -0.040819 -0.075958
v -0.036197 -0.053043 -0.092588
v -0.055540 -0.039203 -0.088020
v -0.026227 -0.056378 0.058622
v -0.032578 -0.075068 0.072656
v -0.053738 -0.076645 0.060980
v -0.047387 -0.057956 0.046946
v -0.016303 -0.071701 0.042707
v -0.037463 -0.073278 0.031031
v -0.043813 -0.091968 0.045064
v -0.022653 -0.090391 0.056740
v -0.026227 -0.056378 0.058622
v -0.016303 -0.071701 0.042707
v -0.022653 -0.090391 0.056740
v -0.032578 -0.075068 0.072656
v -0.047387 -0.057956 0.046946
v -0.053738 -0.076645 0.060980
v -0.043813 -0.091968 0.045064
v -0.037463 -0.073278 0.031031
v -0.026227 -0.056378 0.058622
v -0.047387 -0.057956 0.046946
v -0.037463 -0.073278 0.031031
v -0.016303 -0.071701 0.042707
v -0.032578 -0.075068 0.072656
v -0.022653 -0.090391 0.056740
v -0.043813 -0.091968 0.045064
v -0.053738 -0.076645 0.060980
v -0.036058 0.028748 -0.081081
v -0.047038 0.020839 -0.060996
v -0.067107 0.016277 -0.073763
v -0.056126 0.024186 -0.093849
v -0.028105 0.006316 -0.085567
v -0.048173 0.001754 -0.098335
v -0.059154 -0.006155 -0.078249
v -0.039085 -0.001593 -0.065481
v -0.036058 0.028748 -0.081081
v -0.028105 0.006316 -0.085567
v -0.039085 -0.001593 -0.065481
v -0.047038 0.020839 -0.060996
v -0.056126 0.024186 -0.093849
v -0.067107 0.016277 -0.073763
v -0.059154 -0.006155 -0.078249
v -0.048173 0.001754 -0.098335
v -0.036058 0.028748 -0.081081
v -0.056126 0.024186 -0.093849
v -0.048173 0.001754 -0.098335
v -0.028105 0.006316 -0.085567
v -0.047038 0.020839 -0.060996
v -0.039085 -0.001593 -0.065481
v -0.059154 -0.006155 -0.078249
v -0.067107 0.016277 -0.073763
v -0.013782 0.004500 -0.127987
v -0.024946 0.001365 -0.106725
v -0.044396 -0.007356 -0.118223
v -0.033231 -0.004221 -0.139486
v -0.004637 -0.017876 -0.126485
v -0.024086 -0.026597 -0.137983
v -0.035251 -0.029732 -0.116721
v -0.015801 -0.021011 -0.105222
v -0.013782 0.004500 -0.127987
v -0.004637 -0.017876 -0.126485
v -0.015801 -0.021011 -0.105222
v -0.024946 0.001365 -0.106725
v -0.033231 -0.004221 -0.139486
v -0.044396 -0.007356 -0.118223
v -0.035251 -0.029732 -0.116721
v -0.024086 -0.026597 -0.137983
v -0.013782 0.004500 -0.127987
v -0.033231 -0.004221 -0.139486
v -0.024086 -0.026597 -0.137983
v -0.004637 -0.017876 -0.126485
v -0.024946 0.001365 -0.106725
v -0.015801 -0.021011 -0.105222
v -0.035251 -0.029732 -0.116721
v -0.044396 -0.007356 -0.118223
v -0.018281 0.044454 -0.122649
v -0.031505 0.042604 -0.102444
v -0.051760 0.045224 -0.115460
v -0.038536 0.047074 -0.135666
v -0.019473 0.020448 -0.125627
v -0.039728 0.023068 -0.138643
v -0.052952 0.021218 -0.118438
v -0.032697 0.018599 -0.105421
v -0.018281 0.044454 -0.122649
v -0.019473 0.020448 -0.125627
v -0.032697 0.018599 -0.105421
v -0.031505 0.042604 -0.102444
v -0.038536 0.047074 -0.135666
v -0.051760 0.045224 -0.115460
v -0.052952 0.021218 -0.118438
v -0.039728 0.023068 -0.138643
v -0.018281 0.044454 -0.122649
v -0.038536 0.047074 -0.135666
v -0.039728 0.023068 -0.138643
v -0.019473 0.020448 -0.125627
v -0.031505 0.042604 -0.102444
v -0.032697 0.018599 -0.105421
v -0.052952 0.021218 -0.118438
v -0.051760 0.045224 -0.115460
v -0.022859 0.049571 0.101868
v -0.026181 0.026239 0.107446
v -0.046410 0.025936 0.094131
v -0.043088 0.049269 0.088554
v -0.009962 0.043087 0.082421
v -0.030191 0.042784 0.069107
v -0.033513 0.019451 0.074685
v -0.013284 0.019754 0.087999
v -0.022859 0.049571 0.101868
v -0.009962 0.043087 0.082421
v -0.013284 0.019754 0.087999
v -0.026181 0.026239 0.107446
v -0.043088 0.049269 0.088554
v -0.046410 0.025936 0.094131
v -0.033513 0.019451 0.074685
v -0.030191 0.042784 0.069107
v -0.022859 0.049571 0.101868
v -0.043088 0.049269 0.088554
v -0.030191 0.042784 0.069107
v -0.009962 0.043087 0.082421
v -0.026181 0.026239 0.107446
v -0.013284 0.019754 0.087999
v -0.033513 0.019451 0.074685
v -0.046410 0.025936 0.094131
v -0.032624 0.078166 -0.004985
v -0.039050 0.055855 0.001908
v -0.061493 0.063731 0.006476
v -0.055067 0.086041 -0.000417
v -0.039074 0.072990 -0.027749
v -0.061516 0.080865 -0.023181
v -0.067943 0.058555 -0.016288
v -0.045500 0.050679 -0.020855
v -0.032624 0.078166 -0.004985
v -0.039074 0.072990 -0.027749
v -0.045500 0.050679 -0.020855
v -0.039050 0.055855 0.001908
v -0.055067 0.086041 -0.000417
v -0.061493 0.063731 0.006476
v -0.067943 0.058555 -0.016288
v -0.061516 0.080865 -0.023181
v -0.032624 0.078166 -0.004985
v -0.055067 0.086041 -0.000417
v -0.061516 0.080865 -0.023181
v -0.039074 0.072990 -0.027749
v -0.039050 0.055855 0.001908
v -0.045500 0.050679 -0.020855
v -0.067943 0.058555 -0.016288
v -0.061493 0.063731 0.006476
v -0.051153 0.043133 -0.004770
v -0.058599 0.023613 0.007482
v -0.073555 0.017910 -0.010693
v -0.066109 0.037430 -0.022945
v -0.033619 0.029978 -0.015070
v -0.048575 0.024276 -0.033246
v -0.056022 0.004756 -0.020994
v -0.041065 0.010459 -0.002819
v -0.051153 0.043133 -0.004770
v -0.033619 0.029978 -0.015070
v -0.041065 0.010459 -0.002819
v -0.058599 0.023613 0.007482
v -0.066109 0.037430 -0.022945
v -0.073555 0.017910 -0.010693
v -0.056022 0.004756 -0.020994
v -0.048575 0.024276 -0.033246
v -0.051153 0.043133 -0.004770
v -0.066109 0.037430 -0.022945
v -0.048575 0.024276 -0.033246
v -0.033619 0.029978 -0.015070
v -0.058599 0.023613 0.007482
v -0.041065 0.010459 -0.002819
v -0.056022 0.004756 -0.020994
v -0.073555 0.017910 -0.010693
v -0.033721 0.004553 0.026145
v -0.043621 -0.015718 0.034957
v -0.065719 -0.006430 0.031496
v -0.055819 0.013841 0.022684
v -0.034203 -0.004902 0.003853
v -0.056301 0.004386 0.000392
v -0.066201 -0.015885 0.009203
v -0.044103 -0.025173 0.012665
v -0.033721 0.004553 0.026145
v -0.034203 -0.004902 0.003853
v -0.044103 -0.025173 0.012665
v -0.043621 -0.015718 0.034957
v -0.055819 0.013841 0.022684
v -0.065719 -0.006430 0.031496
v -0.066201 -0.015885 0.009203
v -0.056301 0.004386 0.000392
v -0.033721 0.004553 0.026145
v -0.055819 0.013841 0.022684
v -0.056301 0.004386 0.000392
v -0.034203 -0.004902 0.003853
v -0.043621 -0.015718 0.034957
v -0.044103 -0.025173 0.012665
v -0.066201 -0.015885 0.009203
v -0.065719 -0.006430 0.031496
v -0.005964 -0.156668 0.040021
v 0.002678 -0.178505 0.055838
v 0.016723 -0.172421 0.056562
v 0.008081 -0.150585 0.040745
v 0.002678 -0.178505 0.055838
v -0.004634 -0.164415 0.079284
v 0.009412 -0.158331 0.080009
v 0.016723 -0.172421 0.056562
v -0.004634 -0.164415 0.079284
v -0.013276 -0.142578 0.063467
v 0.000770 -0.136495 0.064191
v 0.009412 -0.158331 0.080009
v -0.013276 -0.142578 0.063467
v -0.005964 -0.156668 0.040021
v 0.008081 -0.150585 0.040745
v 0.000770 -0.136495 0.064191
v 0.008081 -0.150585 0.040745
v 0.016723 -0.172421 0.056562
v 0.009412 -0.158331 0.080009
v 0.000770 -0.136495 0.064191
v -0.007996 -0.107153 0.133285
v -0.019405 -0.083776 0.144468
v -0.021045 -0.072233 0.118666
v -0.009636 -0.095610 0.107483
v -0.013276 -0.142578 0.063467
v -0.004634 -0.164415 0.079284
v -0.019437 -0.136790 0.076289
v -0.004825 -0.158348 0.065177
v -0.004634 -0.164415 0.079284
v 0.002678 -0.178505 0.055838
v -0.024886 -0.127068 0.050260
v -0.019437 -0.136790 0.076289
v 0.002678 -0.178505 0.055838
v -0.005964 -0.156668 0.040021
v -0.010274 -0.148626 0.039149
v -0.024886 -0.127068 0.050260
v -0.005964 -0.156668 0.040021
v -0.013276 -0.142578 0.063467
v -0.004825 -0.158348 0.065177
v -0.010274 -0.148626 0.039149
v -0.004825 -0.158348 0.065177
v -0.019437 -0.136790 0.076289
v -0.018454 -0.115074 0.083522
v -0.008509 -0.139059 0.072230
v -0.019437 -0.136790 0.076289
v -0.024886 -0.127068 0.050260
v -0.021701 -0.104206 0.057579
v -0.018454 -0.115074 0.083522
v -0.024886 -0.127068 0.050260
v -0.010274 -0.148626 0.039149
v -0.011757 -0.128192 0.046287
v -0.021701 -0.104206 0.057579
v -0.010274 -0.148626 0.039149
v -0.004825 -0.158348 0.065177
v -0.008509 -0.139059 0.072230
v -0.011757 -0.128192 0.046287
v -0.008509 -0.139059 0.072230
v -0.018454 -0.115074 0.083522
v -0.021328 -0.102328 0.104164
v -0.010750 -0.126058 0.092907
v -0.018454 -0.115074 0.083522
v -0.021701 -0.104206 0.057579
v -0.024071 -0.091257 0.078249
v -0.021328 -0.102328 0.104164
v -0.021701 -0.104206 0.057579
v -0.011757 -0.128192 0.046287
v -0.013493 -0.114986 0.066992
v -0.024071 -0.091257 0.078249
v -0.011757 -0.128192 0.046287
v -0.008509 -0.139059 0.072230
v -0.010750 -0.126058 0.092907
v -0.013493 -0.114986 0.066992
v -0.010750 -0.126058 0.092907
v -0.021328 -0.102328 0.104164
v -0.019573 -0.093307 0.124845
v -0.008168 -0.116685 0.113662
v -0.021328 -0.102328 0.104164
v -0.024071 -0.091257 0.078249
v -0.021722 -0.081983 0.098983
v -0.019573 -0.093307 0.124845
v -0.024071 -0.091257 0.078249
v -0.013493 -0.114986 0.066992
v -0.010317 -0.105362 0.087799
v -0.021722 -0.081983 0.098983
v -0.013493 -0.114986 0.066992
v -0.010750 -0.126058 0.092907
v -0.008168 -0.116685 0.113662
v -0.010317 -0.105362 0.087799
v -0.008168 -0.116685 0.113662
v -0.019573 -0.093307 0.124845
v -0.019405 -0.083776 0.144468
v -0.007996 -0.107153 0.133285
v -0.019573 -0.093307 0.124845
v -0.021722 -0.081983 0.098983
v -0.021045 -0.072233 0.118666
v -0.019405 -0.083776 0.144468
v -0.021722 -0.081983 0.098983
v -0.010317 -0.105362 0.087799
v -0.009636 -0.095610 0.107483
v -0.021045 -0.072233 0.118666
v -0.010317 -0.105362 0.087799
v -0.008168 -0.116685 0.113662
v -0.007996 -0.107153 0.133285
v -0.009636 -0.095610 0.107483
v -0.007996 -0.107153 0.133285
v -0.019405 -0.083776 0.144468
v -0.019405 -0.083776 0.144468
v -0.007996 -0.107153 0.133285
v -0.019405 -0.083776 0.144468
v -0.021045 -0.072233 0.118666
v -0.021045 -0.072233 0.118666
v -0.019405 -0.083776 0.144468
v -0.021045 -0.072233 0.118666
v -0.009636 -0.095610 0.107483
v -0.009636 -0.095610 0.107483
v -0.021045 -0.072233 0.118666
v -0.009636 -0.095610 0.107483
v -0.007996 -0.107153 0.133285
v -0.007996 -0.107153 0.133285
v -0.009636 -0.095610 0.107483
v 0.015104 0.005923 0.044009
v 0.019790 -0.013154 0.064400
v 0.025893 -0.002217 0.073229
v 0.021207 0.016860 0.052838
v 0.019790 -0.013154 0.064400
v -0.005755 -0.007733 0.075342
v 0.000347 0.003203 0.084172
v 0.025893 -0.002217 0.073229
v -0.005755 -0.007733 0.075342
v -0.010442 0.011344 0.054951
v -0.004339 0.022281 0.063781
v 0.000347 0.003203 0.084172
v -0.010442 0.011344 0.054951
v 0.015104 0.005923 0.044009
v 0.021207 0.016860 0.052838
v -0.004339 0.022281 0.063781
v 0.021207 0.016860 0.052838
v 0.025893 -0.002217 0.073229
v 0.000347 0.003203 0.084172
v -0.004339 0.022281 0.063781
v -0.066235 0.032415 0.105946
v -0.090528 0.046800 0.103793
v -0.080017 0.061264 0.081839
v -0.055724 0.046879 0.083992
v -0.010442 0.011344 0.054951
v -0.005755 -0.007733 0.075342
v -0.025012 0.011723 0.059791
v 0.000551 0.000237 0.063829
v -0.005755 -0.007733 0.075342
v 0.019790 -0.013154 0.064400
v -0.016066 0.023073 0.035442
v -0.025012 0.011723 0.059791
v 0.019790 -0.013154 0.064400
v 0.015104 0.005923 0.044009
v 0.009497 0.011587 0.039481
v -0.016066 0.023073 0.035442
v 0.015104 0.005923 0.044009
v -0.010442 0.011344 0.054951
v 0.000551 0.000237 0.063829
v 0.009497 0.011587 0.039481
v 0.000551 0.000237 0.063829
v -0.025012 0.011723 0.059791
v -0.038062 0.030289 0.062932
v -0.014395 0.014794 0.064136
v -0.025012 0.011723 0.059791
v -0.016066 0.023073 0.035442
v -0.028221 0.043532 0.039921
v -0.038062 0.030289 0.062932
v -0.016066 0.023073 0.035442
v 0.009497 0.011587 0.039481
v -0.004554 0.028036 0.041125
v -0.028221 0.043532 0.039921
v 0.009497 0.011587 0.039481
v 0.000551 0.000237 0.063829
v -0.014395 0.014794 0.064136
v -0.004554 0.028036 0.041125
v -0.014395 0.014794 0.064136
v -0.038062 0.030289 0.062932
v -0.058385 0.036790 0.074829
v -0.034437 0.021770 0.076436
v -0.038062 0.030289 0.062932
v -0.028221 0.043532 0.039921
v -0.048320 0.050411 0.052139
v -0.058385 0.036790 0.074829
v -0.028221 0.043532 0.039921
v -0.004554 0.028036 0.041125
v -0.024372 0.035391 0.053745
v -0.048320 0.050411 0.052139
v -0.004554 0.028036 0.041125
v -0.014395 0.014794 0.064136
v -0.034437 0.021770 0.076436
v -0.024372 0.035391 0.053745
v -0.034437 0.021770 0.076436
v -0.058385 0.036790 0.074829
v -0.074172 0.041785 0.090256
v -0.049880 0.027398 0.092407
v -0.058385 0.036790 0.074829
v -0.048320 0.050411 0.052139
v -0.063861 0.055860 0.067957
v -0.074172 0.041785 0.090256
v -0.048320 0.050411 0.052139
v -0.024372 0.035391 0.053745
v -0.039569 0.041473 0.070107
v -0.063861 0.055860 0.067957
v -0.024372 0.035391 0.053745
v -0.034437 0.021770 0.076436
v -0.049880 0.027398 0.092407
v -0.039569 0.041473 0.070107
v -0.049880 0.027398 0.092407
v -0.074172 0.041785 0.090256
v -0.090528 0.046800 0.103793
v -0.066235 0.032415 0.105946
v -0.074172 0.041785 0.090256
v -0.063861 0.055860 0.067957
v -0.080017 0.061264 0.081839
v -0.090528 0.046800 0.103793
v -0.063861 0.055860 0.067957
v -0.039569 0.041473 0.070107
v -0.055724 0.046879 0.083992
v -0.080017 0.061264 0.081839
v -0.039569 0.041473 0.070107
v -0.049880 0.027398 0.092407
v -0.066235 0.032415 0.105946
v -0.055724 0.046879 0.083992
v -0.066235 0.032415 0.105946
v -0.090528 0.046800 0.103793
v -0.090528 0.046800 0.103793
v -0.066235 0.032415 0.105946
v -0.090528 0.046800 0.103793
v -0.080017 0.061264 0.081839
v -0.080017 0.061264 0.081839
v -0.090528 0.046800 0.103793
v -0.080017 0.061264 0.081839
v -0.055724 0.046879 0.083992
v -0.055724 0.046879 0.083992
v -0.080017 0.061264 0.081839
v -0.055724 0.046879 0.083992
v -0.066235 0.032415 0.105946
v -0.066235 0.032415 0.105946
v -0.055724 0.046879 0.083992
v 0.023216 -0.069148 -0.021610
v 0.032713 -0.093499 -0.010724
v 0.040853 -0.085688 -0.000353
v 0.031355 -0.061337 -0.011240
v 0.032713 -0.093499 -0.010724
v 0.010684 -0.094144 0.007052
v 0.018823 -0.086333 0.017423
v 0.040853 -0.085688 -0.000353
v 0.010684 -0.094144 0.007052
v 0.001186 -0.069793 -0.003834
v 0.009326 -0.061982 0.006536
v 0.018823 -0.086333 0.017423
v 0.001186 -0.069793 -0.003834
v 0.023216 -0.069148 -0.021610
v 0.031355 -0.061337 -0.011240
v 0.009326 -0.061982 0.006536
v 0.031355 -0.061337 -0.011240
v 0.040853 -0.085688 -0.000353
v 0.018823 -0.086333 0.017423
v 0.009326 -0.061982 0.006536
v -0.040197 -0.071596 0.062810
v -0.064209 -0.059343 0.071469
v -0.059385 -0.037565 0.054028
v -0.035373 -0.049819 0.045370
v 0.001186 -0.069793 -0.003834
v 0.010684 -0.094144 0.007052
v -0.011736 -0.072239 0.004096
v 0.013985 -0.082298 -0.002147
v 0.010684 -0.094144 0.007052
v 0.032713 -0.093499 -0.010724
v -0.009032 -0.052712 -0.016229
v -0.011736 -0.072239 0.004096
v 0.032713 -0.093499 -0.010724
v 0.023216 -0.069148 -0.021610
v 0.016689 -0.062771 -0.022471
v -0.009032 -0.052712 -0.016229
v 0.023216 -0.069148 -0.021610
v 0.001186 -0.069793 -0.003834
v 0.013985 -0.082298 -0.002147
v 0.016689 -0.062771 -0.022471
v 0.013985 -0.082298 -0.002147
v -0.011736 -0.072239 0.004096
v -0.023528 -0.056917 0.016387
v -0.000362 -0.069947 0.006629
v -0.011736 -0.072239 0.004096
v -0.009032 -0.052712 -0.016229
v -0.019620 -0.035989 -0.002279
v -0.023528 -0.056917 0.016387
v -0.009032 -0.052712 -0.016229
v 0.016689 -0.062771 -0.022471
v 0.003547 -0.049018 -0.012037
v -0.019620 -0.035989 -0.002279
v 0.016689 -0.062771 -0.022471
v 0.013985 -0.082298 -0.002147
v -0.000362 -0.069947 0.006629
v 0.003547 -0.049018 -0.012037
v -0.000362 -0.069947 0.006629
v -0.023528 -0.056917 0.016387
v -0.040257 -0.056444 0.034184
v -0.016716 -0.069138 0.024890
v -0.023528 -0.056917 0.016387
v -0.019620 -0.035989 -0.002279
v -0.036051 -0.035248 0.015888
v -0.040257 -0.056444 0.034184
v -0.019620 -0.035989 -0.002279
v 0.003547 -0.049018 -0.012037
v -0.012510 -0.047942 0.006594
v -0.036051 -0.035248 0.015888
v 0.003547 -0.049018 -0.012037
v -0.000362 -0.069947 0.006629
v -0.016716 -0.069138 0.024890
v -0.012510 -0.047942 0.006594
v -0.016716 -0.069138 0.024890
v -0.040257 -0.056444 0.034184
v -0.051724 -0.058195 0.053617
v -0.027714 -0.070450 0.044955
v -0.040257 -0.056444 0.034184
v -0.036051 -0.035248 0.015888
v -0.047180 -0.036684 0.035775
v -0.051724 -0.058195 0.053617
v -0.036051 -0.035248 0.015888
v -0.012510 -0.047942 0.006594
v -0.023170 -0.048939 0.027113
v -0.047180 -0.036684 0.035775
v -0.012510 -0.047942 0.006594
v -0.016716 -0.069138 0.024890
v -0.027714 -0.070450 0.044955
v -0.023170 -0.048939 0.027113
v -0.027714 -0.070450 0.044955
v -0.051724 -0.058195 0.053617
v -0.064209 -0.059343 0.071469
v -0.040197 -0.071596 0.062810
v -0.051724 -0.058195 0.053617
v -0.047180 -0.036684 0.035775
v -0.059385 -0.037565 0.054028
v -0.064209 -0.059343 0.071469
v -0.047180 -0.036684 0.035775
v -0.023170 -0.048939 0.027113
v -0.035373 -0.049819 0.045370
v -0.059385 -0.037565 0.054028
v -0.023170 -0.048939 0.027113
v -0.027714 -0.070450 0.044955
v -0.040197 -0.071596 0.062810
v -0.035373 -0.049819 0.045370
v -0.040197 -0.071596 0.062810
v -0.064209 -0.059343 0.071469
v -0.064209 -0.059343 0.071469
v -0.040197 -0.071596 0.062810
v -0.064209 -0.059343 0.071469
v -0.059385 -0.037565 0.054028
v -0.059385 -0.037565 0.054028
v -0.064209 -0.059343 0.071469
v -0.059385 -0.037565 0.054028
v -0.035373 -0.049819 0.045370
v -0.035373 -0.049819 0.045370
v -0.059385 -0.037565 0.054028
v -0.035373 -0.049819 0.045370
v -0.040197 -0.071596 0.062810
v -0.040197 -0.071596 0.062810
v -0.035373 -0.049819 0.045370
v -0.002456 -0.131273 0.033586
v 0.001115 -0.159299 0.035453
v 0.015878 -0.157669 0.031683
v 0.012307 -0.129643 0.029816
v 0.001115 -0.159299 0.035453
v 0.007811 -0.156622 0.062834
v 0.022574 -0.154992 0.059064
v 0.015878 -0.157669 0.031683
v 0.007811 -0.156622 0.062834
v 0.004240 -0.128596 0.060966
v 0.019003 -0.126966 0.057197
v 0.022574 -0.154992 0.059064
v 0.004240 -0.128596 0.060966
v -0.002456 -0.131273 0.033586
v 0.012307 -0.129643 0.029816
v 0.019003 -0.126966 0.057197
v 0.012307 -0.129643 0.029816
v 0.015878 -0.157669 0.031683
v 0.022574 -0.154992 0.059064
v 0.019003 -0.126966 0.057197
v 0.044823 -0.132389 0.128018
v 0.047910 -0.115095 0.150225
v 0.043104 -0.092760 0.133499
v 0.040017 -0.110053 0.111293
v 0.004240 -0.128596 0.060966
v 0.007811 -0.156622 0.062834
v 0.005267 -0.128271 0.076286
v 0.005692 -0.144781 0.053287
v 0.007811 -0.156622 0.062834
v 0.001115 -0.159299 0.035453
v -0.003621 -0.106510 0.060501
v 0.005267 -0.128271 0.076286
v 0.001115 -0.159299 0.035453
v -0.002456 -0.131273 0.033586
v -0.003196 -0.123019 0.037502
v -0.003621 -0.106510 0.060501
v -0.002456 -0.131273 0.033586
v 0.004240 -0.128596 0.060966
v 0.005692 -0.144781 0.053287
v -0.003196 -0.123019 0.037502
v 0.005692 -0.144781 0.053287
v 0.005267 -0.128271 0.076286
v 0.017118 -0.113377 0.089039
v 0.012491 -0.130802 0.067206
v 0.005267 -0.128271 0.076286
v -0.003621 -0.106510 0.060501
v 0.010612 -0.091183 0.072703
v 0.017118 -0.113377 0.089039
v -0.003621 -0.106510 0.060501
v -0.003196 -0.123019 0.037502
v 0.005986 -0.108609 0.050871
v 0.010612 -0.091183 0.072703
v -0.003196 -0.123019 0.037502
v 0.005692 -0.144781 0.053287
v 0.012491 -0.130802 0.067206
v 0.005986 -0.108609 0.050871
v 0.012491 -0.130802 0.067206
v 0.017118 -0.113377 0.089039
v 0.026215 -0.111545 0.111637
v 0.022248 -0.128914 0.089631
v 0.017118 -0.113377 0.089039
v 0.010612 -0.091183 0.072703
v 0.020235 -0.089307 0.095164
v 0.026215 -0.111545 0.111637
v 0.010612 -0.091183 0.072703
v 0.005986 -0.108609 0.050871
v 0.016267 -0.106676 0.073157
v 0.020235 -0.089307 0.095164
v 0.005986 -0.108609 0.050871
v 0.012491 -0.130802 0.067206
v 0.022248 -0.128914 0.089631
v 0.016267 -0.106676 0.073157
v 0.022248 -0.128914 0.089631
v 0.026215 -0.111545 0.111637
v 0.037808 -0.113967 0.130922
v 0.034717 -0.131261 0.108717
v 0.026215 -0.111545 0.111637
v 0.020235 -0.089307 0.095164
v 0.032457 -0.091675 0.114305
v 0.037808 -0.113967 0.130922
v 0.020235 -0.089307 0.095164
v 0.016267 -0.106676 0.073157
v 0.029366 -0.108968 0.092100
v 0.032457 -0.091675 0.114305
v 0.016267 -0.106676 0.073157
v 0.022248 -0.128914 0.089631
v 0.034717 -0.131261 0.108717
v 0.029366 -0.108968 0.092100
v 0.034717 -0.131261 0.108717
v 0.037808 -0.113967 0.130922
v 0.047910 -0.115095 0.150225
v 0.044823 -0.132389 0.128018
v 0.037808 -0.113967 0.130922
v 0.032457 -0.091675 0.114305
v 0.043104 -0.092760 0.133499
v 0.047910 -0.115095 0.150225
v 0.032457 -0.091675 0.114305
v 0.029366 -0.108968 0.092100
v 0.040017 -0.110053 0.111293
v 0.043104 -0.092760 0.133499
v 0.029366 -0.108968 0.092100
v 0.034717 -0.131261 0.108717
v 0.044823 -0.132389 0.128018
v 0.040017 -0.110053 0.111293
v 0.044823 -0.132389 0.128018
v 0.047910 -0.115095 0.150225
v 0.047910 -0.115095 0.150225
v 0.044823 -0.132389 0.128018
v 0.047910 -0.115095 0.150225
v 0.043104 -0.092760 0.133499
v 0.043104 -0.092760 0.133499
v 0.047910 -0.115095 0.150225
v 0.043104 -0.092760 0.133499
v 0.040017 -0.110053 0.111293
v 0.040017 -0.110053 0.111293
v 0.043104 -0.092760 0.133499
v 0.040017 -0.110053 0.111293
v 0.044823 -0.132389 0.128018
v 0.044823 -0.132389 0.128018
v 0.040017 -0.110053 0.111293
v 0.012961 -0.057084 0.018447
v 0.024963 -0.081859 0.025068
v 0.037962 -0.077367 0.018309
v 0.025959 -0.052593 0.011688
v 0.024963 -0.081859 0.025068
v 0.033951 -0.070947 0.049601
v 0.046949 -0.066456 0.042842
v 0.037962 -0.077367 0.018309
v 0.033951 -0.070947 0.049601
v 0.021948 -0.046173 0.042980
v 0.034946 -0.041682 0.036221
v 0.046949 -0.066456 0.042842
v 0.021948 -0.046173 0.042980
v 0.012961 -0.057084 0.018447
v 0.025959 -0.052593 0.011688
v 0.034946 -0.041682 0.036221
v 0.025959 -0.052593 0.011688
v 0.037962 -0.077367 0.018309
v 0.046949 -0.066456 0.042842
v 0.034946 -0.041682 0.036221
v 0.069929 -0.022751 0.100483
v 0.070475 -0.000399 0.117855
v 0.057132 0.015129 0.098296
v 0.056586 -0.007223 0.080923
v 0.021948 -0.046173 0.042980
v 0.033951 -0.070947 0.049601
v 0.024756 -0.041879 0.057455
v 0.027196 -0.062767 0.038496
v 0.033951 -0.070947 0.049601
v 0.024963 -0.081859 0.025068
v 0.007843 -0.027732 0.039691
v 0.024756 -0.041879 0.057455
v 0.024963 -0.081859 0.025068
v 0.012961 -0.057084 0.018447
v 0.010284 -0.048621 0.020733
v 0.007843 -0.027732 0.039691
v 0.012961 -0.057084 0.018447
v 0.021948 -0.046173 0.042980
v 0.027196 -0.062767 0.038496
v 0.010284 -0.048621 0.020733
v 0.027196 -0.062767 0.038496
v 0.024756 -0.041879 0.057455
v 0.033115 -0.021757 0.064536
v 0.031200 -0.044546 0.047842
v 0.024756 -0.041879 0.057455
v 0.007843 -0.027732 0.039691
v 0.018256 -0.006714 0.045704
v 0.033115 -0.021757 0.064536
v 0.007843 -0.027732 0.039691
v 0.010284 -0.048621 0.020733
v 0.016342 -0.029503 0.029010
v 0.018256 -0.006714 0.045704
v 0.010284 -0.048621 0.020733
v 0.027196 -0.062767 0.038496
v 0.031200 -0.044546 0.047842
v 0.016342 -0.029503 0.029010
v 0.031200 -0.044546 0.047842
v 0.033115 -0.021757 0.064536
v 0.044023 -0.012164 0.084178
v 0.042692 -0.034770 0.067180
v 0.033115 -0.021757 0.064536
v 0.018256 -0.006714 0.045704
v 0.029630 0.003025 0.065104
v 0.044023 -0.012164 0.084178
v 0.018256 -0.006714 0.045704
v 0.016342 -0.029503 0.029010
v 0.028300 -0.019580 0.048106
v 0.029630 0.003025 0.065104
v 0.016342 -0.029503 0.029010
v 0.031200 -0.044546 0.047842
v 0.042692 -0.034770 0.067180
v 0.028300 -0.019580 0.048106
v 0.042692 -0.034770 0.067180
v 0.044023 -0.012164 0.084178
v 0.058146 -0.006692 0.100993
v 0.057597 -0.029045 0.083622
v 0.044023 -0.012164 0.084178
v 0.029630 0.003025 0.065104
v 0.044314 0.008679 0.081651
v 0.058146 -0.006692 0.100993
v 0.029630 0.003025 0.065104
v 0.028300 -0.019580 0.048106
v 0.043765 -0.013674 0.064280
v 0.044314 0.008679 0.081651
v 0.028300 -0.019580 0.048106
v 0.042692 -0.034770 0.067180
v 0.057597 -0.029045 0.083622
v 0.043765 -0.013674 0.064280
v 0.057597 -0.029045 0.083622
v 0.058146 -0.006692 0.100993
v 0.070475 -0.000399 0.117855
v 0.069929 -0.022751 0.100483
v 0.058146 -0.006692 0.100993
v 0.044314 0.008679 0.081651
v 0.057132 0.015129 0.098296
v 0.070475 -0.000399 0.117855
v 0.044314 0.008679 0.081651
v 0.043765 -0.013674 0.064280
v 0.056586 -0.007223 0.080923
v 0.057132 0.015129 0.098296
v 0.043765 -0.013674 0.064280
v 0.057597 -0.029045 0.083622
v 0.069929 -0.022751 0.100483
v 0.056586 -0.007223 0.080923
v 0.069929 -0.022751 0.100483
v 0.070475 -0.000399 0.117855
v 0.070475 -0.000399 0.117855
v 0.069929 -0.022751 0.100483
v 0.070475 -0.000399 0.117855
v 0.057132 0.015129 0.098296
v 0.057132 0.015129 0.098296
v 0.070475 -0.000399 0.117855
v 0.057132 0.015129 0.098296
v 0.056586 -0.007223 0.080923
v 0.056586 -0.007223 0.080923
v 0.057132 0.015129 0.098296
v 0.056586 -0.007223 0.080923
v 0.069929 -0.022751 0.100483
v 0.069929 -0.022751 0.100483
v 0.056586 -0.007223 0.080923
v -0.004498 0.058629 -0.136846
v -0.019572 0.040320 -0.121378
v -0.006658 0.035050 -0.115032
v 0.008416 0.053358 -0.130500
v -0.019572 0.040320 -0.121378
v -0.021833 0.059599 -0.100764
v -0.008920 0.054328 -0.094418
v -0.006658 0.035050 -0.115032
v -0.021833 0.059599 -0.100764
v -0.006759 0.077907 -0.116232
v 0.006154 0.072636 -0.109886
v -0.008920 0.054328 -0.094418
v -0.006759 0.077907 -0.116232
v -0.004498 0.058629 -0.136846
v 0.008416 0.053358 -0.130500
v 0.006154 0.072636 -0.109886
v 0.008416 0.053358 -0.130500
v -0.006658 0.035050 -0.115032
v -0.008920 0.054328 -0.094418
v 0.006154 0.072636 -0.109886
v -0.001043 0.112112 -0.045843
v 0.004632 0.138436 -0.037094
v 0.020093 0.142849 -0.060400
v 0.014418 0.116525 -0.069149
v -0.006759 0.077907 -0.116232
v -0.021833 0.059599 -0.100764
v -0.010713 0.088595 -0.105936
v -0.013108 0.061354 -0.113279
v -0.021833 0.059599 -0.100764
v -0.019572 0.040320 -0.121378
v 0.001135 0.094311 -0.131010
v -0.010713 0.088595 -0.105936
v -0.019572 0.040320 -0.121378
v -0.004498 0.058629 -0.136846
v -0.001260 0.067071 -0.138352
v 0.001135 0.094311 -0.131010
v -0.004498 0.058629 -0.136846
v -0.006759 0.077907 -0.116232
v -0.013108 0.061354 -0.113279
v -0.001260 0.067071 -0.138352
v -0.013108 0.061354 -0.113279
v -0.010713 0.088595 -0.105936
v 0.002885 0.104488 -0.096586
v -0.004108 0.078725 -0.106025
v -0.010713 0.088595 -0.105936
v 0.001135 0.094311 -0.131010
v 0.016901 0.109507 -0.120670
v 0.002885 0.104488 -0.096586
v 0.001135 0.094311 -0.131010
v -0.001260 0.067071 -0.138352
v 0.009908 0.083744 -0.130109
v 0.016901 0.109507 -0.120670
v -0.001260 0.067071 -0.138352
v -0.013108 0.061354 -0.113279
v -0.004108 0.078725 -0.106025
v 0.009908 0.083744 -0.130109
v -0.004108 0.078725 -0.106025
v 0.002885 0.104488 -0.096586
v 0.003380 0.119247 -0.077125
v -0.003044 0.093234 -0.086277
v 0.002885 0.104488 -0.096586
v 0.016901 0.109507 -0.120670
v 0.017849 0.124067 -0.100981
v 0.003380 0.119247 -0.077125
v 0.016901 0.109507 -0.120670
v 0.009908 0.083744 -0.130109
v 0.011425 0.098054 -0.110133
v 0.017849 0.124067 -0.100981
v 0.009908 0.083744 -0.130109
v -0.004108 0.078725 -0.106025
v -0.003044 0.093234 -0.086277
v 0.011425 0.098054 -0.110133
v -0.003044 0.093234 -0.086277
v 0.003380 0.119247 -0.077125
v 0.004156 0.128215 -0.056361
v -0.001523 0.101893 -0.065112
v 0.003380 0.119247 -0.077125
v 0.017849 0.124067 -0.100981
v 0.019160 0.132813 -0.079929
v 0.004156 0.128215 -0.056361
v 0.017849 0.124067 -0.100981
v 0.011425 0.098054 -0.110133
v 0.013482 0.106490 -0.088679
v 0.019160 0.132813 -0.079929
v 0.011425 0.098054 -0.110133
v -0.003044 0.093234 -0.086277
v -0.001523 0.101893 -0.065112
v 0.013482 0.106490 -0.088679
v -0.001523 0.101893 -0.065112
v 0.004156 0.128215 -0.056361
v 0.004632 0.138436 -0.037094
v -0.001043 0.112112 -0.045843
v 0.004156 0.128215 -0.056361
v 0.019160 0.132813 -0.079929
v 0.020093 0.142849 -0.060400
v 0.004632 0.138436 -0.037094
v 0.019160 0.132813 -0.079929
v 0.013482 0.106490 -0.088679
v 0.014418 0.116525 -0.069149
v 0.020093 0.142849 -0.060400
v 0.013482 0.106490 -0.088679
v -0.001523 0.101893 -0.065112
v -0.001043 0.112112 -0.045843
v 0.014418 0.116525 -0.069149
v -0.001043 0.112112 -0.045843
v 0.004632 0.138436 -0.037094
v 0.004632 0.138436 -0.037094
v -0.001043 0.112112 -0.045843
v 0.004632 0.138436 -0.037094
v 0.020093 0.142849 -0.060400
v 0.020093 0.142849 -0.060400
v 0.004632 0.138436 -0.037094
v 0.020093 0.142849 -0.060400
v 0.014418 0.116525 -0.069149
v 0.014418 0.116525 -0.069149
v 0.020093 0.142849 -0.060400
v 0.014418 0.116525 -0.069149
v -0.001043 0.112112 -0.045843
v -0.001043 0.112112 -0.045843
v 0.014418 0.116525 -0.069149
v 0.005740 -0.012247 -0.112354
v -0.014766 -0.026842 -0.099383
v -0.004216 -0.035706 -0.092679
v 0.016289 -0.021111 -0.105650
v -0.014766 -0.026842 -0.099383
v -0.013648 -0.008942 -0.077474
v -0.003098 -0.017805 -0.070770
v -0.004216 -0.035706 -0.092679
v -0.013648 -0.008942 -0.077474
v 0.006857 0.005653 -0.090445
v 0.017407 -0.003211 -0.083740
v -0.003098 -0.017805 -0.070770
v 0.006857 0.005653 -0.090445
v 0.005740 -0.012247 -0.112354
v 0.016289 -0.021111 -0.105650
v 0.017407 -0.003211 -0.083740
v 0.016289 -0.021111 -0.105650
v -0.004216 -0.035706 -0.092679
v -0.003098 -0.017805 -0.070770
v 0.017407 -0.003211 -0.083740
v 0.015438 0.032793 -0.017320
v 0.026986 0.056107 -0.006150
v 0.044915 0.057699 -0.028006
v 0.033367 0.034384 -0.039177
v 0.006857 0.005653 -0.090445
v -0.013648 -0.008942 -0.077474
v 0.004971 0.016358 -0.079595
v -0.003772 -0.008789 -0.089234
v -0.013648 -0.008942 -0.077474
v -0.014766 -0.026842 -0.099383
v 0.019903 0.020265 -0.103333
v 0.004971 0.016358 -0.079595
v -0.014766 -0.026842 -0.099383
v 0.005740 -0.012247 -0.112354
v 0.011160 -0.004882 -0.112971
v 0.019903 0.020265 -0.103333
v 0.005740 -0.012247 -0.112354
v 0.006857 0.005653 -0.090445
v -0.003772 -0.008789 -0.089234
v 0.011160 -0.004882 -0.112971
v -0.003772 -0.008789 -0.089234
v 0.004971 0.016358 -0.079595
v 0.021400 0.027506 -0.068162
v 0.008785 0.005121 -0.080058
v 0.004971 0.016358 -0.079595
v 0.019903 0.020265 -0.103333
v 0.038158 0.030110 -0.090836
v 0.021400 0.027506 -0.068162
v 0.019903 0.020265 -0.103333
v 0.011160 -0.004882 -0.112971
v 0.025544 0.007725 -0.102731
v 0.038158 0.030110 -0.090836
v 0.011160 -0.004882 -0.112971
v -0.003772 -0.008789 -0.089234
v 0.008785 0.005121 -0.080058
v 0.025544 0.007725 -0.102731
v 0.008785 0.005121 -0.080058
v 0.021400 0.027506 -0.068162
v 0.024098 0.040399 -0.047589
v 0.011943 0.017606 -0.059183
v 0.021400 0.027506 -0.068162
v 0.038158 0.030110 -0.090836
v 0.041222 0.042679 -0.070022
v 0.024098 0.040399 -0.047589
v 0.038158 0.030110 -0.090836
v 0.025544 0.007725 -0.102731
v 0.029067 0.019886 -0.081616
v 0.041222 0.042679 -0.070022
v 0.025544 0.007725 -0.102731
v 0.008785 0.005121 -0.080058
v 0.011943 0.017606 -0.059183
v 0.029067 0.019886 -0.081616
v 0.011943 0.017606 -0.059183
v 0.024098 0.040399 -0.047589
v 0.025463 0.047565 -0.026165
v 0.013913 0.024253 -0.037338
v 0.024098 0.040399 -0.047589
v 0.041222 0.042679 -0.070022
v 0.043022 0.049472 -0.048296
v 0.025463 0.047565 -0.026165
v 0.041222 0.042679 -0.070022
v 0.029067 0.019886 -0.081616
v 0.031471 0.026159 -0.059469
v 0.043022 0.049472 -0.048296
v 0.029067 0.019886 -0.081616
v 0.011943 0.017606 -0.059183
v 0.013913 0.024253 -0.037338
v 0.031471 0.026159 -0.059469
v 0.013913 0.024253 -0.037338
v 0.025463 0.047565 -0.026165
v 0.026986 0.056107 -0.006150
v 0.015438 0.032793 -0.017320
v 0.025463 0.047565 -0.026165
v 0.043022 0.049472 -0.048296
v 0.044915 0.057699 -0.028006
v 0.026986 0.056107 -0.006150
v 0.043022 0.049472 -0.048296
v 0.031471 0.026159 -0.059469
v 0.033367 0.034384 -0.039177
v 0.044915 0.057699 -0.028006
v 0.031471 0.026159 -0.059469
v 0.013913 0.024253 -0.037338
v 0.015438 0.032793 -0.017320
v 0.033367 0.034384 -0.039177
v 0.015438 0.032793 -0.017320
v 0.026986 0.056107 -0.006150
v 0.026986 0.056107 -0.006150
v 0.015438 0.032793 -0.017320
v 0.026986 0.056107 -0.006150
v 0.044915 0.057699 -0.028006
v 0.044915 0.057699 -0.028006
v 0.026986 0.056107 -0.006150
v 0.044915 0.057699 -0.028006
v 0.033367 0.034384 -0.039177
v 0.033367 0.034384 -0.039177
v 0.044915 0.057699 -0.028006
v 0.033367 0.034384 -0.039177
v 0.015438 0.032793 -0.017320
v 0.015438 0.032793 -0.017320
v 0.033367 0.034384 -0.039177
v 0.007115 0.060883 0.021592
v 0.002891 0.037005 0.036210
v 0.009704 0.043275 0.048420
v 0.013927 0.067153 0.033802
v 0.002891 0.037005 0.036210
v -0.022117 0.046869 0.045097
v -0.015305 0.053139 0.057307
v 0.009704 0.043275 0.048420
v -0.022117 0.046869 0.045097
v -0.017893 0.070747 0.030479
v -0.011081 0.077017 0.042689
v -0.015305 0.053139 0.057307
v -0.017893 0.070747 0.030479
v 0.007115 0.060883 0.021592
v 0.013927 0.067153 0.033802
v -0.011081 0.077017 0.042689
v 0.013927 0.067153 0.033802
v 0.009704 0.043275 0.048420
v -0.015305 0.053139 0.057307
v -0.011081 0.077017 0.042689
v -0.075437 0.094428 0.078283
v -0.094504 0.115340 0.077369
v -0.076700 0.130892 0.061784
v -0.057633 0.109980 0.062699
v -0.017893 0.070747 0.030479
v -0.022117 0.046869 0.045097
v -0.032562 0.074191 0.033450
v -0.011931 0.055150 0.037127
v -0.022117 0.046869 0.045097
v 0.002891 0.037005 0.036210
v -0.016557 0.087878 0.014524
v -0.032562 0.074191 0.033450
v 0.002891 0.037005 0.036210
v 0.007115 0.060883 0.021592
v 0.004074 0.068837 0.018201
v -0.016557 0.087878 0.014524
v 0.007115 0.060883 0.021592
v -0.017893 0.070747 0.030479
v -0.011931 0.055150 0.037127
v 0.004074 0.068837 0.018201
v -0.011931 0.055150 0.037127
v -0.032562 0.074191 0.033450
v -0.040937 0.094454 0.040097
v -0.022557 0.072919 0.039721
v -0.032562 0.074191 0.033450
v -0.016557 0.087878 0.014524
v -0.023870 0.109317 0.023083
v -0.040937 0.094454 0.040097
v -0.016557 0.087878 0.014524
v 0.004074 0.068837 0.018201
v -0.005490 0.087783 0.022707
v -0.023870 0.109317 0.023083
v 0.004074 0.068837 0.018201
v -0.011931 0.055150 0.037127
v -0.022557 0.072919 0.039721
v -0.005490 0.087783 0.022707
v -0.022557 0.072919 0.039721
v -0.040937 0.094454 0.040097
v -0.060903 0.103573 0.050821
v -0.042215 0.082302 0.050996
v -0.040937 0.094454 0.040097
v -0.023870 0.109317 0.023083
v -0.043591 0.118647 0.034245
v -0.060903 0.103573 0.050821
v -0.023870 0.109317 0.023083
v -0.005490 0.087783 0.022707
v -0.024903 0.097376 0.034420
v -0.043591 0.118647 0.034245
v -0.005490 0.087783 0.022707
v -0.022557 0.072919 0.039721
v -0.042215 0.082302 0.050996
v -0.024903 0.097376 0.034420
v -0.042215 0.082302 0.050996
v -0.060903 0.103573 0.050821
v -0.077617 0.109141 0.065026
v -0.058552 0.088228 0.065938
v -0.060903 0.103573 0.050821
v -0.043591 0.118647 0.034245
v -0.060034 0.124472 0.048980
v -0.077617 0.109141 0.065026
v -0.043591 0.118647 0.034245
v -0.024903 0.097376 0.034420
v -0.040968 0.103558 0.049891
v -0.060034 0.124472 0.048980
v -0.024903 0.097376 0.034420
v -0.042215 0.082302 0.050996
v -0.058552 0.088228 0.065938
v -0.040968 0.103558 0.049891
v -0.058552 0.088228 0.065938
v -0.077617 0.109141 0.065026
v -0.094504 0.115340 0.077369
v -0.075437 0.094428 0.078283
v -0.077617 0.109141 0.065026
v -0.060034 0.124472 0.048980
v -0.076700 0.130892 0.061784
v -0.094504 0.115340 0.077369
v -0.060034 0.124472 0.048980
v -0.040968 0.103558 0.049891
v -0.057633 0.109980 0.062699
v -0.076700 0.130892 0.061784
v -0.040968 0.103558 0.049891
v -0.058552 0.088228 0.065938
v -0.075437 0.094428 0.078283
v -0.057633 0.109980 0.062699
v -0.075437 0.094428 0.078283
v -0.094504 0.115340 0.077369
v -0.094504 0.115340 0.077369
v -0.075437 0.094428 0.078283
v -0.094504 0.115340 0.077369
v -0.076700 0.130892 0.061784
v -0.076700 0.130892 0.061784
v -0.094504 0.115340 0.077369
v -0.076700 0.130892 0.061784
v -0.057633 0.109980 0.062699
v -0.057633 0.109980 0.062699
v -0.076700 0.130892 0.061784
v -0.057633 0.109980 0.062699
v -0.075437 0.094428 0.078283
v -0.075437 0.094428 0.078283
v -0.057633 0.109980 0.062699
v 0.024506 -0.026856 0.144786
v 0.029428 0.000426 0.139027
v 0.041680 -0.003537 0.130721
v 0.036759 -0.030819 0.136480
v 0.029428 0.000426 0.139027
v 0.013151 -0.001511 0.115940
v 0.025403 -0.005474 0.107634
v 0.041680 -0.003537 0.130721
v 0.013151 -0.001511 0.115940
v 0.008229 -0.028793 0.121699
v 0.020482 -0.032756 0.113393
v 0.025403 -0.005474 0.107634
v 0.008229 -0.028793 0.121699
v 0.024506 -0.026856 0.144786
v 0.036759 -0.030819 0.136480
v 0.020482 -0.032756 0.113393
v 0.036759 -0.030819 0.136480
v 0.041680 -0.003537 0.130721
v 0.025403 -0.005474 0.107634
v 0.020482 -0.032756 0.113393
v -0.014294 -0.026793 0.046559
v -0.031170 -0.042964 0.030577
v -0.025086 -0.065354 0.046805
v -0.008209 -0.049184 0.062787
v 0.008229 -0.028793 0.121699
v 0.013151 -0.001511 0.115940
v -0.002496 -0.028327 0.110717
v 0.017162 -0.013484 0.124680
v 0.013151 -0.001511 0.115940
v 0.029428 0.000426 0.139027
v 0.000293 -0.049505 0.129302
v -0.002496 -0.028327 0.110717
v 0.029428 0.000426 0.139027
v 0.024506 -0.026856 0.144786
v 0.019951 -0.034663 0.143265
v 0.000293 -0.049505 0.129302
v 0.024506 -0.026856 0.144786
v 0.008229 -0.028793 0.121699
v 0.017162 -0.013484 0.124680
v 0.019951 -0.034663 0.143265
v 0.017162 -0.013484 0.124680
v -0.002496 -0.028327 0.110717
v -0.006275 -0.043965 0.094405
v 0.009332 -0.027420 0.111268
v -0.002496 -0.028327 0.110717
v 0.000293 -0.049505 0.129302
v -0.001575 -0.065946 0.111622
v -0.006275 -0.043965 0.094405
v 0.000293 -0.049505 0.129302
v 0.019951 -0.034663 0.143265
v 0.014032 -0.049401 0.128485
v -0.001575 -0.065946 0.111622
v 0.019951 -0.034663 0.143265
v 0.017162 -0.013484 0.124680
v 0.009332 -0.027420 0.111268
v 0.014032 -0.049401 0.128485
v 0.009332 -0.027420 0.111268
v -0.006275 -0.043965 0.094405
v -0.017312 -0.045703 0.072680
v -0.001151 -0.029320 0.089175
v -0.006275 -0.043965 0.094405
v -0.001575 -0.065946 0.111622
v -0.012172 -0.067814 0.089604
v -0.017312 -0.045703 0.072680
v -0.001575 -0.065946 0.111622
v 0.014032 -0.049401 0.128485
v 0.003990 -0.051430 0.106099
v -0.012172 -0.067814 0.089604
v 0.014032 -0.049401 0.128485
v 0.009332 -0.027420 0.111268
v -0.001151 -0.029320 0.089175
v 0.003990 -0.051430 0.106099
v -0.001151 -0.029320 0.089175
v -0.017312 -0.045703 0.072680
v -0.023654 -0.043802 0.051039
v -0.006781 -0.027631 0.067023
v -0.017312 -0.045703 0.072680
v -0.012172 -0.067814 0.089604
v -0.018002 -0.066065 0.067596
v -0.023654 -0.043802 0.051039
v -0.012172 -0.067814 0.089604
v 0.003990 -0.051430 0.106099
v -0.001129 -0.049894 0.083580
v -0.018002 -0.066065 0.067596
v 0.003990 -0.051430 0.106099
v -0.001151 -0.029320 0.089175
v -0.006781 -0.027631 0.067023
v -0.001129 -0.049894 0.083580
v -0.006781 -0.027631 0.067023
v -0.023654 -0.043802 0.051039
v -0.031170 -0.042964 0.030577
v -0.014294 -0.026793 0.046559
v -0.023654 -0.043802 0.051039
v -0.018002 -0.066065 0.067596
v -0.025086 -0.065354 0.046805
v -0.031170 -0.042964 0.030577
v -0.018002 -0.066065 0.067596
v -0.001129 -0.049894 0.083580
v -0.008209 -0.049184 0.062787
v -0.025086 -0.065354 0.046805
v -0.001129 -0.049894 0.083580
v -0.006781 -0.027631 0.067023
v -0.014294 -0.026793 0.046559
v -0.008209 -0.049184 0.062787
v -0.014294 -0.026793 0.046559
v -0.031170 -0.042964 0.030577
v -0.031170 -0.042964 0.030577
v -0.014294 -0.026793 0.046559
v -0.031170 -0.042964 0.030577
v -0.025086 -0.065354 0.046805
v -0.025086 -0.065354 0.046805
v -0.031170 -0.042964 0.030577
v -0.025086 -0.065354 0.046805
v -0.008209 -0.049184 0.062787
v -0.008209 -0.049184 0.062787
v -0.025086 -0.065354 0.046805
v -0.008209 -0.049184 0.062787
v -0.014294 -0.026793 0.046559
v -0.014294 -0.026793 0.046559
v -0.008209 -0.049184 0.062787
v -0.030310 -0.009505 0.022321
v -0.045402 0.014215 0.018961
v -0.032483 0.022091 0.016531
v -0.017391 -0.001630 0.019891
v -0.045402 0.014215 0.018961
v -0.047436 0.008990 -0.008792
v -0.034518 0.016865 -0.011222
v -0.032483 0.022091 0.016531
v -0.047436 0.008990 -0.008792
v -0.032344 -0.014731 -0.005432
v -0.019426 -0.006855 -0.007862
v -0.034518 0.016865 -0.011222
v -0.032344 -0.014731 -0.005432
v -0.030310 -0.009505 0.022321
v -0.017391 -0.001630 0.019891
v -0.019426 -0.006855 -0.007862
v -0.017391 -0.001630 0.019891
v -0.032483 0.022091 0.016531
v -0.034518 0.016865 -0.011222
v -0.019426 -0.006855 -0.007862
v -0.026036 -0.005856 -0.083142
v -0.020161 -0.023376 -0.104595
v -0.004806 -0.039567 -0.087166
v -0.010682 -0.022047 -0.065713
v -0.032344 -0.014731 -0.005432
v -0.047436 0.008990 -0.008792
v -0.036178 -0.018240 -0.019884
v -0.038771 0.000814 0.000900
v -0.047436 0.008990 -0.008792
v -0.045402 0.014215 0.018961
v -0.024439 -0.036486 -0.001691
v -0.036178 -0.018240 -0.019884
v -0.045402 0.014215 0.018961
v -0.030310 -0.009505 0.022321
v -0.027032 -0.017432 0.019092
v -0.024439 -0.036486 -0.001691
v -0.030310 -0.009505 0.022321
v -0.032344 -0.014731 -0.005432
v -0.038771 0.000814 0.000900
v -0.027032 -0.017432 0.019092
v -0.038771 0.000814 0.000900
v -0.036178 -0.018240 -0.019884
v -0.022438 -0.026617 -0.036190
v -0.029631 -0.009943 -0.014466
v -0.036178 -0.018240 -0.019884
v -0.024439 -0.036486 -0.001691
v -0.008528 -0.043741 -0.018442
v -0.022438 -0.026617 -0.036190
v -0.024439 -0.036486 -0.001691
v -0.027032 -0.017432 0.019092
v -0.015722 -0.027067 0.003282
v -0.008528 -0.043741 -0.018442
v -0.027032 -0.017432 0.019092
v -0.038771 0.000814 0.000900
v -0.029631 -0.009943 -0.014466
v -0.015722 -0.027067 0.003282
v -0.029631 -0.009943 -0.014466
v -0.022438 -0.026617 -0.036190
v -0.021748 -0.028641 -0.060526
v -0.028373 -0.011602 -0.038906
v -0.022438 -0.026617 -0.036190
v -0.008528 -0.043741 -0.018442
v -0.007386 -0.045474 -0.042860
v -0.021748 -0.028641 -0.060526
v -0.008528 -0.043741 -0.018442
v -0.015722 -0.027067 0.003282
v -0.014010 -0.028434 -0.021239
v -0.007386 -0.045474 -0.042860
v -0.015722 -0.027067 0.003282
v -0.029631 -0.009943 -0.014466
v -0.028373 -0.011602 -0.038906
v -0.014010 -0.028434 -0.021239
v -0.028373 -0.011602 -0.038906
v -0.021748 -0.028641 -0.060526
v -0.020804 -0.025079 -0.082855
v -0.026683 -0.007560 -0.061402
v -0.021748 -0.028641 -0.060526
v -0.007386 -0.045474 -0.042860
v -0.005906 -0.041567 -0.065309
v -0.020804 -0.025079 -0.082855
v -0.007386 -0.045474 -0.042860
v -0.014010 -0.028434 -0.021239
v -0.011785 -0.024049 -0.043855
v -0.005906 -0.041567 -0.065309
v -0.014010 -0.028434 -0.021239
v -0.028373 -0.011602 -0.038906
v -0.026683 -0.007560 -0.061402
v -0.011785 -0.024049 -0.043855
v -0.026683 -0.007560 -0.061402
v -0.020804 -0.025079 -0.082855
v -0.020161 -0.023376 -0.104595
v -0.026036 -0.005856 -0.083142
v -0.020804 -0.025079 -0.082855
v -0.005906 -0.041567 -0.065309
v -0.004806 -0.039567 -0.087166
v -0.020161 -0.023376 -0.104595
v -0.005906 -0.041567 -0.065309
v -0.011785 -0.024049 -0.043855
v -0.010682 -0.022047 -0.065713
v -0.004806 -0.039567 -0.087166
v -0.011785 -0.024049 -0.043855
v -0.026683 -0.007560 -0.061402
v -0.026036 -0.005856 -0.083142
v -0.010682 -0.022047 -0.065713
v -0.026036 -0.005856 -0.083142
v -0.020161 -0.023376 -0.104595
v -0.020161 -0.023376 -0.104595
v -0.026036 -0.005856 -0.083142
v -0.020161 -0.023376 -0.104595
v -0.004806 -0.039567 -0.087166
v -0.004806 -0.039567 -0.087166
v -0.020161 -0.023376 -0.104595
v -0.004806 -0.039567 -0.087166
v -0.010682 -0.022047 -0.065713
v -0.010682 -0.022047 -0.065713
v -0.004806 -0.039567 -0.087166
v -0.010682 -0.022047 -0.065713
v -0.026036 -0.005856 -0.083142
v -0.026036 -0.005856 -0.083142
v -0.010682 -0.022047 -0.065713
v 0.004038 0.009286 0.090288
v -0.005939 0.034513 0.082179
v 0.007014 0.037143 0.074425
v 0.016991 0.011917 0.082534
v -0.005939 0.034513 0.082179
v -0.017311 0.022610 0.059141
v -0.004358 0.025241 0.051388
v 0.007014 0.037143 0.074425
v -0.017311 0.022610 0.059141
v -0.007334 -0.002617 0.067250
v 0.005619 0.000014 0.059497
v -0.004358 0.025241 0.051388
v -0.007334 -0.002617 0.067250
v 0.004038 0.009286 0.090288
v 0.016991 0.011917 0.082534
v 0.005619 0.000014 0.059497
v 0.016991 0.011917 0.082534
v 0.007014 0.037143 0.074425
v -0.004358 0.025241 0.051388
v 0.005619 0.000014 0.059497
v -0.023003 -0.018102 -0.008063
v -0.027747 -0.041834 -0.022759
v -0.011678 -0.056345 -0.004514
v -0.006934 -0.032613 0.010183
v -0.007334 -0.002617 0.067250
v -0.017311 0.022610 0.059141
v -0.016001 -0.008701 0.056128
v -0.008081 0.015258 0.068970
v -0.017311 0.022610 0.059141
v -0.005939 0.034513 0.082179
v -0.003501 -0.023790 0.076568
v -0.016001 -0.008701 0.056128
v -0.005939 0.034513 0.082179
v 0.004038 0.009286 0.090288
v 0.004419 0.000170 0.089410
v -0.003501 -0.023790 0.076568
v 0.004038 0.009286 0.090288
v -0.007334 -0.002617 0.067250
v -0.008081 0.015258 0.068970
v 0.004419 0.000170 0.089410
v -0.008081 0.015258 0.068970
v -0.016001 -0.008701 0.056128
v -0.009935 -0.025016 0.041231
v -0.006514 -0.001585 0.056755
v -0.016001 -0.008701 0.056128
v -0.003501 -0.023790 0.076568
v 0.004688 -0.039855 0.060406
v -0.009935 -0.025016 0.041231
v -0.003501 -0.023790 0.076568
v 0.004419 0.000170 0.089410
v 0.008109 -0.016424 0.075930
v 0.004688 -0.039855 0.060406
v 0.004419 0.000170 0.089410
v -0.008081 0.015258 0.068970
v -0.006514 -0.001585 0.056755
v 0.008109 -0.016424 0.075930
v -0.006514 -0.001585 0.056755
v -0.009935 -0.025016 0.041231
v -0.017062 -0.033862 0.019602
v -0.013065 -0.010296 0.034782
v -0.009935 -0.025016 0.041231
v 0.004688 -0.039855 0.060406
v -0.001980 -0.048594 0.038503
v -0.017062 -0.033862 0.019602
v 0.004688 -0.039855 0.060406
v 0.008109 -0.016424 0.075930
v 0.002016 -0.025028 0.053682
v -0.001980 -0.048594 0.038503
v 0.008109 -0.016424 0.075930
v -0.006514 -0.001585 0.056755
v -0.013065 -0.010296 0.034782
v 0.002016 -0.025028 0.053682
v -0.013065 -0.010296 0.034782
v -0.017062 -0.033862 0.019602
v -0.022155 -0.037127 -0.002205
v -0.017414 -0.013395 0.012494
v -0.017062 -0.033862 0.019602
v -0.001980 -0.048594 0.038503
v -0.006539 -0.051739 0.016351
v -0.022155 -0.037127 -0.002205
v -0.001980 -0.048594 0.038503
v 0.002016 -0.025028 0.053682
v -0.001798 -0.028008 0.031049
v -0.006539 -0.051739 0.016351
v 0.002016 -0.025028 0.053682
v -0.013065 -0.010296 0.034782
v -0.017414 -0.013395 0.012494
v -0.001798 -0.028008 0.031049
v -0.017414 -0.013395 0.012494
v -0.022155 -0.037127 -0.002205
v -0.027747 -0.041834 -0.022759
v -0.023003 -0.018102 -0.008063
v -0.022155 -0.037127 -0.002205
v -0.006539 -0.051739 0.016351
v -0.011678 -0.056345 -0.004514
v -0.027747 -0.041834 -0.022759
v -0.006539 -0.051739 0.016351
v -0.001798 -0.028008 0.031049
v -0.006934 -0.032613 0.010183
v -0.011678 -0.056345 -0.004514
v -0.001798 -0.028008 0.031049
v -0.017414 -0.013395 0.012494
v -0.023003 -0.018102 -0.008063
v -0.006934 -0.032613 0.010183
v -0.023003 -0.018102 -0.008063
v -0.027747 -0.041834 -0.022759
v -0.027747 -0.041834 -0.022759
v -0.023003 -0.018102 -0.008063
v -0.027747 -0.041834 -0.022759
v -0.011678 -0.056345 -0.004514
v -0.011678 -0.056345 -0.004514
v -0.027747 -0.041834 -0.022759
v -0.011678 -0.056345 -0.004514
v -0.006934 -0.032613 0.010183
v -0.006934 -0.032613 0.010183
v -0.011678 -0.056345 -0.004514
v -0.006934 -0.032613 0.010183
v -0.023003 -0.018102 -0.008063
v -0.023003 -0.018102 -0.008063
v -0.006934 -0.032613 0.010183
v -0.040042 -0.007445 -0.007489
v -0.050737 0.014380 0.007037
v -0.036548 0.019224 0.010204
v -0.025854 -0.002601 -0.004322
v -0.050737 0.014380 0.007037
v -0.050817 0.030040 -0.016552
v -0.036629 0.034885 -0.013385
v -0.036548 0.019224 0.010204
v -0.050817 0.030040 -0.016552
v -0.040122 0.008216 -0.031078
v -0.025934 0.013060 -0.027911
v -0.036629 0.034885 -0.013385
v -0.040122 0.008216 -0.031078
v -0.040042 -0.007445 -0.007489
v -0.025854 -0.002601 -0.004322
v -0.025934 0.013060 -0.027911
v -0.025854 -0.002601 -0.004322
v -0.036548 0.019224 0.010204
v -0.036629 0.034885 -0.013385
v -0.025934 0.013060 -0.027911
v -0.024798 0.066455 -0.081385
v -0.019701 0.067670 -0.109210
v -0.008939 0.041493 -0.108382
v -0.014036 0.040278 -0.080557
v -0.040122 0.008216 -0.031078
v -0.050817 0.030040 -0.016552
v -0.043015 0.016324 -0.043796
v -0.044576 0.016046 -0.015526
v -0.050817 0.030040 -0.016552
v -0.050737 0.014380 0.007037
v -0.036209 -0.011160 -0.043691
v -0.043015 0.016324 -0.043796
v -0.050737 0.014380 0.007037
v -0.040042 -0.007445 -0.007489
v -0.037770 -0.011438 -0.015421
v -0.036209 -0.011160 -0.043691
v -0.040042 -0.007445 -0.007489
v -0.040122 0.008216 -0.031078
v -0.044576 0.016046 -0.015526
v -0.037770 -0.011438 -0.015421
v -0.044576 0.016046 -0.015526
v -0.043015 0.016324 -0.043796
v -0.029242 0.019029 -0.061904
v -0.035796 0.017273 -0.034414
v -0.043015 0.016324 -0.043796
v -0.036209 -0.011160 -0.043691
v -0.020081 -0.007758 -0.061431
v -0.029242 0.019029 -0.061904
v -0.036209 -0.011160 -0.043691
v -0.037770 -0.011438 -0.015421
v -0.026635 -0.009514 -0.033941
v -0.020081 -0.007758 -0.061431
v -0.037770 -0.011438 -0.015421
v -0.044576 0.016046 -0.015526
v -0.035796 0.017273 -0.034414
v -0.026635 -0.009514 -0.033941
v -0.035796 0.017273 -0.034414
v -0.029242 0.019029 -0.061904
v -0.026474 0.034112 -0.080921
v -0.032400 0.032581 -0.053276
v -0.029242 0.019029 -0.061904
v -0.020081 -0.007758 -0.061431
v -0.016814 0.007504 -0.080324
v -0.026474 0.034112 -0.080921
v -0.020081 -0.007758 -0.061431
v -0.026635 -0.009514 -0.033941
v -0.022740 0.005973 -0.052679
v -0.016814 0.007504 -0.080324
v -0.026635 -0.009514 -0.033941
v -0.035796 0.017273 -0.034414
v -0.032400 0.032581 -0.053276
v -0.022740 0.005973 -0.052679
v -0.032400 0.032581 -0.053276
v -0.026474 0.034112 -0.080921
v -0.022762 0.051722 -0.094643
v -0.027862 0.050505 -0.066818
v -0.026474 0.034112 -0.080921
v -0.016814 0.007504 -0.080324
v -0.012509 0.025339 -0.093917
v -0.022762 0.051722 -0.094643
v -0.016814 0.007504 -0.080324
v -0.022740 0.005973 -0.052679
v -0.017609 0.024122 -0.066092
v -0.012509 0.025339 -0.093917
v -0.022740 0.005973 -0.052679
v -0.032400 0.032581 -0.053276
v -0.027862 0.050505 -0.066818
v -0.017609 0.024122 -0.066092
v -0.027862 0.050505 -0.066818
v -0.022762 0.051722 -0.094643
v -0.019701 0.067670 -0.109210
v -0.024798 0.066455 -0.081385
v -0.022762 0.051722 -0.094643
v -0.012509 0.025339 -0.093917
v -0.008939 0.041493 -0.108382
v -0.019701 0.067670 -0.109210
v -0.012509 0.025339 -0.093917
v -0.017609 0.024122 -0.066092
v -0.014036 0.040278 -0.080557
v -0.008939 0.041493 -0.108382
v -0.017609 0.024122 -0.066092
v -0.027862 0.050505 -0.066818
v -0.024798 0.066455 -0.081385
v -0.014036 0.040278 -0.080557
v -0.024798 0.066455 -0.081385
v -0.019701 0.067670 -0.109210
v -0.019701 0.067670 -0.109210
v -0.024798 0.066455 -0.081385
v -0.019701 0.067670 -0.109210
v -0.008939 0.041493 -0.108382
v -0.008939 0.041493 -0.108382
v -0.019701 0.067670 -0.109210
v -0.008939 0.041493 -0.108382
v -0.014036 0.040278 -0.080557
v -0.014036 0.040278 -0.080557
v -0.008939 0.041493 -0.108382
v -0.014036 0.040278 -0.080557
v -0.024798 0.066455 -0.081385
v -0.024798 0.066455 -0.081385
v -0.014036 0.040278 -0.080557
v -0.032200 0.015256 -0.034278
v -0.034677 0.042475 -0.026885
v -0.019432 0.043564 -0.025785
v -0.016954 0.016344 -0.033178
v -0.034677 0.042475 -0.026885
v -0.033249 0.050009 -0.054141
v -0.018004 0.051097 -0.053041
v -0.019432 0.043564 -0.025785
v -0.033249 0.050009 -0.054141
v -0.030772 0.022789 -0.061535
v -0.015526 0.023878 -0.060435
v -0.018004 0.051097 -0.053041
v -0.030772 0.022789 -0.061535
v -0.032200 0.015256 -0.034278
v -0.016954 0.016344 -0.033178
v -0.015526 0.023878 -0.060435
v -0.016954 0.016344 -0.033178
v -0.019432 0.043564 -0.025785
v -0.018004 0.051097 -0.053041
v -0.015526 0.023878 -0.060435
v -0.006111 0.056857 -0.127781
v -0.004218 0.048480 -0.154761
v -0.001050 0.021673 -0.146216
v -0.002943 0.030049 -0.119236
v -0.030772 0.022789 -0.061535
v -0.033249 0.050009 -0.054141
v -0.032812 0.027396 -0.076042
v -0.031021 0.035698 -0.049032
v -0.033249 0.050009 -0.054141
v -0.034677 0.042475 -0.026885
v -0.033864 0.000369 -0.067665
v -0.032812 0.027396 -0.076042
v -0.034677 0.042475 -0.026885
v -0.032200 0.015256 -0.034278
v -0.032072 0.008672 -0.040654
v -0.033864 0.000369 -0.067665
v -0.032200 0.015256 -0.034278
v -0.030772 0.022789 -0.061535
v -0.031021 0.035698 -0.049032
v -0.032072 0.008672 -0.040654
v -0.031021 0.035698 -0.049032
v -0.032812 0.027396 -0.076042
v -0.021078 0.020570 -0.094498
v -0.024549 0.028793 -0.067628
v -0.032812 0.027396 -0.076042
v -0.033864 0.000369 -0.067665
v -0.019648 -0.006418 -0.086055
v -0.021078 0.020570 -0.094498
v -0.033864 0.000369 -0.067665
v -0.032072 0.008672 -0.040654
v -0.023118 0.001805 -0.059184
v -0.019648 -0.006418 -0.086055
v -0.032072 0.008672 -0.040654
v -0.031021 0.035698 -0.049032
v -0.024549 0.028793 -0.067628
v -0.023118 0.001805 -0.059184
v -0.024549 0.028793 -0.067628
v -0.021078 0.020570 -0.094498
v -0.016548 0.028038 -0.117314
v -0.019340 0.036322 -0.090383
v -0.021078 0.020570 -0.094498
v -0.019648 -0.006418 -0.086055
v -0.014577 0.001099 -0.108823
v -0.016548 0.028038 -0.117314
v -0.019648 -0.006418 -0.086055
v -0.023118 0.001805 -0.059184
v -0.017369 0.009383 -0.081892
v -0.014577 0.001099 -0.108823
v -0.023118 0.001805 -0.059184
v -0.024549 0.028793 -0.067628
v -0.019340 0.036322 -0.090383
v -0.017369 0.009383 -0.081892
v -0.019340 0.036322 -0.090383
v -0.016548 0.028038 -0.117314
v -0.009794 0.039039 -0.135902
v -0.011690 0.047415 -0.108921
v -0.016548 0.028038 -0.117314
v -0.014577 0.001099 -0.108823
v -0.007180 0.012166 -0.127375
v -0.009794 0.039039 -0.135902
v -0.014577 0.001099 -0.108823
v -0.017369 0.009383 -0.081892
v -0.009076 0.020542 -0.100395
v -0.007180 0.012166 -0.127375
v -0.017369 0.009383 -0.081892
v -0.019340 0.036322 -0.090383
v -0.011690 0.047415 -0.108921
v -0.009076 0.020542 -0.100395
v -0.011690 0.047415 -0.108921
v -0.009794 0.039039 -0.135902
v -0.004218 0.048480 -0.154761
v -0.006111 0.056857 -0.127781
v -0.009794 0.039039 -0.135902
v -0.007180 0.012166 -0.127375
v -0.001050 0.021673 -0.146216
v -0.004218 0.048480 -0.154761
v -0.007180 0.012166 -0.127375
v -0.009076 0.020542 -0.100395
v -0.002943 0.030049 -0.119236
v -0.001050 0.021673 -0.146216
v -0.009076 0.020542 -0.100395
v -0.011690 0.047415 -0.108921
v -0.006111 0.056857 -0.127781
v -0.002943 0.030049 -0.119236
v -0.006111 0.056857 -0.127781
v -0.004218 0.048480 -0.154761
v -0.004218 0.048480 -0.154761
v -0.006111 0.056857 -0.127781
v -0.004218 0.048480 -0.154761
v -0.001050 0.021673 -0.146216
v -0.001050 0.021673 -0.146216
v -0.004218 0.048480 -0.154761
v -0.001050 0.021673 -0.146216
v -0.002943 0.030049 -0.119236
v -0.002943 0.030049 -0.119236
v -0.001050 0.021673 -0.146216
v -0.002943 0.030049 -0.119236
v -0.006111 0.056857 -0.127781
v -0.006111 0.056857 -0.127781
v -0.002943 0.030049 -0.119236
v 0.011316 0.117356 0.076476
v 0.009250 0.132523 0.052657
v 0.023980 0.129658 0.049555
v 0.026046 0.114491 0.073374
v 0.009250 0.132523 0.052657
v 0.001726 0.109208 0.038463
v 0.016456 0.106343 0.035361
v 0.023980 0.129658 0.049555
v 0.001726 0.109208 0.038463
v 0.003792 0.094040 0.062283
v 0.018522 0.091175 0.059180
v 0.016456 0.106343 0.035361
v 0.003792 0.094040 0.062283
v 0.011316 0.117356 0.076476
v 0.026046 0.114491 0.073374
v 0.018522 0.091175 0.059180
v 0.026046 0.114491 0.073374
v 0.023980 0.129658 0.049555
v 0.016456 0.106343 0.035361
v 0.018522 0.091175 0.059180
v 0.004479 0.036009 0.009469
v -0.001365 0.008323 0.010490
v 0.006200 0.007733 0.037769
v 0.012044 0.035419 0.036748
v 0.003792 0.094040 0.062283
v 0.001726 0.109208 0.038463
v -0.002915 0.082567 0.054586
v 0.006441 0.109248 0.053078
v 0.001726 0.109208 0.038463
v 0.009250 0.132523 0.052657
v 0.000609 0.082919 0.082678
v -0.002915 0.082567 0.054586
v 0.009250 0.132523 0.052657
v 0.011316 0.117356 0.076476
v 0.009965 0.109600 0.081170
v 0.000609 0.082919 0.082678
v 0.011316 0.117356 0.076476
v 0.003792 0.094040 0.062283
v 0.006441 0.109248 0.053078
v 0.009965 0.109600 0.081170
v 0.006441 0.109248 0.053078
v -0.002915 0.082567 0.054586
v 0.003078 0.060454 0.054734
v 0.007401 0.088429 0.054074
v -0.002915 0.082567 0.054586
v 0.000609 0.082919 0.082678
v 0.008975 0.060196 0.082426
v 0.003078 0.060454 0.054734
v 0.000609 0.082919 0.082678
v 0.009965 0.109600 0.081170
v 0.013299 0.088170 0.081766
v 0.008975 0.060196 0.082426
v 0.009965 0.109600 0.081170
v 0.006441 0.109248 0.053078
v 0.007401 0.088429 0.054074
v 0.013299 0.088170 0.081766
v 0.007401 0.088429 0.054074
v 0.003078 0.060454 0.054734
v -0.000139 0.040351 0.041232
v 0.004843 0.068211 0.040424
v 0.003078 0.060454 0.054734
v 0.008975 0.060196 0.082426
v 0.006283 0.040002 0.068806
v -0.000139 0.040351 0.041232
v 0.008975 0.060196 0.082426
v 0.013299 0.088170 0.081766
v 0.011265 0.067863 0.067998
v 0.006283 0.040002 0.068806
v 0.013299 0.088170 0.081766
v 0.007401 0.088429 0.054074
v 0.004843 0.068211 0.040424
v 0.011265 0.067863 0.067998
v 0.004843 0.068211 0.040424
v -0.000139 0.040351 0.041232
v -0.000208 0.024521 0.025058
v 0.005633 0.052207 0.024038
v -0.000139 0.040351 0.041232
v 0.006283 0.040002 0.068806
v 0.006831 0.024047 0.052480
v -0.000208 0.024521 0.025058
v 0.006283 0.040002 0.068806
v 0.011265 0.067863 0.067998
v 0.012672 0.051733 0.051459
v 0.006831 0.024047 0.052480
v 0.011265 0.067863 0.067998
v 0.004843 0.068211 0.040424
v 0.005633 0.052207 0.024038
v 0.012672 0.051733 0.051459
v 0.005633 0.052207 0.024038
v -0.000208 0.024521 0.025058
v -0.001365 0.008323 0.010490
v 0.004479 0.036009 0.009469
v -0.000208 0.024521 0.025058
v 0.006831 0.024047 0.052480
v 0.006200 0.007733 0.037769
v -0.001365 0.008323 0.010490
v 0.006831 0.024047 0.052480
v 0.012672 0.051733 0.051459
v 0.012044 0.035419 0.036748
v 0.006200 0.007733 0.037769
v 0.012672 0.051733 0.051459
v 0.005633 0.052207 0.024038
v 0.004479 0.036009 0.009469
v 0.012044 0.035419 0.036748
v 0.004479 0.036009 0.009469
v -0.001365 0.008323 0.010490
v -0.001365 0.008323 0.010490
v 0.004479 0.036009 0.009469
v -0.001365 0.008323 0.010490
v 0.006200 0.007733 0.037769
v 0.006200 0.007733 0.037769
v -0.001365 0.008323 0.010490
v 0.006200 0.007733 0.037769
v 0.012044 0.035419 0.036748
v 0.012044 0.035419 0.036748
v 0.006200 0.007733 0.037769
v 0.012044 0.035419 0.036748
v 0.004479 0.036009 0.009469
v 0.004479 0.036009 0.009469
v 0.012044 0.035419 0.036748
v -0.006467 0.010738 0.063491
v 0.008874 -0.010312 0.052388
v 0.017897 -0.010269 0.064773
v 0.002556 0.010781 0.075876
v 0.008874 -0.010312 0.052388
v -0.008108 -0.029249 0.064825
v 0.000915 -0.029206 0.077211
v 0.017897 -0.010269 0.064773
v -0.008108 -0.029249 0.064825
v -0.023449 -0.008199 0.075928
v -0.014426 -0.008156 0.088314
v 0.000915 -0.029206 0.077211
v -0.023449 -0.008199 0.075928
v -0.006467 0.010738 0.063491
v 0.002556 0.010781 0.075876
v -0.014426 -0.008156 0.088314
v 0.002556 0.010781 0.075876
v 0.017897 -0.010269 0.064773
v 0.000915 -0.029206 0.077211
v -0.014426 -0.008156 0.088314
v -0.047605 -0.067565 0.121200
v -0.070555 -0.072163 0.137133
v -0.073248 -0.044287 0.141299
v -0.050298 -0.039689 0.125366
v -0.023449 -0.008199 0.075928
v -0.008108 -0.029249 0.064825
v -0.033671 -0.018906 0.080017
v -0.008856 -0.014103 0.067256
v -0.008108 -0.029249 0.064825
v 0.008874 -0.010312 0.052388
v -0.038724 0.008946 0.080675
v -0.033671 -0.018906 0.080017
v 0.008874 -0.010312 0.052388
v -0.006467 0.010738 0.063491
v -0.013909 0.013749 0.067914
v -0.038724 0.008946 0.080675
v -0.006467 0.010738 0.063491
v -0.023449 -0.008199 0.075928
v -0.008856 -0.014103 0.067256
v -0.013909 0.013749 0.067914
v -0.008856 -0.014103 0.067256
v -0.033671 -0.018906 0.080017
v -0.044507 -0.020719 0.100122
v -0.022504 -0.016086 0.082914
v -0.033671 -0.018906 0.080017
v -0.038724 0.008946 0.080675
v -0.048233 0.007214 0.102878
v -0.044507 -0.020719 0.100122
v -0.038724 0.008946 0.080675
v -0.013909 0.013749 0.067914
v -0.026230 0.011846 0.085669
v -0.048233 0.007214 0.102878
v -0.013909 0.013749 0.067914
v -0.008856 -0.014103 0.067256
v -0.022504 -0.016086 0.082914
v -0.026230 0.011846 0.085669
v -0.022504 -0.016086 0.082914
v -0.044507 -0.020719 0.100122
v -0.056559 -0.037493 0.113167
v -0.034141 -0.032865 0.096503
v -0.044507 -0.020719 0.100122
v -0.048233 0.007214 0.102878
v -0.059955 -0.009564 0.116356
v -0.056559 -0.037493 0.113167
v -0.048233 0.007214 0.102878
v -0.026230 0.011846 0.085669
v -0.037537 -0.004936 0.099691
v -0.059955 -0.009564 0.116356
v -0.026230 0.011846 0.085669
v -0.022504 -0.016086 0.082914
v -0.034141 -0.032865 0.096503
v -0.037537 -0.004936 0.099691
v -0.034141 -0.032865 0.096503
v -0.056559 -0.037493 0.113167
v -0.062840 -0.055443 0.125435
v -0.039892 -0.050845 0.109500
v -0.056559 -0.037493 0.113167
v -0.059955 -0.009564 0.116356
v -0.065855 -0.027536 0.129147
v -0.062840 -0.055443 0.125435
v -0.059955 -0.009564 0.116356
v -0.037537 -0.004936 0.099691
v -0.042907 -0.022937 0.113212
v -0.065855 -0.027536 0.129147
v -0.037537 -0.004936 0.099691
v -0.034141 -0.032865 0.096503
v -0.039892 -0.050845 0.109500
v -0.042907 -0.022937 0.113212
v -0.039892 -0.050845 0.109500
v -0.062840 -0.055443 0.125435
v -0.070555 -0.072163 0.137133
v -0.047605 -0.067565 0.121200
v -0.062840 -0.055443 0.125435
v -0.065855 -0.027536 0.129147
v -0.073248 -0.044287 0.141299
v -0.070555 -0.072163 0.137133
v -0.065855 -0.027536 0.129147
v -0.042907 -0.022937 0.113212
v -0.050298 -0.039689 0.125366
v -0.073248 -0.044287 0.141299
v -0.042907 -0.022937 0.113212
v -0.039892 -0.050845 0.109500
v -0.047605 -0.067565 0.121200
v -0.050298 -0.039689 0.125366
v -0.047605 -0.067565 0.121200
v -0.070555 -0.072163 0.137133
v -0.070555 -0.072163 0.137133
v -0.047605 -0.067565 0.121200
v -0.070555 -0.072163 0.137133
v -0.073248 -0.044287 0.141299
v -0.073248 -0.044287 0.141299
v -0.070555 -0.072163 0.137133
v -0.073248 -0.044287 0.141299
v -0.050298 -0.039689 0.125366
v -0.050298 -0.039689 0.125366
v -0.073248 -0.044287 0.141299
v -0.050298 -0.039689 0.125366
v -0.047605 -0.067565 0.121200
v -0.047605 -0.067565 0.121200
v -0.050298 -0.039689 0.125366
v 0.046976 0.090996 0.096437
v 0.053900 0.090350 0.068990
v 0.066525 0.082347 0.072364
v 0.059601 0.082993 0.099811
v 0.053900 0.090350 0.068990
v 0.039424 0.066213 0.065906
v 0.052049 0.058210 0.069279
v 0.066525 0.082347 0.072364
v 0.039424 0.066213 0.065906
v 0.032499 0.066858 0.093353
v 0.045124 0.058856 0.096726
v 0.052049 0.058210 0.069279
v 0.032499 0.066858 0.093353
v 0.046976 0.090996 0.096437
v 0.059601 0.082993 0.099811
v 0.045124 0.058856 0.096726
v 0.059601 0.082993 0.099811
v 0.066525 0.082347 0.072364
v 0.052049 0.058210 0.069279
v 0.045124 0.058856 0.096726
v 0.016166 -0.008191 0.077285
v -0.000289 -0.027826 0.089341
v 0.003189 -0.015298 0.114493
v 0.019645 0.004338 0.102437
v 0.032499 0.066858 0.093353
v 0.039424 0.066213 0.065906
v 0.022724 0.055410 0.090312
v 0.042032 0.073025 0.079420
v 0.039424 0.066213 0.065906
v 0.053900 0.090350 0.068990
v 0.022806 0.070236 0.114434
v 0.022724 0.055410 0.090312
v 0.053900 0.090350 0.068990
v 0.046976 0.090996 0.096437
v 0.042114 0.087851 0.103543
v 0.022806 0.070236 0.114434
v 0.046976 0.090996 0.096437
v 0.032499 0.066858 0.093353
v 0.042032 0.073025 0.079420
v 0.042114 0.087851 0.103543
v 0.042032 0.073025 0.079420
v 0.022724 0.055410 0.090312
v 0.019359 0.036439 0.102709
v 0.034504 0.056918 0.090342
v 0.022724 0.055410 0.090312
v 0.022806 0.070236 0.114434
v 0.021405 0.049914 0.127527
v 0.019359 0.036439 0.102709
v 0.022806 0.070236 0.114434
v 0.042114 0.087851 0.103543
v 0.036550 0.070393 0.115160
v 0.021405 0.049914 0.127527
v 0.042114 0.087851 0.103543
v 0.042032 0.073025 0.079420
v 0.034504 0.056918 0.090342
v 0.036550 0.070393 0.115160
v 0.034504 0.056918 0.090342
v 0.019359 0.036439 0.102709
v 0.010001 0.014033 0.100024
v 0.025716 0.034161 0.087794
v 0.019359 0.036439 0.102709
v 0.021405 0.049914 0.127527
v 0.012501 0.027228 0.124951
v 0.010001 0.014033 0.100024
v 0.021405 0.049914 0.127527
v 0.036550 0.070393 0.115160
v 0.028217 0.047356 0.112720
v 0.012501 0.027228 0.124951
v 0.036550 0.070393 0.115160
v 0.034504 0.056918 0.090342
v 0.025716 0.034161 0.087794
v 0.028217 0.047356 0.112720
v 0.025716 0.034161 0.087794
v 0.010001 0.014033 0.100024
v 0.005517 -0.007344 0.094103
v 0.021970 0.012293 0.082046
v 0.010001 0.014033 0.100024
v 0.012501 0.027228 0.124951
v 0.008547 0.005499 0.119154
v 0.005517 -0.007344 0.094103
v 0.012501 0.027228 0.124951
v 0.028217 0.047356 0.112720
v 0.025000 0.025136 0.107097
v 0.008547 0.005499 0.119154
v 0.028217 0.047356 0.112720
v 0.025716 0.034161 0.087794
v 0.021970 0.012293 0.082046
v 0.025000 0.025136 0.107097
v 0.021970 0.012293 0.082046
v 0.005517 -0.007344 0.094103
v -0.000289 -0.027826 0.089341
v 0.016166 -0.008191 0.077285
v 0.005517 -0.007344 0.094103
v 0.008547 0.005499 0.119154
v 0.003189 -0.015298 0.114493
v -0.000289 -0.027826 0.089341
v 0.008547 0.005499 0.119154
v 0.025000 0.025136 0.107097
v 0.019645 0.004338 0.102437
v 0.003189 -0.015298 0.114493
v 0.025000 0.025136 0.107097
v 0.021970 0.012293 0.082046
v 0.016166 -0.008191 0.077285
v 0.019645 0.004338 0.102437
v 0.016166 -0.008191 0.077285
v -0.000289 -0.027826 0.089341
v -0.000289 -0.027826 0.089341
v 0.016166 -0.008191 0.077285
v -0.000289 -0.027826 0.089341
v 0.003189 -0.015298 0.114493
v 0.003189 -0.015298 0.114493
v -0.000289 -0.027826 0.089341
v 0.003189 -0.015298 0.114493
v 0.019645 0.004338 0.102437
v 0.019645 0.004338 0.102437
v 0.003189 -0.015298 0.114493
v 0.019645 0.004338 0.102437
v 0.016166 -0.008191 0.077285
v 0.016166 -0.008191 0.077285
v 0.019645 0.004338 0.102437
v -0.002038 0.088238 -0.101149
v 0.006891 0.062844 -0.092368
v 0.014528 0.069504 -0.080873
v 0.005598 0.094898 -0.089654
v 0.006891 0.062844 -0.092368
v -0.015975 0.060521 -0.075832
v -0.008339 0.067182 -0.064337
v 0.014528 0.069504 -0.080873
v -0.015975 0.060521 -0.075832
v -0.024905 0.085915 -0.084613
v -0.017268 0.092576 -0.073118
v -0.008339 0.067182 -0.064337
v -0.024905 0.085915 -0.084613
v -0.002038 0.088238 -0.101149
v 0.005598 0.094898 -0.089654
v -0.017268 0.092576 -0.073118
v 0.005598 0.094898 -0.089654
v 0.014528 0.069504 -0.080873
v -0.008339 0.067182 -0.064337
v -0.017268 0.092576 -0.073118
v -0.069474 0.077565 -0.020573
v -0.093863 0.089017 -0.011870
v -0.088173 0.112432 -0.026738
v -0.063784 0.100981 -0.035440
v -0.024905 0.085915 -0.084613
v -0.015975 0.060521 -0.075832
v -0.038199 0.082751 -0.077606
v -0.012218 0.073225 -0.083601
v -0.015975 0.060521 -0.075832
v 0.006891 0.062844 -0.092368
v -0.034490 0.104236 -0.095671
v -0.038199 0.082751 -0.077606
v 0.006891 0.062844 -0.092368
v -0.002038 0.088238 -0.101149
v -0.008508 0.094710 -0.101666
v -0.034490 0.104236 -0.095671
v -0.002038 0.088238 -0.101149
v -0.024905 0.085915 -0.084613
v -0.012218 0.073225 -0.083601
v -0.008508 0.094710 -0.101666
v -0.012218 0.073225 -0.083601
v -0.038199 0.082751 -0.077606
v -0.050556 0.096809 -0.064393
v -0.026958 0.084703 -0.074308
v -0.038199 0.082751 -0.077606
v -0.034490 0.104236 -0.095671
v -0.045722 0.119511 -0.080609
v -0.050556 0.096809 -0.064393
v -0.034490 0.104236 -0.095671
v -0.008508 0.094710 -0.101666
v -0.022125 0.107405 -0.090524
v -0.045722 0.119511 -0.080609
v -0.008508 0.094710 -0.101666
v -0.012218 0.073225 -0.083601
v -0.026958 0.084703 -0.074308
v -0.022125 0.107405 -0.090524
v -0.026958 0.084703 -0.074308
v -0.050556 0.096809 -0.064393
v -0.068127 0.095564 -0.047466
v -0.044178 0.083741 -0.056867
v -0.050556 0.096809 -0.064393
v -0.045722 0.119511 -0.080609
v -0.063013 0.118492 -0.063273
v -0.068127 0.095564 -0.047466
v -0.045722 0.119511 -0.080609
v -0.022125 0.107405 -0.090524
v -0.039064 0.106669 -0.072674
v -0.063013 0.118492 -0.063273
v -0.022125 0.107405 -0.090524
v -0.026958 0.084703 -0.074308
v -0.044178 0.083741 -0.056867
v -0.039064 0.106669 -0.072674
v -0.044178 0.083741 -0.056867
v -0.068127 0.095564 -0.047466
v -0.080525 0.091906 -0.028890
v -0.056137 0.080453 -0.037595
v -0.068127 0.095564 -0.047466
v -0.063013 0.118492 -0.063273
v -0.075096 0.115100 -0.044197
v -0.080525 0.091906 -0.028890
v -0.063013 0.118492 -0.063273
v -0.039064 0.106669 -0.072674
v -0.050709 0.103647 -0.052902
v -0.075096 0.115100 -0.044197
v -0.039064 0.106669 -0.072674
v -0.044178 0.083741 -0.056867
v -0.056137 0.080453 -0.037595
v -0.050709 0.103647 -0.052902
v -0.056137 0.080453 -0.037595
v -0.080525 0.091906 -0.028890
v -0.093863 0.089017 -0.011870
v -0.069474 0.077565 -0.020573
v -0.080525 0.091906 -0.028890
v -0.075096 0.115100 -0.044197
v -0.088173 0.112432 -0.026738
v -0.093863 0.089017 -0.011870
v -0.075096 0.115100 -0.044197
v -0.050709 0.103647 -0.052902
v -0.063784 0.100981 -0.035440
v -0.088173 0.112432 -0.026738
v -0.050709 0.103647 -0.052902
v -0.056137 0.080453 -0.037595
v -0.069474 0.077565 -0.020573
v -0.063784 0.100981 -0.035440
v -0.069474 0.077565 -0.020573
v -0.093863 0.089017 -0.011870
v -0.093863 0.089017 -0.011870
v -0.069474 0.077565 -0.020573
v -0.093863 0.089017 -0.011870
v -0.088173 0.112432 -0.026738
v -0.088173 0.112432 -0.026738
v -0.093863 0.089017 -0.011870
v -0.088173 0.112432 -0.026738
v -0.063784 0.100981 -0.035440
v -0.063784 0.100981 -0.035440
v -0.088173 0.112432 -0.026738
v -0.063784 0.100981 -0.035440
v -0.069474 0.077565 -0.020573
v -0.069474 0.077565 -0.020573
v -0.063784 0.100981 -0.035440
v 0.009575 -0.021887 0.120085
v 0.010186 -0.002050 0.099891
v 0.024956 -0.005178 0.097265
v 0.024344 -0.025016 0.117459
v 0.010186 -0.002050 0.099891
v 0.002664 -0.021409 0.080646
v 0.017434 -0.024537 0.078020
v 0.024956 -0.005178 0.097265
v 0.002664 -0.021409 0.080646
v 0.002053 -0.041246 0.100840
v 0.016822 -0.044374 0.098214
v 0.017434 -0.024537 0.078020
v 0.002053 -0.041246 0.100840
v 0.009575 -0.021887 0.120085
v 0.024344 -0.025016 0.117459
v 0.016822 -0.044374 0.098214
v 0.024344 -0.025016 0.117459
v 0.024956 -0.005178 0.097265
v 0.017434 -0.024537 0.078020
v 0.016822 -0.044374 0.098214
v 0.004058 -0.087113 0.037204
v -0.003230 -0.113974 0.031999
v 0.002087 -0.120649 0.058997
v 0.009374 -0.093788 0.064202
v 0.002053 -0.041246 0.100840
v 0.002664 -0.021409 0.080646
v -0.004582 -0.050429 0.090472
v 0.006190 -0.024680 0.095231
v 0.002664 -0.021409 0.080646
v 0.010186 -0.002050 0.099891
v -0.003307 -0.056085 0.118186
v -0.004582 -0.050429 0.090472
v 0.010186 -0.002050 0.099891
v 0.009575 -0.021887 0.120085
v 0.007465 -0.030336 0.122946
v -0.003307 -0.056085 0.118186
v 0.009575 -0.021887 0.120085
v 0.002053 -0.041246 0.100840
v 0.006190 -0.024680 0.095231
v 0.007465 -0.030336 0.122946
v 0.006190 -0.024680 0.095231
v -0.004582 -0.050429 0.090472
v 0.000263 -0.072445 0.086387
v 0.006022 -0.045277 0.091902
v -0.004582 -0.050429 0.090472
v -0.003307 -0.056085 0.118186
v 0.003903 -0.078771 0.113744
v 0.000263 -0.072445 0.086387
v -0.003307 -0.056085 0.118186
v 0.007465 -0.030336 0.122946
v 0.009662 -0.051603 0.119260
v 0.003903 -0.078771 0.113744
v 0.007465 -0.030336 0.122946
v 0.006190 -0.024680 0.095231
v 0.006022 -0.045277 0.091902
v 0.009662 -0.051603 0.119260
v 0.006022 -0.045277 0.091902
v 0.000263 -0.072445 0.086387
v -0.002866 -0.089093 0.068782
v 0.003555 -0.062048 0.074175
v 0.000263 -0.072445 0.086387
v 0.003903 -0.078771 0.113744
v 0.001301 -0.095517 0.096042
v -0.002866 -0.089093 0.068782
v 0.003903 -0.078771 0.113744
v 0.009662 -0.051603 0.119260
v 0.007722 -0.068473 0.101434
v 0.001301 -0.095517 0.096042
v 0.009662 -0.051603 0.119260
v 0.006022 -0.045277 0.091902
v 0.003555 -0.062048 0.074175
v 0.007722 -0.068473 0.101434
v 0.003555 -0.062048 0.074175
v -0.002866 -0.089093 0.068782
v -0.002432 -0.101225 0.049683
v 0.004852 -0.074363 0.054890
v -0.002866 -0.089093 0.068782
v 0.001301 -0.095517 0.096042
v 0.002354 -0.107781 0.076809
v -0.002432 -0.101225 0.049683
v 0.001301 -0.095517 0.096042
v 0.007722 -0.068473 0.101434
v 0.009639 -0.080919 0.082015
v 0.002354 -0.107781 0.076809
v 0.007722 -0.068473 0.101434
v 0.003555 -0.062048 0.074175
v 0.004852 -0.074363 0.054890
v 0.009639 -0.080919 0.082015
v 0.004852 -0.074363 0.054890
v -0.002432 -0.101225 0.049683
v -0.003230 -0.113974 0.031999
v 0.004058 -0.087113 0.037204
v -0.002432 -0.101225 0.049683
v 0.002354 -0.107781 0.076809
v 0.002087 -0.120649 0.058997
v -0.003230 -0.113974 0.031999
v 0.002354 -0.107781 0.076809
v 0.009639 -0.080919 0.082015
v 0.009374 -0.093788 0.064202
v 0.002087 -0.120649 0.058997
v 0.009639 -0.080919 0.082015
v 0.004852 -0.074363 0.054890
v 0.004058 -0.087113 0.037204
v 0.009374 -0.093788 0.064202
v 0.004058 -0.087113 0.037204
v -0.003230 -0.113974 0.031999
v -0.003230 -0.113974 0.031999
v 0.004058 -0.087113 0.037204
v -0.003230 -0.113974 0.031999
v 0.002087 -0.120649 0.058997
v 0.002087 -0.120649 0.058997
v -0.003230 -0.113974 0.031999
v 0.002087 -0.120649 0.058997
v 0.009374 -0.093788 0.064202
v 0.009374 -0.093788 0.064202
v 0.002087 -0.120649 0.058997
v 0.009374 -0.093788 0.064202
v 0.004058 -0.087113 0.037204
v 0.004058 -0.087113 0.037204
v 0.009374 -0.093788 0.064202
v 0.028201 0.039974 -0.016716
v 0.035340 0.042499 -0.043999
v 0.046274 0.031929 -0.042116
v 0.039135 0.029404 -0.014833
v 0.035340 0.042499 -0.043999
v 0.016831 0.022155 -0.050725
v 0.027765 0.011585 -0.048842
v 0.046274 0.031929 -0.042116
v 0.016831 0.022155 -0.050725
v 0.009693 0.019629 -0.023442
v 0.020627 0.009060 -0.021559
v 0.027765 0.011585 -0.048842
v 0.009693 0.019629 -0.023442
v 0.028201 0.039974 -0.016716
v 0.039135 0.029404 -0.014833
v 0.020627 0.009060 -0.021559
v 0.039135 0.029404 -0.014833
v 0.046274 0.031929 -0.042116
v 0.027765 0.011585 -0.048842
v 0.020627 0.009060 -0.021559
v -0.019539 -0.047726 -0.051121
v -0.039433 -0.065769 -0.042156
v -0.034175 -0.058256 -0.015367
v -0.014281 -0.040213 -0.024333
v 0.009693 0.019629 -0.023442
v 0.016831 0.022155 -0.050725
v -0.001922 0.010754 -0.028151
v 0.020398 0.026138 -0.036328
v 0.016831 0.022155 -0.050725
v 0.035340 0.042499 -0.043999
v 0.000421 0.021271 -0.001967
v -0.001922 0.010754 -0.028151
v 0.035340 0.042499 -0.043999
v 0.028201 0.039974 -0.016716
v 0.022742 0.036655 -0.010144
v 0.000421 0.021271 -0.001967
v 0.028201 0.039974 -0.016716
v 0.009693 0.019629 -0.023442
v 0.020398 0.026138 -0.036328
v 0.022742 0.036655 -0.010144
v 0.020398 0.026138 -0.036328
v -0.001922 0.010754 -0.028151
v -0.008825 -0.009043 -0.018914
v 0.009936 0.010103 -0.028033
v -0.001922 0.010754 -0.028151
v 0.000421 0.021271 -0.001967
v -0.004803 -0.000301 0.007715
v -0.008825 -0.009043 -0.018914
v 0.000421 0.021271 -0.001967
v 0.022742 0.036655 -0.010144
v 0.013958 0.018845 -0.001404
v -0.004803 -0.000301 0.007715
v 0.022742 0.036655 -0.010144
v 0.020398 0.026138 -0.036328
v 0.009936 0.010103 -0.028033
v 0.013958 0.018845 -0.001404
v 0.009936 0.010103 -0.028033
v -0.008825 -0.009043 -0.018914
v -0.021996 -0.028687 -0.025034
v -0.002738 -0.010006 -0.034083
v -0.008825 -0.009043 -0.018914
v -0.004803 -0.000301 0.007715
v -0.017578 -0.020316 0.001651
v -0.021996 -0.028687 -0.025034
v -0.004803 -0.000301 0.007715
v 0.013958 0.018845 -0.001404
v 0.001680 -0.001635 -0.007398
v -0.017578 -0.020316 0.001651
v 0.013958 0.018845 -0.001404
v 0.009936 0.010103 -0.028033
v -0.002738 -0.010006 -0.034083
v 0.001680 -0.001635 -0.007398
v -0.002738 -0.010006 -0.034083
v -0.021996 -0.028687 -0.025034
v -0.030134 -0.047688 -0.034247
v -0.010242 -0.029643 -0.043213
v -0.021996 -0.028687 -0.025034
v -0.017578 -0.020316 0.001651
v -0.025261 -0.039773 -0.007502
v -0.030134 -0.047688 -0.034247
v -0.017578 -0.020316 0.001651
v 0.001680 -0.001635 -0.007398
v -0.005369 -0.021728 -0.016468
v -0.025261 -0.039773 -0.007502
v 0.001680 -0.001635 -0.007398
v -0.002738 -0.010006 -0.034083
v -0.010242 -0.029643 -0.043213
v -0.005369 -0.021728 -0.016468
v -0.010242 -0.029643 -0.043213
v -0.030134 -0.047688 -0.034247
v -0.039433 -0.065769 -0.042156
v -0.019539 -0.047726 -0.051121
v -0.030134 -0.047688 -0.034247
v -0.025261 -0.039773 -0.007502
v -0.034175 -0.058256 -0.015367
v -0.039433 -0.065769 -0.042156
v -0.025261 -0.039773 -0.007502
v -0.005369 -0.021728 -0.016468
v -0.014281 -0.040213 -0.024333
v -0.034175 -0.058256 -0.015367
v -0.005369 -0.021728 -0.016468
v -0.010242 -0.029643 -0.043213
v -0.019539 -0.047726 -0.051121
v -0.014281 -0.040213 -0.024333
v -0.019539 -0.047726 -0.051121
v -0.039433 -0.065769 -0.042156
v -0.039433 -0.065769 -0.042156
v -0.019539 -0.047726 -0.051121
v -0.039433 -0.065769 -0.042156
v -0.034175 -0.058256 -0.015367
v -0.034175 -0.058256 -0.015367
v -0.039433 -0.065769 -0.042156
v -0.034175 -0.058256 -0.015367
v -0.014281 -0.040213 -0.024333
v -0.014281 -0.040213 -0.024333
v -0.034175 -0.058256 -0.015367
v -0.014281 -0.040213 -0.024333
v -0.019539 -0.047726 -0.051121
v -0.019539 -0.047726 -0.051121
v -0.014281 -0.040213 -0.024333
v 0.028078 -0.000126 0.053748
v 0.038675 -0.002664 0.027614
v 0.046730 -0.014915 0.032070
v 0.036133 -0.012377 0.058204
v 0.038675 -0.002664 0.027614
v 0.017044 -0.019482 0.020477
v 0.025099 -0.031733 0.024933
v 0.046730 -0.014915 0.032070
v 0.017044 -0.019482 0.020477
v 0.006447 -0.016944 0.046611
v 0.014502 -0.029195 0.051067
v 0.025099 -0.031733 0.024933
v 0.006447 -0.016944 0.046611
v 0.028078 -0.000126 0.053748
v 0.036133 -0.012377 0.058204
v 0.014502 -0.029195 0.051067
v 0.036133 -0.012377 0.058204
v 0.046730 -0.014915 0.032070
v 0.025099 -0.031733 0.024933
v 0.014502 -0.029195 0.051067
v -0.033501 -0.079887 0.022123
v -0.057766 -0.092161 0.030013
v -0.054091 -0.082485 0.056367
v -0.029825 -0.070212 0.048477
v 0.006447 -0.016944 0.046611
v 0.017044 -0.019482 0.020477
v -0.006215 -0.023786 0.041254
v 0.019725 -0.014488 0.034750
v 0.017044 -0.019482 0.020477
v 0.038675 -0.002664 0.027614
v -0.004634 -0.010678 0.066301
v -0.006215 -0.023786 0.041254
v 0.038675 -0.002664 0.027614
v 0.028078 -0.000126 0.053748
v 0.021307 -0.001379 0.059797
v -0.004634 -0.010678 0.066301
v 0.028078 -0.000126 0.053748
v 0.006447 -0.016944 0.046611
v 0.019725 -0.014488 0.034750
v 0.021307 -0.001379 0.059797
v 0.019725 -0.014488 0.034750
v -0.006215 -0.023786 0.041254
v -0.018312 -0.040386 0.051404
v 0.005116 -0.026830 0.043091
v -0.006215 -0.023786 0.041254
v -0.004634 -0.010678 0.066301
v -0.015545 -0.029286 0.077304
v -0.018312 -0.040386 0.051404
v -0.004634 -0.010678 0.066301
v 0.021307 -0.001379 0.059797
v 0.007883 -0.015730 0.068992
v -0.015545 -0.029286 0.077304
v 0.021307 -0.001379 0.059797
v 0.019725 -0.014488 0.034750
v 0.005116 -0.026830 0.043091
v 0.007883 -0.015730 0.068992
v 0.005116 -0.026830 0.043091
v -0.018312 -0.040386 0.051404
v -0.034687 -0.057540 0.045537
v -0.010889 -0.044528 0.037411
v -0.018312 -0.040386 0.051404
v -0.015545 -0.029286 0.077304
v -0.031624 -0.046873 0.071586
v -0.034687 -0.057540 0.045537
v -0.015545 -0.029286 0.077304
v 0.007883 -0.015730 0.068992
v -0.007826 -0.033861 0.063459
v -0.031624 -0.046873 0.071586
v 0.007883 -0.015730 0.068992
v 0.005116 -0.026830 0.043091
v -0.010889 -0.044528 0.037411
v -0.007826 -0.033861 0.063459
v -0.010889 -0.044528 0.037411
v -0.034687 -0.057540 0.045537
v -0.045691 -0.075500 0.037260
v -0.021427 -0.063224 0.029369
v -0.034687 -0.057540 0.045537
v -0.031624 -0.046873 0.071586
v -0.042294 -0.065361 0.063478
v -0.045691 -0.075500 0.037260
v -0.031624 -0.046873 0.071586
v -0.007826 -0.033861 0.063459
v -0.018031 -0.053085 0.055587
v -0.042294 -0.065361 0.063478
v -0.007826 -0.033861 0.063459
v -0.010889 -0.044528 0.037411
v -0.021427 -0.063224 0.029369
v -0.018031 -0.053085 0.055587
v -0.021427 -0.063224 0.029369
v -0.045691 -0.075500 0.037260
v -0.057766 -0.092161 0.030013
v -0.033501 -0.079887 0.022123
v -0.045691 -0.075500 0.037260
v -0.042294 -0.065361 0.063478
v -0.054091 -0.082485 0.056367
v -0.057766 -0.092161 0.030013
v -0.042294 -0.065361 0.063478
v -0.018031 -0.053085 0.055587
v -0.029825 -0.070212 0.048477
v -0.054091 -0.082485 0.056367
v -0.018031 -0.053085 0.055587
v -0.021427 -0.063224 0.029369
v -0.033501 -0.079887 0.022123
v -0.029825 -0.070212 0.048477
v -0.033501 -0.079887 0.022123
v -0.057766 -0.092161 0.030013
v -0.057766 -0.092161 0.030013
v -0.033501 -0.079887 0.022123
v -0.057766 -0.092161 0.030013
v -0.054091 -0.082485 0.056367
v -0.054091 -0.082485 0.056367
v -0.057766 -0.092161 0.030013
v -0.054091 -0.082485 0.056367
v -0.029825 -0.070212 0.048477
v -0.029825 -0.070212 0.048477
v -0.054091 -0.082485 0.056367
v -0.029825 -0.070212 0.048477
v -0.033501 -0.079887 0.022123
v -0.033501 -0.079887 0.022123
v -0.029825 -0.070212 0.048477
v 0.065842 0.025970 0.015265
v 0.073744 0.012918 -0.008587
v 0.076120 -0.000017 -0.000722
v 0.068219 0.013035 0.023130
v 0.073744 0.012918 -0.008587
v 0.046912 0.005163 -0.013233
v 0.049288 -0.007771 -0.005368
v 0.076120 -0.000017 -0.000722
v 0.046912 0.005163 -0.013233
v 0.039010 0.018215 0.010619
v 0.041386 0.005280 0.018484
v 0.049288 -0.007771 -0.005368
v 0.039010 0.018215 0.010619
v 0.065842 0.025970 0.015265
v 0.068219 0.013035 0.023130
v 0.041386 0.005280 0.018484
v 0.068219 0.013035 0.023130
v 0.076120 -0.000017 -0.000722
v 0.049288 -0.007771 -0.005368
v 0.041386 0.005280 0.018484
v -0.024040 -0.026941 -0.001340
v -0.050991 -0.025887 0.007273
v -0.042947 -0.012316 0.030785
v -0.015995 -0.013370 0.022172
v 0.039010 0.018215 0.010619
v 0.046912 0.005163 -0.013233
v 0.024514 0.016022 0.006045
v 0.051796 0.012017 -0.000386
v 0.046912 0.005163 -0.013233
v 0.073744 0.012918 -0.008587
v 0.032040 0.033136 0.027309
v 0.024514 0.016022 0.006045
v 0.073744 0.012918 -0.008587
v 0.065842 0.025970 0.015265
v 0.059322 0.029131 0.020878
v 0.032040 0.033136 0.027309
v 0.065842 0.025970 0.015265
v 0.039010 0.018215 0.010619
v 0.051796 0.012017 -0.000386
v 0.059322 0.029131 0.020878
v 0.051796 0.012017 -0.000386
v 0.024514 0.016022 0.006045
v 0.006904 0.008884 0.018846
v 0.033613 0.009193 0.009452
v 0.024514 0.016022 0.006045
v 0.032040 0.033136 0.027309
v 0.014700 0.023963 0.041507
v 0.006904 0.008884 0.018846
v 0.032040 0.033136 0.027309
v 0.059322 0.029131 0.020878
v 0.041409 0.024272 0.032113
v 0.014700 0.023963 0.041507
v 0.059322 0.029131 0.020878
v 0.051796 0.012017 -0.000386
v 0.033613 0.009193 0.009452
v 0.041409 0.024272 0.032113
v 0.033613 0.009193 0.009452
v 0.006904 0.008884 0.018846
v -0.015251 -0.000988 0.015929
v 0.011575 -0.001262 0.006874
v 0.006904 0.008884 0.018846
v 0.014700 0.023963 0.041507
v -0.007362 0.013628 0.038860
v -0.015251 -0.000988 0.015929
v 0.014700 0.023963 0.041507
v 0.041409 0.024272 0.032113
v 0.019464 0.013354 0.029806
v -0.007362 0.013628 0.038860
v 0.041409 0.024272 0.032113
v 0.033613 0.009193 0.009452
v 0.011575 -0.001262 0.006874
v 0.019464 0.013354 0.029806
v 0.011575 -0.001262 0.006874
v -0.015251 -0.000988 0.015929
v -0.032916 -0.014355 0.011299
v -0.005965 -0.015406 0.002685
v -0.015251 -0.000988 0.015929
v -0.007362 0.013628 0.038860
v -0.024937 -0.000297 0.034546
v -0.032916 -0.014355 0.011299
v -0.007362 0.013628 0.038860
v 0.019464 0.013354 0.029806
v 0.002014 -0.001349 0.025932
v -0.024937 -0.000297 0.034546
v 0.019464 0.013354 0.029806
v 0.011575 -0.001262 0.006874
v -0.005965 -0.015406 0.002685
v 0.002014 -0.001349 0.025932
v -0.005965 -0.015406 0.002685
v -0.032916 -0.014355 0.011299
v -0.050991 -0.025887 0.007273
v -0.024040 -0.026941 -0.001340
v -0.032916 -0.014355 0.011299
v -0.024937 -0.000297 0.034546
v -0.042947 -0.012316 0.030785
v -0.050991 -0.025887 0.007273
v -0.024937 -0.000297 0.034546
v 0.002014 -0.001349 0.025932
v -0.015995 -0.013370 0.022172
v -0.042947 -0.012316 0.030785
v 0.002014 -0.001349 0.025932
v -0.005965 -0.015406 0.002685
v -0.024040 -0.026941 -0.001340
v -0.015995 -0.013370 0.022172
v -0.024040 -0.026941 -0.001340
v -0.050991 -0.025887 0.007273
v -0.050991 -0.025887 0.007273
v -0.024040 -0.026941 -0.001340
v -0.050991 -0.025887 0.007273
v -0.042947 -0.012316 0.030785
v -0.042947 -0.012316 0.030785
v -0.050991 -0.025887 0.007273
v -0.042947 -0.012316 0.030785
v -0.015995 -0.013370 0.022172
v -0.015995 -0.013370 0.022172
v -0.042947 -0.012316 0.030785
v -0.015995 -0.013370 0.022172
v -0.024040 -0.026941 -0.001340
v -0.024040 -0.026941 -0.001340
v -0.015995 -0.013370 0.022172
v 0.051990 0.107476 -0.037044
v 0.056262 0.093362 -0.061216
v 0.061356 0.081292 -0.053268
v 0.057084 0.095405 -0.029096
v 0.056262 0.093362 -0.061216
v 0.029901 0.083111 -0.059889
v 0.034995 0.071041 -0.051941
v 0.061356 0.081292 -0.053268
v 0.029901 0.083111 -0.059889
v 0.025630 0.097225 -0.035717
v 0.030724 0.085155 -0.027769
v 0.034995 0.071041 -0.051941
v 0.025630 0.097225 -0.035717
v 0.051990 0.107476 -0.037044
v 0.057084 0.095405 -0.029096
v 0.030724 0.085155 -0.027769
v 0.057084 0.095405 -0.029096
v 0.061356 0.081292 -0.053268
v 0.034995 0.071041 -0.051941
v 0.030724 0.085155 -0.027769
v -0.033951 0.046291 -0.032079
v -0.058663 0.045780 -0.018268
v -0.047488 0.061689 0.002317
v -0.022776 0.062200 -0.011494
v 0.025630 0.097225 -0.035717
v 0.029901 0.083111 -0.059889
v 0.010794 0.093516 -0.037132
v 0.036538 0.091285 -0.048708
v 0.029901 0.083111 -0.059889
v 0.056262 0.093362 -0.061216
v 0.020684 0.112735 -0.018843
v 0.010794 0.093516 -0.037132
v 0.056262 0.093362 -0.061216
v 0.051990 0.107476 -0.037044
v 0.046427 0.110505 -0.030419
v 0.020684 0.112735 -0.018843
v 0.051990 0.107476 -0.037044
v 0.025630 0.097225 -0.035717
v 0.036538 0.091285 -0.048708
v 0.046427 0.110505 -0.030419
v 0.036538 0.091285 -0.048708
v 0.010794 0.093516 -0.037132
v -0.003199 0.085941 -0.020649
v 0.020993 0.087729 -0.035251
v 0.010794 0.093516 -0.037132
v 0.020684 0.112735 -0.018843
v 0.007422 0.103265 -0.000931
v -0.003199 0.085941 -0.020649
v 0.020684 0.112735 -0.018843
v 0.046427 0.110505 -0.030419
v 0.031614 0.105053 -0.015534
v 0.007422 0.103265 -0.000931
v 0.046427 0.110505 -0.030419
v 0.036538 0.091285 -0.048708
v 0.020993 0.087729 -0.035251
v 0.031614 0.105053 -0.015534
v 0.020993 0.087729 -0.035251
v -0.003199 0.085941 -0.020649
v -0.024454 0.074098 -0.018456
v -0.000025 0.075342 -0.032717
v -0.003199 0.085941 -0.020649
v 0.007422 0.103265 -0.000931
v -0.013644 0.090989 0.001533
v -0.024454 0.074098 -0.018456
v 0.007422 0.103265 -0.000931
v 0.031614 0.105053 -0.015534
v 0.010784 0.092233 -0.012729
v -0.013644 0.090989 0.001533
v 0.031614 0.105053 -0.015534
v 0.020993 0.087729 -0.035251
v -0.000025 0.075342 -0.032717
v 0.010784 0.092233 -0.012729
v -0.000025 0.075342 -0.032717
v -0.024454 0.074098 -0.018456
v -0.041330 0.059022 -0.018645
v -0.016619 0.059536 -0.032458
v -0.024454 0.074098 -0.018456
v -0.013644 0.090989 0.001533
v -0.030318 0.075389 0.001666
v -0.041330 0.059022 -0.018645
v -0.013644 0.090989 0.001533
v 0.010784 0.092233 -0.012729
v -0.005607 0.075903 -0.012147
v -0.030318 0.075389 0.001666
v 0.010784 0.092233 -0.012729
v -0.000025 0.075342 -0.032717
v -0.016619 0.059536 -0.032458
v -0.005607 0.075903 -0.012147
v -0.016619 0.059536 -0.032458
v -0.041330 0.059022 -0.018645
v -0.058663 0.045780 -0.018268
v -0.033951 0.046291 -0.032079
v -0.041330 0.059022 -0.018645
v -0.030318 0.075389 0.001666
v -0.047488 0.061689 0.002317
v -0.058663 0.045780 -0.018268
v -0.030318 0.075389 0.001666
v -0.005607 0.075903 -0.012147
v -0.022776 0.062200 -0.011494
v -0.047488 0.061689 0.002317
v -0.005607 0.075903 -0.012147
v -0.016619 0.059536 -0.032458
v -0.033951 0.046291 -0.032079
v -0.022776 0.062200 -0.011494
v -0.033951 0.046291 -0.032079
v -0.058663 0.045780 -0.018268
v -0.058663 0.045780 -0.018268
v -0.033951 0.046291 -0.032079
v -0.058663 0.045780 -0.018268
v -0.047488 0.061689 0.002317
v -0.047488 0.061689 0.002317
v -0.058663 0.045780 -0.018268
v -0.047488 0.061689 0.002317
v -0.022776 0.062200 -0.011494
v -0.022776 0.062200 -0.011494
v -0.047488 0.061689 0.002317
v -0.022776 0.062200 -0.011494
v -0.033951 0.046291 -0.032079
v -0.033951 0.046291 -0.032079
v -0.022776 0.062200 -0.011494
v 0.022842 0.099540 -0.073356
v 0.028497 0.090919 -0.099727
v 0.036079 0.078828 -0.094148
v 0.030425 0.087448 -0.067777
v 0.028497 0.090919 -0.099727
v 0.004551 0.075812 -0.099923
v 0.012133 0.063721 -0.094344
v 0.036079 0.078828 -0.094148
v 0.004551 0.075812 -0.099923
v -0.001104 0.084432 -0.073552
v 0.006478 0.072341 -0.067974
v 0.012133 0.063721 -0.094344
v -0.001104 0.084432 -0.073552
v 0.022842 0.099540 -0.073356
v 0.030425 0.087448 -0.067777
v 0.006478 0.072341 -0.067974
v 0.030425 0.087448 -0.067777
v 0.036079 0.078828 -0.094148
v 0.012133 0.063721 -0.094344
v 0.006478 0.072341 -0.067974
v -0.050115 0.023341 -0.078365
v -0.073646 0.015781 -0.064551
v -0.064628 0.029673 -0.041586
v -0.041097 0.037234 -0.055401
v -0.001104 0.084432 -0.073552
v 0.004551 0.075812 -0.099923
v -0.015059 0.078298 -0.075418
v 0.010090 0.083013 -0.087541
v 0.004551 0.075812 -0.099923
v 0.028497 0.090919 -0.099727
v -0.008016 0.095548 -0.054098
v -0.015059 0.078298 -0.075418
v 0.028497 0.090919 -0.099727
v 0.022842 0.099540 -0.073356
v 0.017133 0.100263 -0.066222
v -0.008016 0.095548 -0.054098
v 0.022842 0.099540 -0.073356
v -0.001104 0.084432 -0.073552
v 0.010090 0.083013 -0.087541
v 0.017133 0.100263 -0.066222
v 0.010090 0.083013 -0.087541
v -0.015059 0.078298 -0.075418
v -0.026646 0.065465 -0.060386
v -0.003897 0.074299 -0.074743
v -0.015059 0.078298 -0.075418
v -0.008016 0.095548 -0.054098
v -0.018471 0.080772 -0.038013
v -0.026646 0.065465 -0.060386
v -0.008016 0.095548 -0.054098
v 0.017133 0.100263 -0.066222
v 0.004278 0.089607 -0.052369
v -0.018471 0.080772 -0.038013
v 0.017133 0.100263 -0.066222
v 0.010090 0.083013 -0.087541
v -0.003897 0.074299 -0.074743
v 0.004278 0.089607 -0.052369
v -0.003897 0.074299 -0.074743
v -0.026646 0.065465 -0.060386
v -0.045248 0.049631 -0.060084
v -0.022150 0.057925 -0.074206
v -0.026646 0.065465 -0.060386
v -0.018471 0.080772 -0.038013
v -0.036796 0.064508 -0.037524
v -0.045248 0.049631 -0.060084
v -0.018471 0.080772 -0.038013
v 0.004278 0.089607 -0.052369
v -0.013698 0.072801 -0.051646
v -0.036796 0.064508 -0.037524
v 0.004278 0.089607 -0.052369
v -0.003897 0.074299 -0.074743
v -0.022150 0.057925 -0.074206
v -0.013698 0.072801 -0.051646
v -0.022150 0.057925 -0.074206
v -0.045248 0.049631 -0.060084
v -0.059068 0.031912 -0.062765
v -0.035539 0.039475 -0.076580
v -0.045248 0.049631 -0.060084
v -0.036796 0.064508 -0.037524
v -0.050306 0.046264 -0.039985
v -0.059068 0.031912 -0.062765
v -0.036796 0.064508 -0.037524
v -0.013698 0.072801 -0.051646
v -0.026777 0.053828 -0.053800
v -0.050306 0.046264 -0.039985
v -0.013698 0.072801 -0.051646
v -0.022150 0.057925 -0.074206
v -0.035539 0.039475 -0.076580
v -0.026777 0.053828 -0.053800
v -0.035539 0.039475 -0.076580
v -0.059068 0.031912 -0.062765
v -0.073646 0.015781 -0.064551
v -0.050115 0.023341 -0.078365
v -0.059068 0.031912 -0.062765
v -0.050306 0.046264 -0.039985
v -0.064628 0.029673 -0.041586
v -0.073646 0.015781 -0.064551
v -0.050306 0.046264 -0.039985
v -0.026777 0.053828 -0.053800
v -0.041097 0.037234 -0.055401
v -0.064628 0.029673 -0.041586
v -0.026777 0.053828 -0.053800
v -0.035539 0.039475 -0.076580
v -0.050115 0.023341 -0.078365
v -0.041097 0.037234 -0.055401
v -0.050115 0.023341 -0.078365
v -0.073646 0.015781 -0.064551
v -0.073646 0.015781 -0.064551
v -0.050115 0.023341 -0.078365
v -0.073646 0.015781 -0.064551
v -0.064628 0.029673 -0.041586
v -0.064628 0.029673 -0.041586
v -0.073646 0.015781 -0.064551
v -0.064628 0.029673 -0.041586
v -0.041097 0.037234 -0.055401
v -0.041097 0.037234 -0.055401
v -0.064628 0.029673 -0.041586
v -0.041097 0.037234 -0.055401
v -0.050115 0.023341 -0.078365
v -0.050115 0.023341 -0.078365
v -0.041097 0.037234 -0.055401
v 0.048508 0.080036 0.019881
v 0.054378 0.071558 -0.006489
v 0.061207 0.059014 -0.000937
v 0.055338 0.067492 0.025433
v 0.054378 0.071558 -0.006489
v 0.029720 0.057679 -0.007516
v 0.036549 0.045135 -0.001963
v 0.061207 0.059014 -0.000937
v 0.029720 0.057679 -0.007516
v 0.023850 0.066157 0.018854
v 0.030679 0.053613 0.024407
v 0.036549 0.045135 -0.001963
v 0.023850 0.066157 0.018854
v 0.048508 0.080036 0.019881
v 0.055338 0.067492 0.025433
v 0.030679 0.053613 0.024407
v 0.055338 0.067492 0.025433
v 0.061207 0.059014 -0.000937
v 0.036549 0.045135 -0.001963
v 0.030679 0.053613 0.024407
v -0.028013 0.007691 0.011834
v -0.052227 0.001107 0.024950
v -0.043099 0.014166 0.048356
v -0.018885 0.020750 0.035240
v 0.023850 0.066157 0.018854
v 0.029720 0.057679 -0.007516
v 0.009657 0.060762 0.016551
v 0.035303 0.064397 0.005116
v 0.029720 0.057679 -0.007516
v 0.054378 0.071558 -0.006489
v 0.017021 0.077299 0.038323
v 0.009657 0.060762 0.016551
v 0.054378 0.071558 -0.006489
v 0.048508 0.080036 0.019881
v 0.042668 0.080933 0.026887
v 0.017021 0.077299 0.038323
v 0.048508 0.080036 0.019881
v 0.023850 0.066157 0.018854
v 0.035303 0.064397 0.005116
v 0.042668 0.080933 0.026887
v 0.035303 0.064397 0.005116
v 0.009657 0.060762 0.016551
v -0.002925 0.048294 0.031081
v 0.020586 0.056197 0.017426
v 0.009657 0.060762 0.016551
v 0.017021 0.077299 0.038323
v 0.005446 0.062816 0.053900
v -0.002925 0.048294 0.031081
v 0.017021 0.077299 0.038323
v 0.042668 0.080933 0.026887
v 0.028957 0.070720 0.040245
v 0.005446 0.062816 0.053900
v 0.042668 0.080933 0.026887
v 0.035303 0.064397 0.005116
v 0.020586 0.056197 0.017426
v 0.028957 0.070720 0.040245
v 0.020586 0.056197 0.017426
v -0.002925 0.048294 0.031081
v -0.022295 0.033412 0.030669
v 0.001530 0.040755 0.017247
v -0.002925 0.048294 0.031081
v 0.005446 0.062816 0.053900
v -0.013673 0.047488 0.053674
v -0.022295 0.033412 0.030669
v 0.005446 0.062816 0.053900
v 0.028957 0.070720 0.040245
v 0.010152 0.054831 0.040252
v -0.013673 0.047488 0.053674
v 0.028957 0.070720 0.040245
v 0.020586 0.056197 0.017426
v 0.001530 0.040755 0.017247
v 0.010152 0.054831 0.040252
v 0.001530 0.040755 0.017247
v -0.022295 0.033412 0.030669
v -0.036911 0.016454 0.027358
v -0.012699 0.023041 0.014241
v -0.022295 0.033412 0.030669
v -0.013673 0.047488 0.053674
v -0.028011 0.029988 0.050582
v -0.036911 0.016454 0.027358
v -0.013673 0.047488 0.053674
v 0.010152 0.054831 0.040252
v -0.003799 0.036575 0.037464
v -0.028011 0.029988 0.050582
v 0.010152 0.054831 0.040252
v 0.001530 0.040755 0.017247
v -0.012699 0.023041 0.014241
v -0.003799 0.036575 0.037464
v -0.012699 0.023041 0.014241
v -0.036911 0.016454 0.027358
v -0.052227 0.001107 0.024950
v -0.028013 0.007691 0.011834
v -0.036911 0.016454 0.027358
v -0.028011 0.029988 0.050582
v -0.043099 0.014166 0.048356
v -0.052227 0.001107 0.024950
v -0.028011 0.029988 0.050582
v -0.003799 0.036575 0.037464
v -0.018885 0.020750 0.035240
v -0.043099 0.014166 0.048356
v -0.003799 0.036575 0.037464
v -0.012699 0.023041 0.014241
v -0.028013 0.007691 0.011834
v -0.018885 0.020750 0.035240
v -0.028013 0.007691 0.011834
v -0.052227 0.001107 0.024950
v -0.052227 0.001107 0.024950
v -0.028013 0.007691 0.011834
v -0.052227 0.001107 0.024950
v -0.043099 0.014166 0.048356
v -0.043099 0.014166 0.048356
v -0.052227 0.001107 0.024950
v -0.043099 0.014166 0.048356
v -0.018885 0.020750 0.035240
v -0.018885 0.020750 0.035240
v -0.043099 0.014166 0.048356
v -0.018885 0.020750 0.035240
v -0.028013 0.007691 0.011834
v -0.028013 0.007691 0.011834
v -0.018885 0.020750 0.035240
v -0.026670 0.092268 -0.082841
v -0.011720 0.091904 -0.085690
v -0.010447 0.088059 -0.078516
v -0.025396 0.088423 -0.075667
v -0.011720 0.091904 -0.085690
v -0.013368 0.078446 -0.092611
v -0.012094 0.074601 -0.085437
v -0.010447 0.088059 -0.078516
v -0.013368 0.078446 -0.092611
v -0.028317 0.078810 -0.089762
v -0.027043 0.074965 -0.082588
v -0.012094 0.074601 -0.085437
v -0.028317 0.078810 -0.089762
v -0.026670 0.092268 -0.082841
v -0.025396 0.088423 -0.075667
v -0.027043 0.074965 -0.082588
v -0.063004 0.051712 -0.021294
v -0.049937 0.054205 -0.028696
v -0.052032 0.041426 -0.036697
v -0.065098 0.038933 -0.029296
v -0.028317 0.078810 -0.089762
v -0.013368 0.078446 -0.092611
v -0.011720 0.091904 -0.085690
v -0.026670 0.092268 -0.082841
v -0.025396 0.088423 -0.075667
v -0.010447 0.088059 -0.078516
v -0.049937 0.054205 -0.028696
v -0.063004 0.051712 -0.021294
v -0.010447 0.088059 -0.078516
v -0.012094 0.074601 -0.085437
v -0.052032 0.041426 -0.036697
v -0.049937 0.054205 -0.028696
v -0.012094 0.074601 -0.085437
v -0.027043 0.074965 -0.082588
v -0.065098 0.038933 -0.029296
v -0.052032 0.041426 -0.036697
v -0.027043 0.074965 -0.082588
v -0.025396 0.088423 -0.075667
v -0.063004 0.051712 -0.021294
v -0.065098 0.038933 -0.029296
v -0.015624 0.116252 -0.051890
v -0.000673 0.115199 -0.054553
v 0.000378 0.111582 -0.047226
v -0.014573 0.112634 -0.044563
v -0.000673 0.115199 -0.054553
v -0.002778 0.101563 -0.060984
v -0.001728 0.097946 -0.053657
v 0.000378 0.111582 -0.047226
v -0.002778 0.101563 -0.060984
v -0.017729 0.102616 -0.058320
v -0.016679 0.098998 -0.050993
v -0.001728 0.097946 -0.053657
v -0.017729 0.102616 -0.058320
v -0.015624 0.116252 -0.051890
v -0.014573 0.112634 -0.044563
v -0.016679 0.098998 -0.050993
v -0.021925 0.045398 0.040330
v -0.010606 0.049663 0.031088
v -0.014018 0.038229 0.021634
v -0.025336 0.033964 0.030877
v -0.017729 0.102616 -0.058320
v -0.002778 0.101563 -0.060984
v -0.000673 0.115199 -0.054553
v -0.015624 0.116252 -0.051890
v -0.014573 0.112634 -0.044563
v 0.000378 0.111582 -0.047226
v -0.008392 0.108954 -0.034237
v -0.023299 0.109862 -0.031291
v 0.000378 0.111582 -0.047226
v -0.001728 0.097946 -0.053657
v -0.010555 0.095511 -0.041043
v -0.008392 0.108954 -0.034237
v -0.001728 0.097946 -0.053657
v -0.016679 0.098998 -0.050993
v -0.025462 0.096418 -0.038096
v -0.010555 0.095511 -0.041043
v -0.016679 0.098998 -0.050993
v -0.014573 0.112634 -0.044563
v -0.023299 0.109862 -0.031291
v -0.025462 0.096418 -0.038096
v -0.023299 0.109862 -0.031291
v -0.008392 0.108954 -0.034237
v -0.013488 0.105525 -0.023918
v -0.028331 0.106237 -0.020616
v -0.008392 0.108954 -0.034237
v -0.010555 0.095511 -0.041043
v -0.015708 0.092254 -0.031038
v -0.013488 0.105525 -0.023918
v -0.010555 0.095511 -0.041043
v -0.025462 0.096418 -0.038096
v -0.030551 0.092966 -0.027736
v -0.015708 0.092254 -0.031038
v -0.025462 0.096418 -0.038096
v -0.023299 0.109862 -0.031291
v -0.028331 0.106237 -0.020616
v -0.030551 0.092966 -0.027736
v -0.028331 0.106237 -0.020616
v -0.013488 0.105525 -0.023918
v -0.017452 0.098993 -0.012161
v -0.032160 0.099341 -0.008250
v -0.013488 0.105525 -0.023918
v -0.015708 0.092254 -0.031038
v -0.019770 0.085986 -0.019722
v -0.017452 0.098993 -0.012161
v -0.015708 0.092254 -0.031038
v -0.030551 0.092966 -0.027736
v -0.034478 0.086334 -0.015812
v -0.019770 0.085986 -0.019722
v -0.030551 0.092966 -0.027736
v -0.028331 0.106237 -0.020616
v -0.032160 0.099341 -0.008250
v -0.034478 0.086334 -0.015812
v -0.032160 0.099341 -0.008250
v -0.017452 0.098993 -0.012161
v -0.019618 0.090993 -0.000767
v -0.034197 0.091034 0.003612
v -0.017452 0.098993 -0.012161
v -0.019770 0.085986 -0.019722
v -0.022051 0.078258 -0.008745
v -0.019618 0.090993 -0.000767
v -0.019770 0.085986 -0.019722
v -0.034478 0.086334 -0.015812
v -0.036630 0.078300 -0.004366
v -0.022051 0.078258 -0.008745
v -0.034478 0.086334 -0.015812
v -0.032160 0.099341 -0.008250
v -0.034197 0.091034 0.003612
v -0.036630 0.078300 -0.004366
v -0.034197 0.091034 0.003612
v -0.019618 0.090993 -0.000767
v -0.024085 0.082416 0.009581
v -0.038445 0.081991 0.014616
v -0.019618 0.090993 -0.000767
v -0.022051 0.078258 -0.008745
v -0.026633 0.069928 0.001257
v -0.024085 0.082416 0.009581
v -0.022051 0.078258 -0.008745
v -0.036630 0.078300 -0.004366
v -0.040993 0.069503 0.006292
v -0.026633 0.069928 0.001257
v -0.036630 0.078300 -0.004366
v -0.034197 0.091034 0.003612
v -0.038445 0.081991 0.014616
v -0.040993 0.069503 0.006292
v -0.038445 0.081991 0.014616
v -0.024085 0.082416 0.009581
v -0.028034 0.073471 0.018646
v -0.041766 0.071978 0.025044
v -0.024085 0.082416 0.009581
v -0.026633 0.069928 0.001257
v -0.030730 0.061234 0.010003
v -0.028034 0.073471 0.018646
v -0.026633 0.069928 0.001257
v -0.040993 0.069503 0.006292
v -0.044462 0.059740 0.016401
v -0.030730 0.061234 0.010003
v -0.040993 0.069503 0.006292
v -0.038445 0.081991 0.014616
v -0.041766 0.071978 0.025044
v -0.044462 0.059740 0.016401
v -0.041766 0.071978 0.025044
v -0.028034 0.073471 0.018646
v -0.026192 0.064273 0.025879
v -0.039309 0.061935 0.033240
v -0.028034 0.073471 0.018646
v -0.030730 0.061234 0.010003
v -0.029095 0.052320 0.016910
v -0.026192 0.064273 0.025879
v -0.030730 0.061234 0.010003
v -0.044462 0.059740 0.016401
v -0.042212 0.049982 0.024272
v -0.029095 0.052320 0.016910
v -0.044462 0.059740 0.016401
v -0.041766 0.071978 0.025044
v -0.039309 0.061935 0.033240
v -0.042212 0.049982 0.024272
v -0.039309 0.061935 0.033240
v -0.026192 0.064273 0.025879
v -0.020538 0.056166 0.029883
v -0.032325 0.052352 0.038729
v -0.026192 0.064273 0.025879
v -0.029095 0.052320 0.016910
v -0.023643 0.044437 0.020689
v -0.020538 0.056166 0.029883
v -0.029095 0.052320 0.016910
v -0.042212 0.049982 0.024272
v -0.035429 0.040623 0.029536
v -0.023643 0.044437 0.020689
v -0.042212 0.049982 0.024272
v -0.039309 0.061935 0.033240
v -0.032325 0.052352 0.038729
v -0.035429 0.040623 0.029536
v -0.032325 0.052352 0.038729
v -0.020538 0.056166 0.029883
v -0.010606 0.049663 0.031088
v -0.021925 0.045398 0.040330
v -0.020538 0.056166 0.029883
v -0.023643 0.044437 0.020689
v -0.014018 0.038229 0.021634
v -0.010606 0.049663 0.031088
v -0.023643 0.044437 0.020689
v -0.035429 0.040623 0.029536
v -0.025336 0.033964 0.030877
v -0.014018 0.038229 0.021634
v -0.035429 0.040623 0.029536
v -0.032325 0.052352 0.038729
v -0.021925 0.045398 0.040330
v -0.025336 0.033964 0.030877
v -0.021925 0.045398 0.040330
v -0.010606 0.049663 0.031088
v -0.010606 0.049663 0.031088
v -0.021925 0.045398 0.040330
v -0.010606 0.049663 0.031088
v -0.014018 0.038229 0.021634
v -0.014018 0.038229 0.021634
v -0.010606 0.049663 0.031088
v -0.014018 0.038229 0.021634
v -0.025336 0.033964 0.030877
v -0.025336 0.033964 0.030877
v -0.014018 0.038229 0.021634
v -0.025336 0.033964 0.030877
v -0.021925 0.045398 0.040330
v -0.021925 0.045398 0.040330
v -0.025336 0.033964 0.030877
v -0.025887 0.006949 -0.074110
v -0.011453 0.002198 -0.075025
v -0.011956 -0.000803 -0.067369
v -0.026389 0.003948 -0.066454
v -0.011453 0.002198 -0.075025
v -0.016201 -0.011159 -0.080572
v -0.016704 -0.014160 -0.072916
v -0.011956 -0.000803 -0.067369
v -0.016201 -0.011159 -0.080572
v -0.030635 -0.006409 -0.079657
v -0.031137 -0.009409 -0.072001
v -0.016704 -0.014160 -0.072916
v -0.030635 -0.006409 -0.079657
v -0.025887 0.006949 -0.074110
v -0.026389 0.003948 -0.066454
v -0.031137 -0.009409 -0.072001
v -0.044358 -0.035134 0.019821
v -0.030070 -0.037501 0.015132
v -0.034881 -0.048853 0.006204
v -0.049169 -0.046486 0.010893
v -0.030635 -0.006409 -0.079657
v -0.016201 -0.011159 -0.080572
v -0.011453 0.002198 -0.075025
v -0.025887 0.006949 -0.074110
v -0.026389 0.003948 -0.066454
v -0.011956 -0.000803 -0.067369
v -0.022852 -0.001507 -0.055729
v -0.037311 0.003052 -0.054360
v -0.011956 -0.000803 -0.067369
v -0.016704 -0.014160 -0.072916
v -0.027568 -0.014631 -0.061834
v -0.022852 -0.001507 -0.055729
v -0.016704 -0.014160 -0.072916
v -0.031137 -0.009409 -0.072001
v -0.042027 -0.010071 -0.060464
v -0.027568 -0.014631 -0.061834
v -0.031137 -0.009409 -0.072001
v -0.026389 0.003948 -0.066454
v -0.037311 0.003052 -0.054360
v -0.042027 -0.010071 -0.060464
v -0.037311 0.003052 -0.054360
v -0.022852 -0.001507 -0.055729
v -0.029612 -0.004410 -0.043307
v -0.044085 -0.000016 -0.041584
v -0.022852 -0.001507 -0.055729
v -0.027568 -0.014631 -0.061834
v -0.034312 -0.017334 -0.049834
v -0.029612 -0.004410 -0.043307
v -0.027568 -0.014631 -0.061834
v -0.042027 -0.010071 -0.060464
v -0.048785 -0.012940 -0.048112
v -0.034312 -0.017334 -0.049834
v -0.042027 -0.010071 -0.060464
v -0.037311 0.003052 -0.054360
v -0.044085 -0.000016 -0.041584
v -0.048785 -0.012940 -0.048112
v -0.044085 -0.000016 -0.041584
v -0.029612 -0.004410 -0.043307
v -0.033869 -0.008524 -0.032291
v -0.048350 -0.004370 -0.030105
v -0.029612 -0.004410 -0.043307
v -0.034312 -0.017334 -0.049834
v -0.038563 -0.021252 -0.039195
v -0.033869 -0.008524 -0.032291
v -0.034312 -0.017334 -0.049834
v -0.048785 -0.012940 -0.048112
v -0.053044 -0.017099 -0.037010
v -0.038563 -0.021252 -0.039195
v -0.048785 -0.012940 -0.048112
v -0.044085 -0.000016 -0.041584
v -0.048350 -0.004370 -0.030105
v -0.053044 -0.017099 -0.037010
v -0.048350 -0.004370 -0.030105
v -0.033869 -0.008524 -0.032291
v -0.035682 -0.014932 -0.017958
v -0.050156 -0.011116 -0.015186
v -0.033869 -0.008524 -0.032291
v -0.038563 -0.021252 -0.039195
v -0.040383 -0.027352 -0.025400
v -0.035682 -0.014932 -0.017958
v -0.038563 -0.021252 -0.039195
v -0.053044 -0.017099 -0.037010
v -0.054856 -0.023536 -0.022628
v -0.040383 -0.027352 -0.025400
v -0.053044 -0.017099 -0.037010
v -0.048350 -0.004370 -0.030105
v -0.050156 -0.011116 -0.015186
v -0.054856 -0.023536 -0.022628
v -0.050156 -0.011116 -0.015186
v -0.035682 -0.014932 -0.017958
v -0.035253 -0.021027 -0.007361
v -0.049721 -0.017306 -0.004437
v -0.035682 -0.014932 -0.017958
v -0.040383 -0.027352 -0.025400
v -0.039966 -0.033198 -0.015196
v -0.035253 -0.021027 -0.007361
v -0.040383 -0.027352 -0.025400
v -0.054856 -0.023536 -0.022628
v -0.054434 -0.029477 -0.012273
v -0.039966 -0.033198 -0.015196
v -0.054856 -0.023536 -0.022628
v -0.050156 -0.011116 -0.015186
v -0.049721 -0.017306 -0.004437
v -0.054434 -0.029477 -0.012273
v -0.049721 -0.017306 -0.004437
v -0.035253 -0.021027 -0.007361
v -0.033188 -0.027941 0.002655
v -0.047636 -0.024517 0.006009
v -0.035253 -0.021027 -0.007361
v -0.039966 -0.033198 -0.015196
v -0.037922 -0.039792 -0.005643
v -0.033188 -0.027941 0.002655
v -0.039966 -0.033198 -0.015196
v -0.054434 -0.029477 -0.012273
v -0.052371 -0.036368 -0.002289
v -0.037922 -0.039792 -0.005643
v -0.054434 -0.029477 -0.012273
v -0.049721 -0.017306 -0.004437
v -0.047636 -0.024517 0.006009
v -0.052371 -0.036368 -0.002289
v -0.047636 -0.024517 0.006009
v -0.033188 -0.027941 0.002655
v -0.030070 -0.037501 0.015132
v -0.044358 -0.035134 0.019821
v -0.033188 -0.027941 0.002655
v -0.037922 -0.039792 -0.005643
v -0.034881 -0.048853 0.006204
v -0.030070 -0.037501 0.015132
v -0.037922 -0.039792 -0.005643
v -0.052371 -0.036368 -0.002289
v -0.049169 -0.046486 0.010893
v -0.034881 -0.048853 0.006204
v -0.052371 -0.036368 -0.002289
v -0.047636 -0.024517 0.006009
v -0.044358 -0.035134 0.019821
v -0.049169 -0.046486 0.010893
v -0.044358 -0.035134 0.019821
v -0.030070 -0.037501 0.015132
v -0.030070 -0.037501 0.015132
v -0.044358 -0.035134 0.019821
v -0.030070 -0.037501 0.015132
v -0.034881 -0.048853 0.006204
v -0.034881 -0.048853 0.006204
v -0.030070 -0.037501 0.015132
v -0.034881 -0.048853 0.006204
v -0.049169 -0.046486 0.010893
v -0.049169 -0.046486 0.010893
v -0.034881 -0.048853 0.006204
v -0.049169 -0.046486 0.010893
v -0.044358 -0.035134 0.019821
v -0.044358 -0.035134 0.019821
v -0.049169 -0.046486 0.010893
v -0.052756 -0.049055 -0.022156
v -0.037767 -0.050367 -0.024470
v -0.037106 -0.054897 -0.017620
v -0.052094 -0.053585 -0.015306
v -0.037767 -0.050367 -0.024470
v -0.040130 -0.063014 -0.032606
v -0.039469 -0.067544 -0.025756
v -0.037106 -0.054897 -0.017620
v -0.040130 -0.063014 -0.032606
v -0.055119 -0.061703 -0.030292
v -0.054457 -0.066232 -0.023442
v -0.039469 -0.067544 -0.025756
v -0.055119 -0.061703 -0.030292
v -0.052756 -0.049055 -0.022156
v -0.052094 -0.053585 -0.015306
v -0.054457 -0.066232 -0.023442
v -0.039601 -0.101846 0.058336
v -0.025736 -0.099657 0.052444
v -0.028972 -0.109404 0.041207
v -0.042837 -0.111593 0.047099
v -0.055119 -0.061703 -0.030292
v -0.040130 -0.063014 -0.032606
v -0.037767 -0.050367 -0.024470
v -0.052756 -0.049055 -0.022156
v -0.052094 -0.053585 -0.015306
v -0.037106 -0.054897 -0.017620
v -0.046993 -0.057931 -0.004120
v -0.061941 -0.056865 -0.001450
v -0.037106 -0.054897 -0.017620
v -0.039469 -0.067544 -0.025756
v -0.049408 -0.070255 -0.012723
v -0.046993 -0.057931 -0.004120
v -0.039469 -0.067544 -0.025756
v -0.054457 -0.066232 -0.023442
v -0.064357 -0.069189 -0.010053
v -0.049408 -0.070255 -0.012723
v -0.054457 -0.066232 -0.023442
v -0.052094 -0.053585 -0.015306
v -0.061941 -0.056865 -0.001450
v -0.064357 -0.069189 -0.010053
v -0.061941 -0.056865 -0.001450
v -0.046993 -0.057931 -0.004120
v -0.053249 -0.062602 0.008609
v -0.068139 -0.061843 0.011683
v -0.046993 -0.057931 -0.004120
v -0.049408 -0.070255 -0.012723
v -0.055732 -0.074575 -0.000459
v -0.053249 -0.062602 0.008609
v -0.049408 -0.070255 -0.012723
v -0.064357 -0.069189 -0.010053
v -0.070622 -0.073816 0.002616
v -0.055732 -0.074575 -0.000459
v -0.064357 -0.069189 -0.010053
v -0.061941 -0.056865 -0.001450
v -0.068139 -0.061843 0.011683
v -0.070622 -0.073816 0.002616
v -0.068139 -0.061843 0.011683
v -0.053249 -0.062602 0.008609
v -0.055067 -0.067719 0.019523
v -0.069844 -0.067436 0.023172
v -0.053249 -0.062602 0.008609
v -0.055732 -0.074575 -0.000459
v -0.057637 -0.079327 0.010016
v -0.055067 -0.067719 0.019523
v -0.055732 -0.074575 -0.000459
v -0.070622 -0.073816 0.002616
v -0.072413 -0.079044 0.013665
v -0.057637 -0.079327 0.010016
v -0.070622 -0.073816 0.002616
v -0.068139 -0.061843 0.011683
v -0.069844 -0.067436 0.023172
v -0.072413 -0.079044 0.013665
v -0.069844 -0.067436 0.023172
v -0.055067 -0.067719 0.019523
v -0.052764 -0.075303 0.031784
v -0.067363 -0.075621 0.036087
v -0.055067 -0.067719 0.019523
v -0.057637 -0.079327 0.010016
v -0.055471 -0.086448 0.021775
v -0.052764 -0.075303 0.031784
v -0.057637 -0.079327 0.010016
v -0.072413 -0.079044 0.013665
v -0.070069 -0.086766 0.026077
v -0.055471 -0.086448 0.021775
v -0.072413 -0.079044 0.013665
v -0.069844 -0.067436 0.023172
v -0.067363 -0.075621 0.036087
v -0.070069 -0.086766 0.026077
v -0.067363 -0.075621 0.036087
v -0.052764 -0.075303 0.031784
v -0.046797 -0.083215 0.041612
v -0.061321 -0.083760 0.046137
v -0.052764 -0.075303 0.031784
v -0.055471 -0.086448 0.021775
v -0.049638 -0.093949 0.031199
v -0.046797 -0.083215 0.041612
v -0.055471 -0.086448 0.021775
v -0.070069 -0.086766 0.026077
v -0.064162 -0.094493 0.035723
v -0.049638 -0.093949 0.031199
v -0.070069 -0.086766 0.026077
v -0.067363 -0.075621 0.036087
v -0.061321 -0.083760 0.046137
v -0.064162 -0.094493 0.035723
v -0.061321 -0.083760 0.046137
v -0.046797 -0.083215 0.041612
v -0.038061 -0.091839 0.049816
v -0.052327 -0.093098 0.054977
v -0.046797 -0.083215 0.041612
v -0.049638 -0.093949 0.031199
v -0.041064 -0.102125 0.039005
v -0.038061 -0.091839 0.049816
v -0.049638 -0.093949 0.031199
v -0.064162 -0.094493 0.035723
v -0.055330 -0.103384 0.044165
v -0.041064 -0.102125 0.039005
v -0.064162 -0.094493 0.035723
v -0.061321 -0.083760 0.046137
v -0.052327 -0.093098 0.054977
v -0.055330 -0.103384 0.044165
v -0.052327 -0.093098 0.054977
v -0.038061 -0.091839 0.049816
v -0.025736 -0.099657 0.052444
v -0.039601 -0.101846 0.058336
v -0.038061 -0.091839 0.049816
v -0.041064 -0.102125 0.039005
v -0.028972 -0.109404 0.041207
v -0.025736 -0.099657 0.052444
v -0.041064 -0.102125 0.039005
v -0.055330 -0.103384 0.044165
v -0.042837 -0.111593 0.047099
v -0.028972 -0.109404 0.041207
v -0.055330 -0.103384 0.044165
v -0.052327 -0.093098 0.054977
v -0.039601 -0.101846 0.058336
v -0.042837 -0.111593 0.047099
v -0.039601 -0.101846 0.058336
v -0.025736 -0.099657 0.052444
v -0.025736 -0.099657 0.052444
v -0.039601 -0.101846 0.058336
v -0.025736 -0.099657 0.052444
v -0.028972 -0.109404 0.041207
v -0.028972 -0.109404 0.041207
v -0.025736 -0.099657 0.052444
v -0.028972 -0.109404 0.041207
v -0.042837 -0.111593 0.047099
v -0.042837 -0.111593 0.047099
v -0.028972 -0.109404 0.041207
v -0.042837 -0.111593 0.047099
v -0.039601 -0.101846 0.058336
v -0.039601 -0.101846 0.058336
v -0.042837 -0.111593 0.047099
v -0.044787 0.051364 -0.002710
v -0.030742 0.053082 -0.008325
v -0.027624 0.049382 -0.001657
v -0.041669 0.047665 0.003958
v -0.030742 0.053082 -0.008325
v -0.031873 0.039589 -0.015282
v -0.028755 0.035890 -0.008613
v -0.027624 0.049382 -0.001657
v -0.031873 0.039589 -0.015282
v -0.045918 0.037871 -0.009667
v -0.042800 0.034172 -0.002999
v -0.028755 0.035890 -0.008613
v -0.045918 0.037871 -0.009667
v -0.044787 0.051364 -0.002710
v -0.041669 0.047665 0.003958
v -0.042800 0.034172 -0.002999
v -0.014918 -0.023660 0.043771
v -0.002108 -0.020427 0.036210
v -0.005419 -0.031211 0.025989
v -0.018229 -0.034444 0.033550
v -0.045918 0.037871 -0.009667
v -0.031873 0.039589 -0.015282
v -0.030742 0.053082 -0.008325
v -0.044787 0.051364 -0.002710
v -0.041669 0.047665 0.003958
v -0.027624 0.049382 -0.001657
v -0.036262 0.038678 0.008113
v -0.050139 0.036759 0.014069
v -0.027624 0.049382 -0.001657
v -0.028755 0.035890 -0.008613
v -0.037650 0.025492 0.000634
v -0.036262 0.038678 0.008113
v -0.028755 0.035890 -0.008613
v -0.042800 0.034172 -0.002999
v -0.051527 0.023573 0.006590
v -0.037650 0.025492 0.000634
v -0.042800 0.034172 -0.002999
v -0.041669 0.047665 0.003958
v -0.050139 0.036759 0.014069
v -0.051527 0.023573 0.006590
v -0.050139 0.036759 0.014069
v -0.036262 0.038678 0.008113
v -0.040162 0.030231 0.015336
v -0.053866 0.028104 0.021613
v -0.036262 0.038678 0.008113
v -0.037650 0.025492 0.000634
v -0.041768 0.017309 0.007451
v -0.040162 0.030231 0.015336
v -0.037650 0.025492 0.000634
v -0.051527 0.023573 0.006590
v -0.055472 0.015182 0.013728
v -0.041768 0.017309 0.007451
v -0.051527 0.023573 0.006590
v -0.050139 0.036759 0.014069
v -0.053866 0.028104 0.021613
v -0.055472 0.015182 0.013728
v -0.053866 0.028104 0.021613
v -0.040162 0.030231 0.015336
v -0.043044 0.019978 0.022967
v -0.056560 0.017624 0.029562
v -0.040162 0.030231 0.015336
v -0.041768 0.017309 0.007451
v -0.044903 0.007362 0.014654
v -0.043044 0.019978 0.022967
v -0.041768 0.017309 0.007451
v -0.055472 0.015182 0.013728
v -0.058419 0.005008 0.021249
v -0.044903 0.007362 0.014654
v -0.055472 0.015182 0.013728
v -0.053866 0.028104 0.021613
v -0.056560 0.017624 0.029562
v -0.058419 0.005008 0.021249
v -0.056560 0.017624 0.029562
v -0.043044 0.019978 0.022967
v -0.041909 0.007935 0.031352
v -0.055150 0.005246 0.038365
v -0.043044 0.019978 0.022967
v -0.044903 0.007362 0.014654
v -0.044118 -0.004256 0.022507
v -0.041909 0.007935 0.031352
v -0.044903 0.007362 0.014654
v -0.058419 0.005008 0.021249
v -0.057359 -0.006945 0.029520
v -0.044118 -0.004256 0.022507
v -0.058419 0.005008 0.021249
v -0.056560 0.017624 0.029562
v -0.055150 0.005246 0.038365
v -0.057359 -0.006945 0.029520
v -0.055150 0.005246 0.038365
v -0.041909 0.007935 0.031352
v -0.037501 -0.002718 0.038084
v -0.050423 -0.005790 0.045520
v -0.041909 0.007935 0.031352
v -0.044118 -0.004256 0.022507
v -0.040032 -0.014522 0.028810
v -0.037501 -0.002718 0.038084
v -0.044118 -0.004256 0.022507
v -0.057359 -0.006945 0.029520
v -0.052954 -0.017593 0.036247
v -0.040032 -0.014522 0.028810
v -0.057359 -0.006945 0.029520
v -0.055150 0.005246 0.038365
v -0.050423 -0.005790 0.045520
v -0.052954 -0.017593 0.036247
v -0.050423 -0.005790 0.045520
v -0.037501 -0.002718 0.038084
v -0.028714 -0.011320 0.042069
v -0.041662 -0.014359 0.049474
v -0.037501 -0.002718 0.038084
v -0.040032 -0.014522 0.028810
v -0.031555 -0.022740 0.032413
v -0.028714 -0.011320 0.042069
v -0.040032 -0.014522 0.028810
v -0.052954 -0.017593 0.036247
v -0.044504 -0.025779 0.039817
v -0.031555 -0.022740 0.032413
v -0.052954 -0.017593 0.036247
v -0.050423 -0.005790 0.045520
v -0.041662 -0.014359 0.049474
v -0.044504 -0.025779 0.039817
v -0.041662 -0.014359 0.049474
v -0.028714 -0.011320 0.042069
v -0.014706 -0.017429 0.041275
v -0.027747 -0.020344 0.048566
v -0.028714 -0.011320 0.042069
v -0.031555 -0.022740 0.032413
v -0.017837 -0.028461 0.031265
v -0.014706 -0.017429 0.041275
v -0.031555 -0.022740 0.032413
v -0.044504 -0.025779 0.039817
v -0.030878 -0.031376 0.038555
v -0.017837 -0.028461 0.031265
v -0.044504 -0.025779 0.039817
v -0.041662 -0.014359 0.049474
v -0.027747 -0.020344 0.048566
v -0.030878 -0.031376 0.038555
v -0.027747 -0.020344 0.048566
v -0.014706 -0.017429 0.041275
v -0.002108 -0.020427 0.036210
v -0.014918 -0.023660 0.043771
v -0.014706 -0.017429 0.041275
v -0.017837 -0.028461 0.031265
v -0.005419 -0.031211 0.025989
v -0.002108 -0.020427 0.036210
v -0.017837 -0.028461 0.031265
v -0.030878 -0.031376 0.038555
v -0.018229 -0.034444 0.033550
v -0.005419 -0.031211 0.025989
v -0.030878 -0.031376 0.038555
v -0.027747 -0.020344 0.048566
v -0.014918 -0.023660 0.043771
v -0.018229 -0.034444 0.033550
v -0.014918 -0.023660 0.043771
v -0.002108 -0.020427 0.036210
v -0.002108 -0.020427 0.036210
v -0.014918 -0.023660 0.043771
v -0.002108 -0.020427 0.036210
v -0.005419 -0.031211 0.025989
v -0.005419 -0.031211 0.025989
v -0.002108 -0.020427 0.036210
v -0.005419 -0.031211 0.025989
v -0.018229 -0.034444 0.033550
v -0.018229 -0.034444 0.033550
v -0.005419 -0.031211 0.025989
v -0.018229 -0.034444 0.033550
v -0.014918 -0.023660 0.043771
v -0.014918 -0.023660 0.043771
v -0.018229 -0.034444 0.033550
v -0.036314 -0.070830 0.079942
v -0.021889 -0.069378 0.075302
v -0.019837 -0.076120 0.079569
v -0.034262 -0.077572 0.084210
v -0.021889 -0.069378 0.075302
v -0.024934 -0.078006 0.063135
v -0.022883 -0.084748 0.067403
v -0.019837 -0.076120 0.079569
v -0.024934 -0.078006 0.063135
v -0.039359 -0.079458 0.067776
v -0.037308 -0.086200 0.072044
v -0.022883 -0.084748 0.067403
v -0.039359 -0.079458 0.067776
v -0.036314 -0.070830 0.079942
v -0.034262 -0.077572 0.084210
v -0.037308 -0.086200 0.072044
v -0.034262 -0.077572 0.084210
v -0.019837 -0.076120 0.079569
v -0.022883 -0.084748 0.067403
v -0.037308 -0.086200 0.072044
v -0.012419 -0.040531 0.031429
v -0.022187 -0.032476 0.039882
v -0.010566 -0.024701 0.045902
v -0.000799 -0.032756 0.037449
v -0.039359 -0.079458 0.067776
v -0.024934 -0.078006 0.063135
v -0.035269 -0.067905 0.064966
v -0.049820 -0.068929 0.069317
v -0.024934 -0.078006 0.063135
v -0.021889 -0.069378 0.075302
v -0.032416 -0.058624 0.076691
v -0.035269 -0.067905 0.064966
v -0.021889 -0.069378 0.075302
v -0.036314 -0.070830 0.079942
v -0.046968 -0.059649 0.081042
v -0.032416 -0.058624 0.076691
v -0.036314 -0.070830 0.079942
v -0.039359 -0.079458 0.067776
v -0.049820 -0.068929 0.069317
v -0.046968 -0.059649 0.081042
v -0.049820 -0.068929 0.069317
v -0.035269 -0.067905 0.064966
v -0.039397 -0.055988 0.061491
v -0.054027 -0.056734 0.065631
v -0.035269 -0.067905 0.064966
v -0.032416 -0.058624 0.076691
v -0.036680 -0.046223 0.072849
v -0.039397 -0.055988 0.061491
v -0.032416 -0.058624 0.076691
v -0.046968 -0.059649 0.081042
v -0.051310 -0.046970 0.076989
v -0.036680 -0.046223 0.072849
v -0.046968 -0.059649 0.081042
v -0.049820 -0.068929 0.069317
v -0.054027 -0.056734 0.065631
v -0.051310 -0.046970 0.076989
v -0.054027 -0.056734 0.065631
v -0.039397 -0.055988 0.061491
v -0.040972 -0.045262 0.056915
v -0.055704 -0.045620 0.060734
v -0.039397 -0.055988 0.061491
v -0.036680 -0.046223 0.072849
v -0.038364 -0.035086 0.067932
v -0.040972 -0.045262 0.056915
v -0.036680 -0.046223 0.072849
v -0.051310 -0.046970 0.076989
v -0.053095 -0.035444 0.071750
v -0.038364 -0.035086 0.067932
v -0.051310 -0.046970 0.076989
v -0.054027 -0.056734 0.065631
v -0.055704 -0.045620 0.060734
v -0.053095 -0.035444 0.071750
v -0.055704 -0.045620 0.060734
v -0.040972 -0.045262 0.056915
v -0.040280 -0.034114 0.049958
v -0.055138 -0.033913 0.053265
v -0.040972 -0.045262 0.056915
v -0.038364 -0.035086 0.067932
v -0.037791 -0.023406 0.060488
v -0.040280 -0.034114 0.049958
v -0.038364 -0.035086 0.067932
v -0.053095 -0.035444 0.071750
v -0.052649 -0.023205 0.063794
v -0.037791 -0.023406 0.060488
v -0.053095 -0.035444 0.071750
v -0.055704 -0.045620 0.060734
v -0.055138 -0.033913 0.053265
v -0.052649 -0.023205 0.063794
v -0.055138 -0.033913 0.053265
v -0.040280 -0.034114 0.049958
v -0.033913 -0.027566 0.041931
v -0.048876 -0.026751 0.044611
v -0.040280 -0.034114 0.049958
v -0.037791 -0.023406 0.060488
v -0.031503 -0.016397 0.051990
v -0.033913 -0.027566 0.041931
v -0.037791 -0.023406 0.060488
v -0.052649 -0.023205 0.063794
v -0.046466 -0.015582 0.054670
v -0.031503 -0.016397 0.051990
v -0.052649 -0.023205 0.063794
v -0.055138 -0.033913 0.053265
v -0.048876 -0.026751 0.044611
v -0.046466 -0.015582 0.054670
v -0.048876 -0.026751 0.044611
v -0.033913 -0.027566 0.041931
v -0.023679 -0.026656 0.033826
v -0.038683 -0.025496 0.036118
v -0.033913 -0.027566 0.041931
v -0.031503 -0.016397 0.051990
v -0.021314 -0.015117 0.043469
v -0.023679 -0.026656 0.033826
v -0.031503 -0.016397 0.051990
v -0.046466 -0.015582 0.054670
v -0.036318 -0.013958 0.045762
v -0.021314 -0.015117 0.043469
v -0.046466 -0.015582 0.054670
v -0.048876 -0.026751 0.044611
v -0.038683 -0.025496 0.036118
v -0.036318 -0.013958 0.045762
v -0.038683 -0.025496 0.036118
v -0.023679 -0.026656 0.033826
v -0.030965 -0.024311 0.037431
v -0.021479 -0.031033 0.027605
v -0.023679 -0.026656 0.033826
v -0.021314 -0.015117 0.043469
v -0.019522 -0.015694 0.042583
v -0.030965 -0.024311 0.037431
v -0.021314 -0.015117 0.043469
v -0.036318 -0.013958 0.045762
v -0.010036 -0.022415 0.032756
v -0.019522 -0.015694 0.042583
v -0.036318 -0.013958 0.045762
v -0.038683 -0.025496 0.036118
v -0.021479 -0.031033 0.027605
v -0.010036 -0.022415 0.032756
v -0.021479 -0.031033 0.027605
v -0.030965 -0.024311 0.037431
v -0.022187 -0.032476 0.039882
v -0.012419 -0.040531 0.031429
v -0.030965 -0.024311 0.037431
v -0.019522 -0.015694 0.042583
v -0.010566 -0.024701 0.045902
v -0.022187 -0.032476 0.039882
v -0.019522 -0.015694 0.042583
v -0.010036 -0.022415 0.032756
v -0.000799 -0.032756 0.037449
v -0.010566 -0.024701 0.045902
v -0.010036 -0.022415 0.032756
v -0.021479 -0.031033 0.027605
v -0.012419 -0.040531 0.031429
v -0.000799 -0.032756 0.037449
v -0.012419 -0.040531 0.031429
v -0.022187 -0.032476 0.039882
v -0.022187 -0.032476 0.039882
v -0.012419 -0.040531 0.031429
v -0.022187 -0.032476 0.039882
v -0.010566 -0.024701 0.045902
v -0.010566 -0.024701 0.045902
v -0.022187 -0.032476 0.039882
v -0.010566 -0.024701 0.045902
v -0.000799 -0.032756 0.037449
v -0.000799 -0.032756 0.037449
v -0.010566 -0.024701 0.045902
v -0.000799 -0.032756 0.037449
v -0.012419 -0.040531 0.031429
v -0.012419 -0.040531 0.031429
v -0.000799 -0.032756 0.037449
v -0.025669 0.019099 0.039027
v -0.011000 0.018196 0.035062
v -0.009739 0.012623 0.040997
v -0.024408 0.013526 0.044962
v -0.011000 0.018196 0.035062
v -0.014333 0.007020 0.025277
v -0.013072 0.001447 0.031213
v -0.009739 0.012623 0.040997
v -0.014333 0.007020 0.025277
v -0.029002 0.007923 0.029243
v -0.027741 0.002351 0.035178
v -0.013072 0.001447 0.031213
v -0.029002 0.007923 0.029243
v -0.025669 0.019099 0.039027
v -0.024408 0.013526 0.044962
v -0.027741 0.002351 0.035178
v -0.024408 0.013526 0.044962
v -0.009739 0.012623 0.040997
v -0.013072 0.001447 0.031213
v -0.027741 0.002351 0.035178
v -0.005070 0.031981 -0.028247
v 0.009852 0.029777 -0.030298
v 0.012704 0.043444 -0.024230
v -0.002218 0.045648 -0.022179
v -0.029002 0.007923 0.029243
v -0.014333 0.007020 0.025277
v -0.008967 0.016953 0.017776
v -0.023715 0.018215 0.021330
v -0.014333 0.007020 0.025277
v -0.011000 0.018196 0.035062
v -0.005785 0.028812 0.026774
v -0.008967 0.016953 0.017776
v -0.011000 0.018196 0.035062
v -0.025669 0.019099 0.039027
v -0.020533 0.030074 0.030328
v -0.005785 0.028812 0.026774
v -0.025669 0.019099 0.039027
v -0.029002 0.007923 0.029243
v -0.023715 0.018215 0.021330
v -0.020533 0.030074 0.030328
v -0.023715 0.018215 0.021330
v -0.008967 0.016953 0.017776
v -0.010880 0.026145 0.006659
v -0.025671 0.027608 0.009946
v -0.008967 0.016953 0.017776
v -0.005785 0.028812 0.026774
v -0.007814 0.038545 0.014940
v -0.010880 0.026145 0.006659
v -0.005785 0.028812 0.026774
v -0.020533 0.030074 0.030328
v -0.022605 0.040008 0.018226
v -0.007814 0.038545 0.014940
v -0.020533 0.030074 0.030328
v -0.023715 0.018215 0.021330
v -0.025671 0.027608 0.009946
v -0.022605 0.040008 0.018226
v -0.025671 0.027608 0.009946
v -0.010880 0.026145 0.006659
v -0.007896 0.030197 -0.004272
v -0.022754 0.032002 -0.001499
v -0.010880 0.026145 0.006659
v -0.007814 0.038545 0.014940
v -0.004902 0.042967 0.003454
v -0.007896 0.030197 -0.004272
v -0.007814 0.038545 0.014940
v -0.022605 0.040008 0.018226
v -0.019761 0.044772 0.006228
v -0.004902 0.042967 0.003454
v -0.022605 0.040008 0.018226
v -0.025671 0.027608 0.009946
v -0.022754 0.032002 -0.001499
v -0.019761 0.044772 0.006228
v -0.022754 0.032002 -0.001499
v -0.007896 0.030197 -0.004272
v -0.000133 0.031285 -0.018343
v -0.015038 0.033373 -0.016057
v -0.007896 0.030197 -0.004272
v -0.004902 0.042967 0.003454
v 0.002775 0.044584 -0.011531
v -0.000133 0.031285 -0.018343
v -0.004902 0.042967 0.003454
v -0.019761 0.044772 0.006228
v -0.012130 0.046672 -0.009244
v 0.002775 0.044584 -0.011531
v -0.019761 0.044772 0.006228
v -0.022754 0.032002 -0.001499
v -0.015038 0.033373 -0.016057
v -0.012130 0.046672 -0.009244
v -0.015038 0.033373 -0.016057
v -0.000133 0.031285 -0.018343
v 0.009852 0.029777 -0.030298
v -0.005070 0.031981 -0.028247
v -0.000133 0.031285 -0.018343
v 0.002775 0.044584 -0.011531
v 0.012704 0.043444 -0.024230
v 0.009852 0.029777 -0.030298
v 0.002775 0.044584 -0.011531
v -0.012130 0.046672 -0.009244
v -0.002218 0.045648 -0.022179
v 0.012704 0.043444 -0.024230
v -0.012130 0.046672 -0.009244
v -0.015038 0.033373 -0.016057
v -0.005070 0.031981 -0.028247
v -0.002218 0.045648 -0.022179
v -0.005070 0.031981 -0.028247
v 0.009852 0.029777 -0.030298
v 0.009852 0.029777 -0.030298
v -0.005070 0.031981 -0.028247
v 0.009852 0.029777 -0.030298
v 0.012704 0.043444 -0.024230
v 0.012704 0.043444 -0.024230
v 0.009852 0.029777 -0.030298
v 0.012704 0.043444 -0.024230
v -0.002218 0.045648 -0.022179
v -0.002218 0.045648 -0.022179
v 0.012704 0.043444 -0.024230
v -0.002218 0.045648 -0.022179
v -0.005070 0.031981 -0.028247
v -0.005070 0.031981 -0.028247
v -0.002218 0.045648 -0.022179
v -0.017125 0.023267 -0.032552
v -0.002477 0.019257 -0.033603
v -0.002584 0.016804 -0.025740
v -0.017232 0.020813 -0.024688
v -0.002477 0.019257 -0.033603
v -0.006617 0.005289 -0.038018
v -0.006724 0.002836 -0.030154
v -0.002584 0.016804 -0.025740
v -0.006617 0.005289 -0.038018
v -0.021265 0.009299 -0.036967
v -0.021372 0.006845 -0.029103
v -0.006724 0.002836 -0.030154
v -0.021265 0.009299 -0.036967
v -0.017125 0.023267 -0.032552
v -0.017232 0.020813 -0.024688
v -0.021372 0.006845 -0.029103
v -0.005373 0.016630 0.087271
v 0.008909 0.014255 0.082567
v 0.004544 0.001311 0.075849
v -0.009738 0.003686 0.080553
v -0.021265 0.009299 -0.036967
v -0.006617 0.005289 -0.038018
v -0.002477 0.019257 -0.033603
v -0.017125 0.023267 -0.032552
v -0.017232 0.020813 -0.024688
v -0.002584 0.016804 -0.025740
v -0.013074 0.020738 -0.010655
v -0.027723 0.024674 -0.009370
v -0.002584 0.016804 -0.025740
v -0.006724 0.002836 -0.030154
v -0.017214 0.006739 -0.014969
v -0.013074 0.020738 -0.010655
v -0.006724 0.002836 -0.030154
v -0.021372 0.006845 -0.029103
v -0.031863 0.010675 -0.013684
v -0.017214 0.006739 -0.014969
v -0.021372 0.006845 -0.029103
v -0.017232 0.020813 -0.024688
v -0.027723 0.024674 -0.009370
v -0.031863 0.010675 -0.013684
v -0.027723 0.024674 -0.009370
v -0.013074 0.020738 -0.010655
v -0.021246 0.023109 0.000917
v -0.035895 0.027025 0.002266
v -0.013074 0.020738 -0.010655
v -0.017214 0.006739 -0.014969
v -0.025388 0.009178 -0.003612
v -0.021246 0.023109 0.000917
v -0.017214 0.006739 -0.014969
v -0.031863 0.010675 -0.013684
v -0.040036 0.013094 -0.002263
v -0.025388 0.009178 -0.003612
v -0.031863 0.010675 -0.013684
v -0.027723 0.024674 -0.009370
v -0.035895 0.027025 0.002266
v -0.040036 0.013094 -0.002263
v -0.035895 0.027025 0.002266
v -0.021246 0.023109 0.000917
v -0.028359 0.024913 0.013871
v -0.043005 0.028745 0.015470
v -0.021246 0.023109 0.000917
v -0.025388 0.009178 -0.003612
v -0.032503 0.011058 0.009115
v -0.028359 0.024913 0.013871
v -0.025388 0.009178 -0.003612
v -0.040036 0.013094 -0.002263
v -0.047149 0.014890 0.010715
v -0.032503 0.011058 0.009115
v -0.040036 0.013094 -0.002263
v -0.035895 0.027025 0.002266
v -0.043005 0.028745 0.015470
v -0.047149 0.014890 0.010715
v -0.043005 0.028745 0.015470
v -0.028359 0.024913 0.013871
v -0.033211 0.025331 0.028934
v -0.047853 0.029101 0.030703
v -0.028359 0.024913 0.013871
v -0.032503 0.011058 0.009115
v -0.037362 0.011606 0.023824
v -0.033211 0.025331 0.028934
v -0.032503 0.011058 0.009115
v -0.047149 0.014890 0.010715
v -0.052004 0.015376 0.025593
v -0.037362 0.011606 0.023824
v -0.047149 0.014890 0.010715
v -0.043005 0.028745 0.015470
v -0.047853 0.029101 0.030703
v -0.052004 0.015376 0.025593
v -0.047853 0.029101 0.030703
v -0.033211 0.025331 0.028934
v -0.035819 0.025785 0.042259
v -0.050458 0.029512 0.044138
v -0.033211 0.025331 0.028934
v -0.037362 0.011606 0.023824
v -0.039974 0.012125 0.036979
v -0.035819 0.025785 0.042259
v -0.037362 0.011606 0.023824
v -0.052004 0.015376 0.025593
v -0.054613 0.015852 0.038858
v -0.039974 0.012125 0.036979
v -0.052004 0.015376 0.025593
v -0.047853 0.029101 0.030703
v -0.050458 0.029512 0.044138
v -0.054613 0.015852 0.038858
v -0.050458 0.029512 0.044138
v -0.035819 0.025785 0.042259
v -0.034496 0.025731 0.057288
v -0.049117 0.029278 0.059608
v -0.035819 0.025785 0.042259
v -0.039974 0.012125 0.036979
v -0.038660 0.012157 0.051798
v -0.034496 0.025731 0.057288
v -0.039974 0.012125 0.036979
v -0.054613 0.015852 0.038858
v -0.053281 0.015704 0.054118
v -0.038660 0.012157 0.051798
v -0.054613 0.015852 0.038858
v -0.050458 0.029512 0.044138
v -0.049117 0.029278 0.059608
v -0.053281 0.015704 0.054118
v -0.049117 0.029278 0.059608
v -0.034496 0.025731 0.057288
v -0.027259 0.025125 0.067822
v -0.041867 0.028588 0.070338
v -0.034496 0.025731 0.057288
v -0.038660 0.012157 0.051798
v -0.031429 0.011589 0.062243
v -0.027259 0.025125 0.067822
v -0.038660 0.012157 0.051798
v -0.053281 0.015704 0.054118
v -0.046037 0.015052 0.064759
v -0.031429 0.011589 0.062243
v -0.053281 0.015704 0.054118
v -0.049117 0.029278 0.059608
v -0.041867 0.028588 0.070338
v -0.046037 0.015052 0.064759
v -0.041867 0.028588 0.070338
v -0.027259 0.025125 0.067822
v -0.014752 0.024162 0.074662
v -0.029299 0.027329 0.077837
v -0.027259 0.025125 0.067822
v -0.031429 0.011589 0.062243
v -0.018940 0.010712 0.068893
v -0.014752 0.024162 0.074662
v -0.031429 0.011589 0.062243
v -0.046037 0.015052 0.064759
v -0.033487 0.013879 0.072068
v -0.018940 0.010712 0.068893
v -0.046037 0.015052 0.064759
v -0.041867 0.028588 0.070338
v -0.029299 0.027329 0.077837
v -0.033487 0.013879 0.072068
v -0.029299 0.027329 0.077837
v -0.014752 0.024162 0.074662
v -0.002911 0.020220 0.079712
v -0.017286 0.022843 0.083977
v -0.014752 0.024162 0.074662
v -0.018940 0.010712 0.068893
v -0.007170 0.006996 0.073490
v -0.002911 0.020220 0.079712
v -0.018940 0.010712 0.068893
v -0.033487 0.013879 0.072068
v -0.021545 0.009619 0.077755
v -0.007170 0.006996 0.073490
v -0.033487 0.013879 0.072068
v -0.029299 0.027329 0.077837
v -0.017286 0.022843 0.083977
v -0.021545 0.009619 0.077755
v -0.017286 0.022843 0.083977
v -0.002911 0.020220 0.079712
v 0.008909 0.014255 0.082567
v -0.005373 0.016630 0.087271
v -0.002911 0.020220 0.079712
v -0.007170 0.006996 0.073490
v 0.004544 0.001311 0.075849
v 0.008909 0.014255 0.082567
v -0.007170 0.006996 0.073490
v -0.021545 0.009619 0.077755
v -0.009738 0.003686 0.080553
v 0.004544 0.001311 0.075849
v -0.021545 0.009619 0.077755
v -0.017286 0.022843 0.083977
v -0.005373 0.016630 0.087271
v -0.009738 0.003686 0.080553
v -0.005373 0.016630 0.087271
v 0.008909 0.014255 0.082567
v 0.008909 0.014255 0.082567
v -0.005373 0.016630 0.087271
v 0.008909 0.014255 0.082567
v 0.004544 0.001311 0.075849
v 0.004544 0.001311 0.075849
v 0.008909 0.014255 0.082567
v 0.004544 0.001311 0.075849
v -0.009738 0.003686 0.080553
v -0.009738 0.003686 0.080553
v 0.004544 0.001311 0.075849
v -0.009738 0.003686 0.080553
v -0.005373 0.016630 0.087271
v -0.005373 0.016630 0.087271
v -0.009738 0.003686 0.080553
v -0.048794 -0.058767 -0.075176
v -0.034007 -0.055796 -0.077238
v -0.034178 -0.050545 -0.070892
v -0.048965 -0.053516 -0.068830
v -0.034007 -0.055796 -0.077238
v -0.030404 -0.067143 -0.067751
v -0.030575 -0.061892 -0.061405
v -0.034178 -0.050545 -0.070892
v -0.030404 -0.067143 -0.067751
v -0.045191 -0.070115 -0.065690
v -0.045362 -0.064864 -0.059344
v -0.030575 -0.061892 -0.061405
v -0.045191 -0.070115 -0.065690
v -0.048794 -0.058767 -0.075176
v -0.048965 -0.053516 -0.068830
v -0.045362 -0.064864 -0.059344
v -0.049131 0.026054 -0.005533
v -0.034631 0.027488 -0.009941
v -0.031448 0.013885 -0.003895
v -0.045947 0.012451 0.000513
v -0.045191 -0.070115 -0.065690
v -0.030404 -0.067143 -0.067751
v -0.034007 -0.055796 -0.077238
v -0.048794 -0.058767 -0.075176
v -0.048965 -0.053516 -0.068830
v -0.034178 -0.050545 -0.070892
v -0.045578 -0.041378 -0.066693
v -0.060364 -0.044363 -0.064648
v -0.034178 -0.050545 -0.070892
v -0.030575 -0.061892 -0.061405
v -0.041974 -0.052765 -0.057255
v -0.045578 -0.041378 -0.066693
v -0.030575 -0.061892 -0.061405
v -0.045362 -0.064864 -0.059344
v -0.056760 -0.055750 -0.055210
v -0.041974 -0.052765 -0.057255
v -0.045362 -0.064864 -0.059344
v -0.048965 -0.053516 -0.068830
v -0.060364 -0.044363 -0.064648
v -0.056760 -0.055750 -0.055210
v -0.060364 -0.044363 -0.064648
v -0.045578 -0.041378 -0.066693
v -0.054588 -0.033791 -0.062496
v -0.069376 -0.036676 -0.060327
v -0.045578 -0.041378 -0.066693
v -0.041974 -0.052765 -0.057255
v -0.050980 -0.045335 -0.053251
v -0.054588 -0.033791 -0.062496
v -0.041974 -0.052765 -0.057255
v -0.056760 -0.055750 -0.055210
v -0.065769 -0.048219 -0.051082
v -0.050980 -0.045335 -0.053251
v -0.056760 -0.055750 -0.055210
v -0.060364 -0.044363 -0.064648
v -0.069376 -0.036676 -0.060327
v -0.065769 -0.048219 -0.051082
v -0.069376 -0.036676 -0.060327
v -0.054588 -0.033791 -0.062496
v -0.062407 -0.024429 -0.056300
v -0.077193 -0.027110 -0.053871
v -0.054588 -0.033791 -0.062496
v -0.050980 -0.045335 -0.053251
v -0.058802 -0.036204 -0.047351
v -0.062407 -0.024429 -0.056300
v -0.050980 -0.045335 -0.053251
v -0.065769 -0.048219 -0.051082
v -0.073588 -0.038885 -0.044922
v -0.058802 -0.036204 -0.047351
v -0.065769 -0.048219 -0.051082
v -0.069376 -0.036676 -0.060327
v -0.077193 -0.027110 -0.053871
v -0.073588 -0.038885 -0.044922
v -0.077193 -0.027110 -0.053871
v -0.062407 -0.024429 -0.056300
v -0.066143 -0.012648 -0.047703
v -0.080918 -0.015122 -0.044995
v -0.062407 -0.024429 -0.056300
v -0.058802 -0.036204 -0.047351
v -0.062560 -0.024779 -0.039235
v -0.066143 -0.012648 -0.047703
v -0.058802 -0.036204 -0.047351
v -0.073588 -0.038885 -0.044922
v -0.077334 -0.027253 -0.036527
v -0.062560 -0.024779 -0.039235
v -0.073588 -0.038885 -0.044922
v -0.077193 -0.027110 -0.053871
v -0.080918 -0.015122 -0.044995
v -0.077334 -0.027253 -0.036527
v -0.080918 -0.015122 -0.044995
v -0.066143 -0.012648 -0.047703
v -0.065172 -0.003516 -0.040304
v -0.079921 -0.005781 -0.037296
v -0.066143 -0.012648 -0.047703
v -0.062560 -0.024779 -0.039235
v -0.061623 -0.015943 -0.032260
v -0.065172 -0.003516 -0.040304
v -0.062560 -0.024779 -0.039235
v -0.077334 -0.027253 -0.036527
v -0.076372 -0.018208 -0.029251
v -0.061623 -0.015943 -0.032260
v -0.077334 -0.027253 -0.036527
v -0.080918 -0.015122 -0.044995
v -0.079921 -0.005781 -0.037296
v -0.076372 -0.018208 -0.029251
v -0.079921 -0.005781 -0.037296
v -0.065172 -0.003516 -0.040304
v -0.061307 0.008811 -0.029103
v -0.075957 0.007010 -0.025380
v -0.065172 -0.003516 -0.040304
v -0.061623 -0.015943 -0.032260
v -0.057850 -0.004047 -0.021724
v -0.061307 0.008811 -0.029103
v -0.061623 -0.015943 -0.032260
v -0.076372 -0.018208 -0.029251
v -0.072500 -0.005849 -0.018001
v -0.057850 -0.004047 -0.021724
v -0.076372 -0.018208 -0.029251
v -0.079921 -0.005781 -0.037296
v -0.075957 0.007010 -0.025380
v -0.072500 -0.005849 -0.018001
v -0.075957 0.007010 -0.025380
v -0.061307 0.008811 -0.029103
v -0.055210 0.016588 -0.021024
v -0.069826 0.014895 -0.017121
v -0.061307 0.008811 -0.029103
v -0.057850 -0.004047 -0.021724
v -0.051845 0.003443 -0.014125
v -0.055210 0.016588 -0.021024
v -0.057850 -0.004047 -0.021724
v -0.072500 -0.005849 -0.018001
v -0.066461 0.001750 -0.010221
v -0.051845 0.003443 -0.014125
v -0.072500 -0.005849 -0.018001
v -0.075957 0.007010 -0.025380
v -0.069826 0.014895 -0.017121
v -0.066461 0.001750 -0.010221
v -0.069826 0.014895 -0.017121
v -0.055210 0.016588 -0.021024
v -0.045921 0.022379 -0.015120
v -0.060556 0.020634 -0.011310
v -0.055210 0.016588 -0.021024
v -0.051845 0.003443 -0.014125
v -0.042627 0.009033 -0.008581
v -0.045921 0.022379 -0.015120
v -0.051845 0.003443 -0.014125
v -0.066461 0.001750 -0.010221
v -0.057261 0.007288 -0.004770
v -0.042627 0.009033 -0.008581
v -0.066461 0.001750 -0.010221
v -0.069826 0.014895 -0.017121
v -0.060556 0.020634 -0.011310
v -0.057261 0.007288 -0.004770
v -0.060556 0.020634 -0.011310
v -0.045921 0.022379 -0.015120
v -0.034631 0.027488 -0.009941
v -0.049131 0.026054 -0.005533
v -0.045921 0.022379 -0.015120
v -0.042627 0.009033 -0.008581
v -0.031448 0.013885 -0.003895
v -0.034631 0.027488 -0.009941
v -0.042627 0.009033 -0.008581
v -0.057261 0.007288 -0.004770
v -0.045947 0.012451 0.000513
v -0.031448 0.013885 -0.003895
v -0.057261 0.007288 -0.004770
v -0.060556 0.020634 -0.011310
v -0.049131 0.026054 -0.005533
v -0.045947 0.012451 0.000513
v -0.049131 0.026054 -0.005533
v -0.034631 0.027488 -0.009941
v -0.034631 0.027488 -0.009941
v -0.049131 0.026054 -0.005533
v -0.034631 0.027488 -0.009941
v -0.031448 0.013885 -0.003895
v -0.031448 0.013885 -0.003895
v -0.034631 0.027488 -0.009941
v -0.031448 0.013885 -0.003895
v -0.045947 0.012451 0.000513
v -0.045947 0.012451 0.000513
v -0.031448 0.013885 -0.003895
v -0.045947 0.012451 0.000513
v -0.049131 0.026054 -0.005533
v -0.049131 0.026054 -0.005533
v -0.045947 0.012451 0.000513
v -0.007636 0.015327 0.068042
v 0.007036 0.014773 0.064021
v 0.008717 0.010348 0.070764
v -0.005955 0.010902 0.074785
v 0.007036 0.014773 0.064021
v 0.004423 0.001944 0.056254
v 0.006104 -0.002481 0.062997
v 0.008717 0.010348 0.070764
v 0.004423 0.001944 0.056254
v -0.010249 0.002498 0.060275
v -0.008568 -0.001927 0.067018
v 0.006104 -0.002481 0.062997
v -0.010249 0.002498 0.060275
v -0.007636 0.015327 0.068042
v -0.005955 0.010902 0.074785
v -0.008568 -0.001927 0.067018
v -0.000534 -0.064337 0.139460
v 0.013337 -0.062836 0.133371
v 0.009338 -0.072104 0.121976
v -0.004533 -0.073606 0.128065
v -0.010249 0.002498 0.060275
v 0.004423 0.001944 0.056254
v 0.007036 0.014773 0.064021
v -0.007636 0.015327 0.068042
v -0.005955 0.010902 0.074785
v 0.008717 0.010348 0.070764
v 0.002404 0.005242 0.086382
v -0.012210 0.005644 0.090624
v 0.008717 0.010348 0.070764
v 0.006104 -0.002481 0.062997
v -0.000341 -0.007233 0.078103
v 0.002404 0.005242 0.086382
v 0.006104 -0.002481 0.062997
v -0.008568 -0.001927 0.067018
v -0.014956 -0.006832 0.082345
v -0.000341 -0.007233 0.078103
v -0.008568 -0.001927 0.067018
v -0.005955 0.010902 0.074785
v -0.012210 0.005644 0.090624
v -0.014956 -0.006832 0.082345
v -0.012210 0.005644 0.090624
v 0.002404 0.005242 0.086382
v -0.005616 0.000307 0.097254
v -0.020160 0.000521 0.101744
v 0.002404 0.005242 0.086382
v -0.000341 -0.007233 0.078103
v -0.008485 -0.011839 0.088538
v -0.005616 0.000307 0.097254
v -0.000341 -0.007233 0.078103
v -0.014956 -0.006832 0.082345
v -0.023029 -0.011625 0.093028
v -0.008485 -0.011839 0.088538
v -0.014956 -0.006832 0.082345
v -0.012210 0.005644 0.090624
v -0.020160 0.000521 0.101744
v -0.023029 -0.011625 0.093028
v -0.020160 0.000521 0.101744
v -0.005616 0.000307 0.097254
v -0.010986 -0.007499 0.106497
v -0.025482 -0.007412 0.111142
v -0.005616 0.000307 0.097254
v -0.008485 -0.011839 0.088538
v -0.013993 -0.019275 0.097332
v -0.010986 -0.007499 0.106497
v -0.008485 -0.011839 0.088538
v -0.023029 -0.011625 0.093028
v -0.028490 -0.019188 0.101976
v -0.013993 -0.019275 0.097332
v -0.023029 -0.011625 0.093028
v -0.020160 0.000521 0.101744
v -0.025482 -0.007412 0.111142
v -0.028490 -0.019188 0.101976
v -0.025482 -0.007412 0.111142
v -0.010986 -0.007499 0.106497
v -0.013581 -0.018055 0.114242
v -0.027986 -0.018215 0.119160
v -0.010986 -0.007499 0.106497
v -0.013993 -0.019275 0.097332
v -0.016753 -0.029382 0.104580
v -0.013581 -0.018055 0.114242
v -0.013993 -0.019275 0.097332
v -0.028490 -0.019188 0.101976
v -0.031159 -0.029543 0.109498
v -0.016753 -0.029382 0.104580
v -0.028490 -0.019188 0.101976
v -0.025482 -0.007412 0.111142
v -0.027986 -0.018215 0.119160
v -0.031159 -0.029543 0.109498
v -0.027986 -0.018215 0.119160
v -0.013581 -0.018055 0.114242
v -0.009655 -0.031314 0.121648
v -0.023857 -0.032000 0.127084
v -0.013581 -0.018055 0.114242
v -0.016753 -0.029382 0.104580
v -0.013043 -0.042083 0.111436
v -0.009655 -0.031314 0.121648
v -0.016753 -0.029382 0.104580
v -0.031159 -0.029543 0.109498
v -0.027245 -0.042769 0.116872
v -0.013043 -0.042083 0.111436
v -0.031159 -0.029543 0.109498
v -0.027986 -0.018215 0.119160
v -0.023857 -0.032000 0.127084
v -0.027245 -0.042769 0.116872
v -0.023857 -0.032000 0.127084
v -0.009655 -0.031314 0.121648
v -0.004606 -0.041427 0.126332
v -0.018670 -0.042453 0.132066
v -0.009655 -0.031314 0.121648
v -0.013043 -0.042083 0.111436
v -0.008172 -0.051760 0.115737
v -0.004606 -0.041427 0.126332
v -0.013043 -0.042083 0.111436
v -0.027245 -0.042769 0.116872
v -0.022236 -0.052785 0.121471
v -0.008172 -0.051760 0.115737
v -0.027245 -0.042769 0.116872
v -0.023857 -0.032000 0.127084
v -0.018670 -0.042453 0.132066
v -0.022236 -0.052785 0.121471
v -0.018670 -0.042453 0.132066
v -0.004606 -0.041427 0.126332
v 0.004118 -0.051946 0.130308
v -0.009866 -0.053168 0.136198
v -0.004606 -0.041427 0.126332
v -0.008172 -0.051760 0.115737
v 0.000349 -0.061783 0.119319
v 0.004118 -0.051946 0.130308
v -0.008172 -0.051760 0.115737
v -0.022236 -0.052785 0.121471
v -0.013635 -0.063005 0.125209
v 0.000349 -0.061783 0.119319
v -0.022236 -0.052785 0.121471
v -0.018670 -0.042453 0.132066
v -0.009866 -0.053168 0.136198
v -0.013635 -0.063005 0.125209
v -0.009866 -0.053168 0.136198
v 0.004118 -0.051946 0.130308
v 0.013337 -0.062836 0.133371
v -0.000534 -0.064337 0.139460
v 0.004118 -0.051946 0.130308
v 0.000349 -0.061783 0.119319
v 0.009338 -0.072104 0.121976
v 0.013337 -0.062836 0.133371
v 0.000349 -0.061783 0.119319
v -0.013635 -0.063005 0.125209
v -0.004533 -0.073606 0.128065
v 0.009338 -0.072104 0.121976
v -0.013635 -0.063005 0.125209
v -0.009866 -0.053168 0.136198
v -0.000534 -0.064337 0.139460
v -0.004533 -0.073606 0.128065
v -0.000534 -0.064337 0.139460
v 0.013337 -0.062836 0.133371
v 0.013337 -0.062836 0.133371
v -0.000534 -0.064337 0.139460
v 0.013337 -0.062836 0.133371
v 0.009338 -0.072104 0.121976
v 0.009338 -0.072104 0.121976
v 0.013337 -0.062836 0.133371
v 0.009338 -0.072104 0.121976
v -0.004533 -0.073606 0.128065
v -0.004533 -0.073606 0.128065
v 0.009338 -0.072104 0.121976
v -0.004533 -0.073606 0.128065
v -0.000534 -0.064337 0.139460
v -0.000534 -0.064337 0.139460
v -0.004533 -0.073606 0.128065
v -0.010007 -0.083887 0.102266
v 0.000865 -0.079221 0.092687
v 0.006580 -0.080787 0.098411
v -0.004292 -0.085453 0.107989
v 0.000865 -0.079221 0.092687
v 0.002286 -0.093418 0.087383
v 0.008001 -0.094985 0.093107
v 0.006580 -0.080787 0.098411
v 0.002286 -0.093418 0.087383
v -0.008586 -0.098085 0.096962
v -0.002872 -0.099651 0.102686
v 0.008001 -0.094985 0.093107
v -0.008586 -0.098085 0.096962
v -0.010007 -0.083887 0.102266
v -0.004292 -0.085453 0.107989
v -0.002872 -0.099651 0.102686
v -0.004292 -0.085453 0.107989
v 0.006580 -0.080787 0.098411
v 0.008001 -0.094985 0.093107
v -0.002872 -0.099651 0.102686
v -0.011937 0.028456 0.087731
v -0.003190 0.018343 0.080453
v 0.005325 0.029687 0.074926
v -0.003421 0.039799 0.082203
v -0.008586 -0.098085 0.096962
v 0.002286 -0.093418 0.087383
v -0.003255 -0.082745 0.094657
v -0.014432 -0.087332 0.103917
v 0.002286 -0.093418 0.087383
v 0.000865 -0.079221 0.092687
v -0.005101 -0.068437 0.099517
v -0.003255 -0.082745 0.094657
v 0.000865 -0.079221 0.092687
v -0.010007 -0.083887 0.102266
v -0.016278 -0.073025 0.108777
v -0.005101 -0.068437 0.099517
v -0.010007 -0.083887 0.102266
v -0.008586 -0.098085 0.096962
v -0.014432 -0.087332 0.103917
v -0.016278 -0.073025 0.108777
v -0.014432 -0.087332 0.103917
v -0.003255 -0.082745 0.094657
v -0.011083 -0.069715 0.094105
v -0.022415 -0.074268 0.103193
v -0.003255 -0.082745 0.094657
v -0.005101 -0.068437 0.099517
v -0.013238 -0.055338 0.098621
v -0.011083 -0.069715 0.094105
v -0.005101 -0.068437 0.099517
v -0.016278 -0.073025 0.108777
v -0.024570 -0.059891 0.107708
v -0.013238 -0.055338 0.098621
v -0.016278 -0.073025 0.108777
v -0.014432 -0.087332 0.103917
v -0.022415 -0.074268 0.103193
v -0.024570 -0.059891 0.107708
v -0.022415 -0.074268 0.103193
v -0.011083 -0.069715 0.094105
v -0.016556 -0.057079 0.095534
v -0.027909 -0.061628 0.104597
v -0.011083 -0.069715 0.094105
v -0.013238 -0.055338 0.098621
v -0.018882 -0.042668 0.099852
v -0.016556 -0.057079 0.095534
v -0.013238 -0.055338 0.098621
v -0.024570 -0.059891 0.107708
v -0.030235 -0.047217 0.108915
v -0.018882 -0.042668 0.099852
v -0.024570 -0.059891 0.107708
v -0.022415 -0.074268 0.103193
v -0.027909 -0.061628 0.104597
v -0.030235 -0.047217 0.108915
v -0.027909 -0.061628 0.104597
v -0.016556 -0.057079 0.095534
v -0.019218 -0.042553 0.095744
v -0.030679 -0.047083 0.104681
v -0.016556 -0.057079 0.095534
v -0.018882 -0.042668 0.099852
v -0.021749 -0.028106 0.099821
v -0.019218 -0.042553 0.095744
v -0.018882 -0.042668 0.099852
v -0.030235 -0.047217 0.108915
v -0.033210 -0.032636 0.108758
v -0.021749 -0.028106 0.099821
v -0.030235 -0.047217 0.108915
v -0.027909 -0.061628 0.104597
v -0.030679 -0.047083 0.104681
v -0.033210 -0.032636 0.108758
v -0.030679 -0.047083 0.104681
v -0.019218 -0.042553 0.095744
v -0.019549 -0.026970 0.093917
v -0.031222 -0.031466 0.102592
v -0.019218 -0.042553 0.095744
v -0.021749 -0.028106 0.099821
v -0.022238 -0.012498 0.097800
v -0.019549 -0.026970 0.093917
v -0.021749 -0.028106 0.099821
v -0.033210 -0.032636 0.108758
v -0.033910 -0.016995 0.106475
v -0.022238 -0.012498 0.097800
v -0.033210 -0.032636 0.108758
v -0.030679 -0.047083 0.104681
v -0.031222 -0.031466 0.102592
v -0.033910 -0.016995 0.106475
v -0.031222 -0.031466 0.102592
v -0.019549 -0.026970 0.093917
v -0.018316 -0.012257 0.091289
v -0.029957 -0.016758 0.100004
v -0.019549 -0.026970 0.093917
v -0.022238 -0.012498 0.097800
v -0.021118 0.002231 0.095027
v -0.018316 -0.012257 0.091289
v -0.022238 -0.012498 0.097800
v -0.033910 -0.016995 0.106475
v -0.032759 -0.002270 0.103743
v -0.021118 0.002231 0.095027
v -0.033910 -0.016995 0.106475
v -0.031222 -0.031466 0.102592
v -0.029957 -0.016758 0.100004
v -0.032759 -0.002270 0.103743
v -0.029957 -0.016758 0.100004
v -0.018316 -0.012257 0.091289
v -0.015104 0.002648 0.088598
v -0.023317 0.014055 0.094442
v -0.018316 -0.012257 0.091289
v -0.021118 0.002231 0.095027
v -0.023182 -0.007348 0.096756
v -0.015104 0.002648 0.088598
v -0.021118 0.002231 0.095027
v -0.032759 -0.002270 0.103743
v -0.031395 0.004060 0.102600
v -0.023182 -0.007348 0.096756
v -0.032759 -0.002270 0.103743
v -0.029957 -0.016758 0.100004
v -0.023317 0.014055 0.094442
v -0.031395 0.004060 0.102600
v -0.023317 0.014055 0.094442
v -0.015104 0.002648 0.088598
v -0.008113 0.013503 0.088641
v -0.015460 0.024910 0.095543
v -0.015104 0.002648 0.088598
v -0.023182 -0.007348 0.096756
v -0.017713 0.003509 0.094941
v -0.008113 0.013503 0.088641
v -0.023182 -0.007348 0.096756
v -0.031395 0.004060 0.102600
v -0.025059 0.014916 0.101844
v -0.017713 0.003509 0.094941
v -0.031395 0.004060 0.102600
v -0.023317 0.014055 0.094442
v -0.015460 0.024910 0.095543
v -0.025059 0.014916 0.101844
v -0.015460 0.024910 0.095543
v -0.008113 0.013503 0.088641
v -0.010155 0.011326 0.089628
v -0.018750 0.021402 0.097134
v -0.008113 0.013503 0.088641
v -0.017713 0.003509 0.094941
v -0.000097 0.022294 0.086423
v -0.010155 0.011326 0.089628
v -0.017713 0.003509 0.094941
v -0.025059 0.014916 0.101844
v -0.008692 0.032369 0.093929
v -0.000097 0.022294 0.086423
v -0.025059 0.014916 0.101844
v -0.015460 0.024910 0.095543
v -0.018750 0.021402 0.097134
v -0.008692 0.032369 0.093929
v -0.018750 0.021402 0.097134
v -0.010155 0.011326 0.089628
v -0.003190 0.018343 0.080453
v -0.011937 0.028456 0.087731
v -0.010155 0.011326 0.089628
v -0.000097 0.022294 0.086423
v 0.005325 0.029687 0.074926
v -0.003190 0.018343 0.080453
v -0.000097 0.022294 0.086423
v -0.008692 0.032369 0.093929
v -0.003421 0.039799 0.082203
v 0.005325 0.029687 0.074926
v -0.008692 0.032369 0.093929
v -0.018750 0.021402 0.097134
v -0.011937 0.028456 0.087731
v -0.003421 0.039799 0.082203
v -0.011937 0.028456 0.087731
v -0.003190 0.018343 0.080453
v -0.003190 0.018343 0.080453
v -0.011937 0.028456 0.087731
v -0.003190 0.018343 0.080453
v 0.005325 0.029687 0.074926
v 0.005325 0.029687 0.074926
v -0.003190 0.018343 0.080453
v 0.005325 0.029687 0.074926
v -0.003421 0.039799 0.082203
v -0.003421 0.039799 0.082203
v 0.005325 0.029687 0.074926
v -0.003421 0.039799 0.082203
v -0.011937 0.028456 0.087731
v -0.011937 0.028456 0.087731
v -0.003421 0.039799 0.082203
v -0.031135 0.038941 -0.052864
v -0.017233 0.044076 -0.056340
v -0.015309 0.044289 -0.048332
v -0.029212 0.039153 -0.044856
v -0.017233 0.044076 -0.056340
v -0.012151 0.029751 -0.057181
v -0.010228 0.029964 -0.049173
v -0.015309 0.044289 -0.048332
v -0.012151 0.029751 -0.057181
v -0.026054 0.024616 -0.053705
v -0.024130 0.024828 -0.045697
v -0.010228 0.029964 -0.049173
v -0.026054 0.024616 -0.053705
v -0.031135 0.038941 -0.052864
v -0.029212 0.039153 -0.044856
v -0.024130 0.024828 -0.045697
v -0.029212 0.039153 -0.044856
v -0.015309 0.044289 -0.048332
v -0.010228 0.029964 -0.049173
v -0.024130 0.024828 -0.045697
v 0.018542 -0.005955 -0.166220
v 0.032652 -0.000287 -0.166941
v 0.027100 0.012857 -0.172248
v 0.012990 0.007188 -0.171527
v -0.026054 0.024616 -0.053705
v -0.012151 0.029751 -0.057181
v -0.020950 0.024822 -0.068065
v -0.034891 0.019676 -0.064765
v -0.012151 0.029751 -0.057181
v -0.017233 0.044076 -0.056340
v -0.026270 0.039083 -0.068301
v -0.020950 0.024822 -0.068065
v -0.017233 0.044076 -0.056340
v -0.031135 0.038941 -0.052864
v -0.040211 0.033937 -0.065002
v -0.026270 0.039083 -0.068301
v -0.031135 0.038941 -0.052864
v -0.026054 0.024616 -0.053705
v -0.034891 0.019676 -0.064765
v -0.040211 0.033937 -0.065002
v -0.034891 0.019676 -0.064765
v -0.020950 0.024822 -0.068065
v -0.026740 0.022711 -0.078651
v -0.040672 0.017569 -0.075307
v -0.020950 0.024822 -0.068065
v -0.026270 0.039083 -0.068301
v -0.032171 0.036909 -0.079450
v -0.026740 0.022711 -0.078651
v -0.026270 0.039083 -0.068301
v -0.040211 0.033937 -0.065002
v -0.046103 0.031768 -0.076107
v -0.032171 0.036909 -0.079450
v -0.040211 0.033937 -0.065002
v -0.034891 0.019676 -0.064765
v -0.040672 0.017569 -0.075307
v -0.046103 0.031768 -0.076107
v -0.040672 0.017569 -0.075307
v -0.026740 0.022711 -0.078651
v -0.032729 0.020412 -0.089327
v -0.046694 0.015245 -0.086163
v -0.026740 0.022711 -0.078651
v -0.032171 0.036909 -0.079450
v -0.038240 0.034547 -0.090568
v -0.032729 0.020412 -0.089327
v -0.032171 0.036909 -0.079450
v -0.046103 0.031768 -0.076107
v -0.052205 0.029381 -0.087404
v -0.038240 0.034547 -0.090568
v -0.046103 0.031768 -0.076107
v -0.040672 0.017569 -0.075307
v -0.046694 0.015245 -0.086163
v -0.052205 0.029381 -0.087404
v -0.046694 0.015245 -0.086163
v -0.032729 0.020412 -0.089327
v -0.038248 0.017389 -0.099982
v -0.052278 0.012150 -0.097256
v -0.032729 0.020412 -0.089327
v -0.038240 0.034547 -0.090568
v -0.043838 0.031437 -0.101753
v -0.038248 0.017389 -0.099982
v -0.038240 0.034547 -0.090568
v -0.052205 0.029381 -0.087404
v -0.057868 0.026198 -0.099028
v -0.043838 0.031437 -0.101753
v -0.052205 0.029381 -0.087404
v -0.046694 0.015245 -0.086163
v -0.052278 0.012150 -0.097256
v -0.057868 0.026198 -0.099028
v -0.052278 0.012150 -0.097256
v -0.038248 0.017389 -0.099982
v -0.041316 0.013970 -0.111513
v -0.055412 0.008606 -0.109447
v -0.038248 0.017389 -0.099982
v -0.043838 0.031437 -0.101753
v -0.046968 0.027900 -0.113910
v -0.041316 0.013970 -0.111513
v -0.043838 0.031437 -0.101753
v -0.057868 0.026198 -0.099028
v -0.061064 0.022536 -0.111845
v -0.046968 0.027900 -0.113910
v -0.057868 0.026198 -0.099028
v -0.052278 0.012150 -0.097256
v -0.055412 0.008606 -0.109447
v -0.061064 0.022536 -0.111845
v -0.055412 0.008606 -0.109447
v -0.041316 0.013970 -0.111513
v -0.038790 0.010516 -0.123244
v -0.052911 0.005031 -0.121744
v -0.041316 0.013970 -0.111513
v -0.046968 0.027900 -0.113910
v -0.044469 0.024316 -0.126250
v -0.038790 0.010516 -0.123244
v -0.046968 0.027900 -0.113910
v -0.061064 0.022536 -0.111845
v -0.058590 0.018831 -0.124750
v -0.044469 0.024316 -0.126250
v -0.061064 0.022536 -0.111845
v -0.055412 0.008606 -0.109447
v -0.052911 0.005031 -0.121744
v -0.058590 0.018831 -0.124750
v -0.052911 0.005031 -0.121744
v -0.038790 0.010516 -0.123244
v -0.030075 0.008473 -0.133737
v -0.044195 0.002882 -0.132692
v -0.038790 0.010516 -0.123244
v -0.044469 0.024316 -0.126250
v -0.035753 0.022154 -0.137248
v -0.030075 0.008473 -0.133737
v -0.044469 0.024316 -0.126250
v -0.058590 0.018831 -0.124750
v -0.049873 0.016563 -0.136203
v -0.035753 0.022154 -0.137248
v -0.058590 0.018831 -0.124750
v -0.052911 0.005031 -0.121744
v -0.044195 0.002882 -0.132692
v -0.049873 0.016563 -0.136203
v -0.044195 0.002882 -0.132692
v -0.030075 0.008473 -0.133737
v -0.016316 0.007903 -0.142619
v -0.030427 0.002251 -0.141806
v -0.030075 0.008473 -0.133737
v -0.035753 0.022154 -0.137248
v -0.021978 0.021473 -0.146557
v -0.016316 0.007903 -0.142619
v -0.035753 0.022154 -0.137248
v -0.049873 0.016563 -0.136203
v -0.036089 0.015822 -0.145744
v -0.021978 0.021473 -0.146557
v -0.049873 0.016563 -0.136203
v -0.044195 0.002882 -0.132692
v -0.030427 0.002251 -0.141806
v -0.036089 0.015822 -0.145744
v -0.030427 0.002251 -0.141806
v -0.016316 0.007903 -0.142619
v -0.002816 0.006006 -0.150182
v -0.016921 0.000327 -0.149464
v -0.016316 0.007903 -0.142619
v -0.021978 0.021473 -0.146557
v -0.008455 0.019467 -0.154510
v -0.002816 0.006006 -0.150182
v -0.021978 0.021473 -0.146557
v -0.036089 0.015822 -0.145744
v -0.022561 0.013788 -0.153792
v -0.008455 0.019467 -0.154510
v -0.036089 0.015822 -0.145744
v -0.030427 0.002251 -0.141806
v -0.016921 0.000327 -0.149464
v -0.022561 0.013788 -0.153792
v -0.016921 0.000327 -0.149464
v -0.002816 0.006006 -0.150182
v 0.010351 0.004306 -0.155559
v -0.003744 -0.001417 -0.154987
v -0.002816 0.006006 -0.150182
v -0.008455 0.019467 -0.154510
v 0.004736 0.017670 -0.160206
v 0.010351 0.004306 -0.155559
v -0.008455 0.019467 -0.154510
v -0.022561 0.013788 -0.153792
v -0.009359 0.011947 -0.159634
v 0.004736 0.017670 -0.160206
v -0.022561 0.013788 -0.153792
v -0.016921 0.000327 -0.149464
v -0.003744 -0.001417 -0.154987
v -0.009359 0.011947 -0.159634
v -0.003744 -0.001417 -0.154987
v 0.010351 0.004306 -0.155559
v 0.021849 0.001960 -0.161389
v 0.007762 -0.003790 -0.160900
v 0.010351 0.004306 -0.155559
v 0.004736 0.017670 -0.160206
v 0.016268 0.015206 -0.166401
v 0.021849 0.001960 -0.161389
v 0.004736 0.017670 -0.160206
v -0.009359 0.011947 -0.159634
v 0.002181 0.009457 -0.165911
v 0.016268 0.015206 -0.166401
v -0.009359 0.011947 -0.159634
v -0.003744 -0.001417 -0.154987
v 0.007762 -0.003790 -0.160900
v 0.002181 0.009457 -0.165911
v 0.007762 -0.003790 -0.160900
v 0.021849 0.001960 -0.161389
v 0.032652 -0.000287 -0.166941
v 0.018542 -0.005955 -0.166220
v 0.021849 0.001960 -0.161389
v 0.016268 0.015206 -0.166401
v 0.027100 0.012857 -0.172248
v 0.032652 -0.000287 -0.166941
v 0.016268 0.015206 -0.166401
v 0.002181 0.009457 -0.165911
v 0.012990 0.007188 -0.171527
v 0.027100 0.012857 -0.172248
v 0.002181 0.009457 -0.165911
v 0.007762 -0.003790 -0.160900
v 0.018542 -0.005955 -0.166220
v 0.012990 0.007188 -0.171527
v 0.018542 -0.005955 -0.166220
v 0.032652 -0.000287 -0.166941
v 0.032652 -0.000287 -0.166941
v 0.018542 -0.005955 -0.166220
v 0.032652 -0.000287 -0.166941
v 0.027100 0.012857 -0.172248
v 0.027100 0.012857 -0.172248
v 0.032652 -0.000287 -0.166941
v 0.027100 0.012857 -0.172248
v 0.012990 0.007188 -0.171527
v 0.012990 0.007188 -0.171527
v 0.027100 0.012857 -0.172248
v 0.012990 0.007188 -0.171527
v 0.018542 -0.005955 -0.166220
v 0.018542 -0.005955 -0.166220
v 0.012990 0.007188 -0.171527
v -0.028966 0.069549 -0.048270
v -0.014834 0.074185 -0.051516
v -0.012990 0.074185 -0.043486
v -0.027121 0.069549 -0.040241
v -0.014834 0.074185 -0.051516
v -0.010316 0.059686 -0.052554
v -0.008471 0.059685 -0.044525
v -0.012990 0.074185 -0.043486
v -0.010316 0.059686 -0.052554
v -0.024447 0.055050 -0.049308
v -0.022603 0.055049 -0.041279
v -0.008471 0.059685 -0.044525
v -0.024447 0.055050 -0.049308
v -0.028966 0.069549 -0.048270
v -0.027121 0.069549 -0.040241
v -0.022603 0.055049 -0.041279
v -0.027121 0.069549 -0.040241
v -0.012990 0.074185 -0.043486
v -0.008471 0.059685 -0.044525
v -0.022603 0.055049 -0.041279
v -0.004828 0.051905 -0.145213
v 0.009505 0.056989 -0.145882
v 0.004443 0.070703 -0.150128
v -0.009890 0.065619 -0.149459
v -0.024447 0.055050 -0.049308
v -0.010316 0.059686 -0.052554
v -0.021770 0.060050 -0.063351
v -0.035939 0.055409 -0.060283
v -0.010316 0.059686 -0.052554
v -0.014834 0.074185 -0.051516
v -0.026484 0.074524 -0.063228
v -0.021770 0.060050 -0.063351
v -0.014834 0.074185 -0.051516
v -0.028966 0.069549 -0.048270
v -0.040654 0.069883 -0.060160
v -0.026484 0.074524 -0.063228
v -0.028966 0.069549 -0.048270
v -0.024447 0.055050 -0.049308
v -0.035939 0.055409 -0.060283
v -0.040654 0.069883 -0.060160
v -0.035939 0.055409 -0.060283
v -0.021770 0.060050 -0.063351
v -0.028204 0.060754 -0.074801
v -0.042373 0.056113 -0.071731
v -0.021770 0.060050 -0.063351
v -0.026484 0.074524 -0.063228
v -0.033015 0.075192 -0.075182
v -0.028204 0.060754 -0.074801
v -0.026484 0.074524 -0.063228
v -0.040654 0.069883 -0.060160
v -0.047185 0.070550 -0.072112
v -0.033015 0.075192 -0.075182
v -0.040654 0.069883 -0.060160
v -0.035939 0.055409 -0.060283
v -0.042373 0.056113 -0.071731
v -0.047185 0.070550 -0.072112
v -0.042373 0.056113 -0.071731
v -0.028204 0.060754 -0.074801
v -0.032303 0.061516 -0.087460
v -0.046508 0.056853 -0.084596
v -0.028204 0.060754 -0.074801
v -0.033015 0.075192 -0.075182
v -0.037223 0.075886 -0.088467
v -0.032303 0.061516 -0.087460
v -0.033015 0.075192 -0.075182
v -0.047185 0.070550 -0.072112
v -0.051428 0.071223 -0.085603
v -0.037223 0.075886 -0.088467
v -0.047185 0.070550 -0.072112
v -0.042373 0.056113 -0.071731
v -0.046508 0.056853 -0.084596
v -0.051428 0.071223 -0.085603
v -0.046508 0.056853 -0.084596
v -0.032303 0.061516 -0.087460
v -0.034726 0.062058 -0.099488
v -0.048983 0.057344 -0.096985
v -0.032303 0.061516 -0.087460
v -0.037223 0.075886 -0.088467
v -0.039726 0.076351 -0.101052
v -0.034726 0.062058 -0.099488
v -0.037223 0.075886 -0.088467
v -0.051428 0.071223 -0.085603
v -0.053982 0.071637 -0.098548
v -0.039726 0.076351 -0.101052
v -0.051428 0.071223 -0.085603
v -0.046508 0.056853 -0.084596
v -0.048983 0.057344 -0.096985
v -0.053982 0.071637 -0.098548
v -0.048983 0.057344 -0.096985
v -0.034726 0.062058 -0.099488
v -0.034519 0.061718 -0.114701
v -0.048843 0.056883 -0.112925
v -0.034726 0.062058 -0.099488
v -0.039726 0.076351 -0.101052
v -0.039583 0.075896 -0.116950
v -0.034519 0.061718 -0.114701
v -0.039726 0.076351 -0.101052
v -0.053982 0.071637 -0.098548
v -0.053908 0.071061 -0.115174
v -0.039583 0.075896 -0.116950
v -0.053982 0.071637 -0.098548
v -0.048983 0.057344 -0.096985
v -0.048843 0.056883 -0.112925
v -0.053908 0.071061 -0.115174
v -0.048843 0.056883 -0.112925
v -0.034519 0.061718 -0.114701
v -0.026174 0.061040 -0.127760
v -0.040519 0.056100 -0.126519
v -0.034519 0.061718 -0.114701
v -0.039583 0.075896 -0.116950
v -0.031264 0.075084 -0.130692
v -0.026174 0.061040 -0.127760
v -0.039583 0.075896 -0.116950
v -0.053908 0.071061 -0.115174
v -0.045609 0.070144 -0.129451
v -0.031264 0.075084 -0.130692
v -0.053908 0.071061 -0.115174
v -0.048843 0.056883 -0.112925
v -0.040519 0.056100 -0.126519
v -0.045609 0.070144 -0.129451
v -0.040519 0.056100 -0.126519
v -0.026174 0.061040 -0.127760
v -0.012720 0.059422 -0.139045
v -0.027062 0.054397 -0.138167
v -0.026174 0.061040 -0.127760
v -0.031264 0.075084 -0.130692
v -0.017803 0.073281 -0.142761
v -0.012720 0.059422 -0.139045
v -0.031264 0.075084 -0.130692
v -0.045609 0.070144 -0.129451
v -0.032146 0.068256 -0.141882
v -0.017803 0.073281 -0.142761
v -0.045609 0.070144 -0.129451
v -0.040519 0.056100 -0.126519
v -0.027062 0.054397 -0.138167
v -0.032146 0.068256 -0.141882
v -0.027062 0.054397 -0.138167
v -0.012720 0.059422 -0.139045
v -0.002230 0.057838 -0.145032
v -0.016566 0.052769 -0.144314
v -0.012720 0.059422 -0.139045
v -0.017803 0.073281 -0.142761
v -0.007294 0.071566 -0.149233
v -0.002230 0.057838 -0.145032
v -0.017803 0.073281 -0.142761
v -0.032146 0.068256 -0.141882
v -0.021630 0.066496 -0.148515
v -0.007294 0.071566 -0.149233
v -0.032146 0.068256 -0.141882
v -0.027062 0.054397 -0.138167
v -0.016566 0.052769 -0.144314
v -0.021630 0.066496 -0.148515
v -0.016566 0.052769 -0.144314
v -0.002230 0.057838 -0.145032
v 0.009505 0.056989 -0.145882
v -0.004828 0.051905 -0.145213
v -0.002230 0.057838 -0.145032
v -0.007294 0.071566 -0.149233
v 0.004443 0.070703 -0.150128
v 0.009505 0.056989 -0.145882
v -0.007294 0.071566 -0.149233
v -0.021630 0.066496 -0.148515
v -0.009890 0.065619 -0.149459
v 0.004443 0.070703 -0.150128
v -0.021630 0.066496 -0.148515
v -0.016566 0.052769 -0.144314
v -0.004828 0.051905 -0.145213
v -0.009890 0.065619 -0.149459
v -0.004828 0.051905 -0.145213
v 0.009505 0.056989 -0.145882
v 0.009505 0.056989 -0.145882
v -0.004828 0.051905 -0.145213
v 0.009505 0.056989 -0.145882
v 0.004443 0.070703 -0.150128
v 0.004443 0.070703 -0.150128
v 0.009505 0.056989 -0.145882
v 0.004443 0.070703 -0.150128
v -0.009890 0.065619 -0.149459
v -0.009890 0.065619 -0.149459
v 0.004443 0.070703 -0.150128
v -0.009890 0.065619 -0.149459
v -0.004828 0.051905 -0.145213
v -0.004828 0.051905 -0.145213
v -0.009890 0.065619 -0.149459
v -0.052193 0.050972 -0.024221
v -0.045881 0.062937 -0.031202
v -0.042326 0.065193 -0.024121
v -0.048638 0.053228 -0.017140
v -0.045881 0.062937 -0.031202
v -0.033686 0.054499 -0.034636
v -0.030131 0.056755 -0.027555
v -0.042326 0.065193 -0.024121
v -0.033686 0.054499 -0.034636
v -0.039998 0.042534 -0.027655
v -0.036443 0.044790 -0.020574
v -0.030131 0.056755 -0.027555
v -0.039998 0.042534 -0.027655
v -0.052193 0.050972 -0.024221
v -0.048638 0.053228 -0.017140
v -0.036443 0.044790 -0.020574
v -0.048638 0.053228 -0.017140
v -0.042326 0.065193 -0.024121
v -0.030131 0.056755 -0.027555
v -0.036443 0.044790 -0.020574
v -0.033317 0.024265 -0.131484
v -0.026561 0.037282 -0.135564
v -0.040072 0.043037 -0.139574
v -0.046828 0.030020 -0.135494
v -0.039998 0.042534 -0.027655
v -0.033686 0.054499 -0.034636
v -0.040179 0.053921 -0.049981
v -0.046611 0.041863 -0.043276
v -0.033686 0.054499 -0.034636
v -0.045881 0.062937 -0.031202
v -0.053050 0.061829 -0.048106
v -0.040179 0.053921 -0.049981
v -0.045881 0.062937 -0.031202
v -0.052193 0.050972 -0.024221
v -0.059482 0.049771 -0.041401
v -0.053050 0.061829 -0.048106
v -0.052193 0.050972 -0.024221
v -0.039998 0.042534 -0.027655
v -0.046611 0.041863 -0.043276
v -0.059482 0.049771 -0.041401
v -0.046611 0.041863 -0.043276
v -0.040179 0.053921 -0.049981
v -0.044451 0.051321 -0.060858
v -0.050879 0.039266 -0.054144
v -0.040179 0.053921 -0.049981
v -0.053050 0.061829 -0.048106
v -0.057560 0.058968 -0.059679
v -0.044451 0.051321 -0.060858
v -0.053050 0.061829 -0.048106
v -0.059482 0.049771 -0.041401
v -0.063989 0.046914 -0.052965
v -0.057560 0.058968 -0.059679
v -0.059482 0.049771 -0.041401
v -0.046611 0.041863 -0.043276
v -0.050879 0.039266 -0.054144
v -0.063989 0.046914 -0.052965
v -0.050879 0.039266 -0.054144
v -0.044451 0.051321 -0.060858
v -0.046832 0.048908 -0.072757
v -0.053390 0.036677 -0.066501
v -0.044451 0.051321 -0.060858
v -0.057560 0.058968 -0.059679
v -0.060133 0.056294 -0.072260
v -0.046832 0.048908 -0.072757
v -0.057560 0.058968 -0.059679
v -0.063989 0.046914 -0.052965
v -0.066691 0.044064 -0.066003
v -0.060133 0.056294 -0.072260
v -0.063989 0.046914 -0.052965
v -0.050879 0.039266 -0.054144
v -0.053390 0.036677 -0.066501
v -0.066691 0.044064 -0.066003
v -0.053390 0.036677 -0.066501
v -0.046832 0.048908 -0.072757
v -0.047734 0.046060 -0.085505
v -0.054410 0.033614 -0.079826
v -0.046832 0.048908 -0.072757
v -0.060133 0.056294 -0.072260
v -0.061220 0.053111 -0.085906
v -0.047734 0.046060 -0.085505
v -0.060133 0.056294 -0.072260
v -0.066691 0.044064 -0.066003
v -0.067896 0.040664 -0.080227
v -0.061220 0.053111 -0.085906
v -0.066691 0.044064 -0.066003
v -0.053390 0.036677 -0.066501
v -0.054410 0.033614 -0.079826
v -0.067896 0.040664 -0.080227
v -0.054410 0.033614 -0.079826
v -0.047734 0.046060 -0.085505
v -0.046103 0.042983 -0.100281
v -0.052849 0.030320 -0.095195
v -0.047734 0.046060 -0.085505
v -0.061220 0.053111 -0.085906
v -0.059707 0.049667 -0.101685
v -0.046103 0.042983 -0.100281
v -0.061220 0.053111 -0.085906
v -0.067896 0.040664 -0.080227
v -0.066453 0.037004 -0.096598
v -0.059707 0.049667 -0.101685
v -0.067896 0.040664 -0.080227
v -0.054410 0.033614 -0.079826
v -0.052849 0.030320 -0.095195
v -0.066453 0.037004 -0.096598
v -0.052849 0.030320 -0.095195
v -0.046103 0.042983 -0.100281
v -0.041824 0.040957 -0.113428
v -0.048591 0.028062 -0.108994
v -0.046103 0.042983 -0.100281
v -0.059707 0.049667 -0.101685
v -0.055459 0.047310 -0.115762
v -0.041824 0.040957 -0.113428
v -0.059707 0.049667 -0.101685
v -0.066453 0.037004 -0.096598
v -0.062226 0.034416 -0.111328
v -0.055459 0.047310 -0.115762
v -0.066453 0.037004 -0.096598
v -0.052849 0.030320 -0.095195
v -0.048591 0.028062 -0.108994
v -0.062226 0.034416 -0.111328
v -0.048591 0.028062 -0.108994
v -0.041824 0.040957 -0.113428
v -0.035210 0.038862 -0.125593
v -0.041957 0.025817 -0.121589
v -0.041824 0.040957 -0.113428
v -0.055459 0.047310 -0.115762
v -0.048800 0.044885 -0.128872
v -0.035210 0.038862 -0.125593
v -0.055459 0.047310 -0.115762
v -0.062226 0.034416 -0.111328
v -0.055548 0.031840 -0.124867
v -0.048800 0.044885 -0.128872
v -0.062226 0.034416 -0.111328
v -0.048591 0.028062 -0.108994
v -0.041957 0.025817 -0.121589
v -0.055548 0.031840 -0.124867
v -0.041957 0.025817 -0.121589
v -0.035210 0.038862 -0.125593
v -0.026561 0.037282 -0.135564
v -0.033317 0.024265 -0.131484
v -0.035210 0.038862 -0.125593
v -0.048800 0.044885 -0.128872
v -0.040072 0.043037 -0.139574
v -0.026561 0.037282 -0.135564
v -0.048800 0.044885 -0.128872
v -0.055548 0.031840 -0.124867
v -0.046828 0.030020 -0.135494
v -0.040072 0.043037 -0.139574
v -0.055548 0.031840 -0.124867
v -0.041957 0.025817 -0.121589
v -0.033317 0.024265 -0.131484
v -0.046828 0.030020 -0.135494
v -0.033317 0.024265 -0.131484
v -0.026561 0.037282 -0.135564
v -0.026561 0.037282 -0.135564
v -0.033317 0.024265 -0.131484
v -0.026561 0.037282 -0.135564
v -0.040072 0.043037 -0.139574
v -0.040072 0.043037 -0.139574
v -0.026561 0.037282 -0.135564
v -0.040072 0.043037 -0.139574
v -0.046828 0.030020 -0.135494
v -0.046828 0.030020 -0.135494
v -0.040072 0.043037 -0.139574
v -0.046828 0.030020 -0.135494
v -0.033317 0.024265 -0.131484
v -0.033317 0.024265 -0.131484
v -0.046828 0.030020 -0.135494
v -0.065616 -0.075614 0.037361
v -0.052505 -0.074027 0.044931
v -0.050651 -0.081901 0.043372
v -0.063763 -0.083489 0.035802
v -0.052505 -0.074027 0.044931
v -0.045570 -0.069842 0.032042
v -0.043716 -0.077717 0.030483
v -0.050651 -0.081901 0.043372
v -0.045570 -0.069842 0.032042
v -0.058681 -0.071430 0.024472
v -0.056828 -0.079304 0.022913
v -0.043716 -0.077717 0.030483
v -0.058681 -0.071430 0.024472
v -0.065616 -0.075614 0.037361
v -0.063763 -0.083489 0.035802
v -0.056828 -0.079304 0.022913
v -0.063763 -0.083489 0.035802
v -0.050651 -0.081901 0.043372
v -0.043716 -0.077717 0.030483
v -0.056828 -0.079304 0.022913
v -0.021371 -0.032394 0.102822
v -0.008004 -0.032583 0.110103
v -0.015283 -0.032387 0.123471
v -0.028650 -0.032198 0.116190
v -0.058681 -0.071430 0.024472
v -0.045570 -0.069842 0.032042
v -0.042792 -0.072496 0.046271
v -0.056045 -0.073390 0.038835
v -0.045570 -0.069842 0.032042
v -0.052505 -0.074027 0.044931
v -0.049827 -0.076196 0.059254
v -0.042792 -0.072496 0.046271
v -0.052505 -0.074027 0.044931
v -0.065616 -0.075614 0.037361
v -0.063080 -0.077090 0.051819
v -0.049827 -0.076196 0.059254
v -0.065616 -0.075614 0.037361
v -0.058681 -0.071430 0.024472
v -0.056045 -0.073390 0.038835
v -0.063080 -0.077090 0.051819
v -0.056045 -0.073390 0.038835
v -0.042792 -0.072496 0.046271
v -0.041996 -0.068937 0.057358
v -0.055272 -0.069692 0.049948
v -0.042792 -0.072496 0.046271
v -0.049827 -0.076196 0.059254
v -0.049092 -0.072263 0.070409
v -0.041996 -0.068937 0.057358
v -0.049827 -0.076196 0.059254
v -0.063080 -0.077090 0.051819
v -0.062368 -0.073018 0.062999
v -0.049092 -0.072263 0.070409
v -0.063080 -0.077090 0.051819
v -0.056045 -0.073390 0.038835
v -0.055272 -0.069692 0.049948
v -0.062368 -0.073018 0.062999
v -0.055272 -0.069692 0.049948
v -0.041996 -0.068937 0.057358
v -0.039929 -0.064844 0.069396
v -0.053258 -0.065198 0.062052
v -0.041996 -0.068937 0.057358
v -0.049092 -0.072263 0.070409
v -0.047079 -0.067763 0.082514
v -0.039929 -0.064844 0.069396
v -0.049092 -0.072263 0.070409
v -0.062368 -0.073018 0.062999
v -0.060408 -0.068117 0.075170
v -0.047079 -0.067763 0.082514
v -0.062368 -0.073018 0.062999
v -0.055272 -0.069692 0.049948
v -0.053258 -0.065198 0.062052
v -0.060408 -0.068117 0.075170
v -0.053258 -0.065198 0.062052
v -0.039929 -0.064844 0.069396
v -0.035935 -0.060088 0.081231
v -0.049278 -0.060311 0.073907
v -0.039929 -0.064844 0.069396
v -0.047079 -0.067763 0.082514
v -0.043130 -0.062567 0.094415
v -0.035935 -0.060088 0.081231
v -0.047079 -0.067763 0.082514
v -0.060408 -0.068117 0.075170
v -0.056473 -0.062790 0.087091
v -0.043130 -0.062567 0.094415
v -0.060408 -0.068117 0.075170
v -0.053258 -0.065198 0.062052
v -0.049278 -0.060311 0.073907
v -0.056473 -0.062790 0.087091
v -0.049278 -0.060311 0.073907
v -0.035935 -0.060088 0.081231
v -0.030612 -0.055664 0.091544
v -0.043972 -0.055674 0.084248
v -0.035935 -0.060088 0.081231
v -0.043130 -0.062567 0.094415
v -0.037840 -0.057730 0.104781
v -0.030612 -0.055664 0.091544
v -0.043130 -0.062567 0.094415
v -0.056473 -0.062790 0.087091
v -0.051200 -0.057740 0.097485
v -0.037840 -0.057730 0.104781
v -0.056473 -0.062790 0.087091
v -0.049278 -0.060311 0.073907
v -0.043972 -0.055674 0.084248
v -0.051200 -0.057740 0.097485
v -0.043972 -0.055674 0.084248
v -0.030612 -0.055664 0.091544
v -0.024016 -0.048460 0.102070
v -0.037385 -0.048278 0.094793
v -0.030612 -0.055664 0.091544
v -0.037840 -0.057730 0.104781
v -0.031276 -0.049873 0.115374
v -0.024016 -0.048460 0.102070
v -0.037840 -0.057730 0.104781
v -0.051200 -0.057740 0.097485
v -0.044646 -0.049691 0.108098
v -0.031276 -0.049873 0.115374
v -0.051200 -0.057740 0.097485
v -0.043972 -0.055674 0.084248
v -0.037385 -0.048278 0.094793
v -0.044646 -0.049691 0.108098
v -0.037385 -0.048278 0.094793
v -0.024016 -0.048460 0.102070
v -0.017826 -0.040233 0.108105
v -0.031193 -0.040147 0.100821
v -0.024016 -0.048460 0.102070
v -0.031276 -0.049873 0.115374
v -0.025104 -0.040996 0.121453
v -0.017826 -0.040233 0.108105
v -0.031276 -0.049873 0.115374
v -0.044646 -0.049691 0.108098
v -0.038471 -0.040909 0.114170
v -0.025104 -0.040996 0.121453
v -0.044646 -0.049691 0.108098
v -0.037385 -0.048278 0.094793
v -0.031193 -0.040147 0.100821
v -0.038471 -0.040909 0.114170
v -0.031193 -0.040147 0.100821
v -0.017826 -0.040233 0.108105
v -0.008004 -0.032583 0.110103
v -0.021371 -0.032394 0.102822
v -0.017826 -0.040233 0.108105
v -0.025104 -0.040996 0.121453
v -0.015283 -0.032387 0.123471
v -0.008004 -0.032583 0.110103
v -0.025104 -0.040996 0.121453
v -0.038471 -0.040909 0.114170
v -0.028650 -0.032198 0.116190
v -0.015283 -0.032387 0.123471
v -0.038471 -0.040909 0.114170
v -0.031193 -0.040147 0.100821
v -0.021371 -0.032394 0.102822
v -0.028650 -0.032198 0.116190
v -0.021371 -0.032394 0.102822
v -0.008004 -0.032583 0.110103
v -0.008004 -0.032583 0.110103
v -0.021371 -0.032394 0.102822
v -0.008004 -0.032583 0.110103
v -0.015283 -0.032387 0.123471
v -0.015283 -0.032387 0.123471
v -0.008004 -0.032583 0.110103
v -0.015283 -0.032387 0.123471
v -0.028650 -0.032198 0.116190
v -0.028650 -0.032198 0.116190
v -0.015283 -0.032387 0.123471
v -0.028650 -0.032198 0.116190
v -0.021371 -0.032394 0.102822
v -0.021371 -0.032394 0.102822
v -0.028650 -0.032198 0.116190
v 0.150856 -0.015540 -0.255792
v 0.530343 -0.137868 -0.224282
v 0.514759 -0.036858 -0.240825
v 0.173692 -0.143639 -0.204344
v 0.550520 -0.220552 -0.127850
v 0.530343 -0.137868 -0.224282
v 0.104623 -0.214332 -0.135526
v 0.543816 -0.244675 -0.024799
v 0.550520 -0.220552 -0.127850
v 0.147274 -0.217172 0.081352
v 0.524949 -0.230615 0.067275
v 0.543816 -0.244675 -0.024799
v 0.147274 -0.217172 0.081352
v 0.531997 -0.161849 0.147645
v 0.524949 -0.230615 0.067275
v 0.166675 -0.145041 0.153582
v 0.543816 -0.039675 0.180201
v 0.531997 -0.161849 0.147645
v 0.141428 -0.036481 0.217761
v 0.534845 0.040256 0.173394
v 0.543816 -0.039675 0.180201
v 0.147605 0.141276 0.073920
v 0.526940 0.142446 0.080200
v 0.534845 0.040256 0.173394
v 0.147605 0.141276 0.073920
v 0.526940 0.169911 -0.022300
v 0.526940 0.142446 0.080200
v 0.096693 0.163176 0.003209
v 0.543816 0.137860 -0.127299
v 0.526940 0.169911 -0.022300
v 0.094099 0.147095 -0.122856
v 0.543816 0.062825 -0.202334
v 0.543816 0.137860 -0.127299
v 0.098578 0.083673 -0.193538
v 0.514759 -0.036858 -0.240825
v 0.543816 0.062825 -0.202334
v 0.141428 -0.036481 0.217761
v 0.166675 -0.145041 0.153582
v 0.147274 -0.217172 0.081352
v 0.530343 -0.137868 -0.224282
v 0.579292 -0.142332 -0.175986
v 0.573983 -0.030406 -0.195943
v 0.530343 -0.137868 -0.224282
v 0.591550 -0.185451 -0.119545
v 0.579292 -0.142332 -0.175986
v 0.543816 -0.244675 -0.024799
v 0.583816 -0.205725 -0.024799
v 0.591550 -0.185451 -0.119545
v 0.543816 -0.244675 -0.024799
v 0.583816 -0.183479 0.058226
v 0.583816 -0.205725 -0.024799
v 0.531997 -0.161849 0.147645
v 0.583816 -0.122700 0.119004
v 0.583816 -0.183479 0.058226
v 0.543816 -0.039675 0.180201
v 0.583816 -0.039675 0.141251
v 0.583816 -0.122700 0.119004
v 0.543816 -0.039675 0.180201
v 0.583816 0.043350 0.119005
v 0.583816 -0.039675 0.141251
v 0.526940 0.142446 0.080200
v 0.583816 0.104128 0.058226
v 0.583816 0.043350 0.119005
v 0.526940 0.142446 0.080200
v 0.526940 0.169911 -0.022300
v 0.583816 0.104128 0.058226
v 0.543816 0.137860 -0.127299
v 0.594299 0.136523 -0.115197
v 0.569813 0.156157 -0.026982
v 0.543816 0.137860 -0.127299
v 0.543816 0.062825 -0.202334
v 0.583816 0.043350 -0.168602
v 0.543816 0.062825 -0.202334
v 0.573983 -0.030406 -0.195943
v 0.583816 0.043350 -0.168602
v 0.573983 -0.030406 -0.195943
v 0.621550 -0.108897 -0.153001
v 0.603411 -0.027890 -0.177238
v 0.579292 -0.142332 -0.175986
v 0.591550 -0.185451 -0.119545
v 0.632390 -0.144463 -0.103750
v 0.621550 -0.108897 -0.153001
v 0.591550 -0.185451 -0.119545
v 0.583816 -0.205725 -0.024799
v 0.632390 -0.144463 -0.103750
v 0.583816 -0.205725 -0.024799
v 0.583816 -0.183479 0.058226
v 0.619179 -0.161498 0.043158
v 0.619179 -0.179518 -0.024092
v 0.583816 -0.183479 0.058226
v 0.583816 -0.122700 0.119004
v 0.619179 -0.161498 0.043158
v 0.583816 -0.122700 0.119004
v 0.583816 -0.039675 0.141251
v 0.624467 -0.044539 0.117057
v 0.624467 -0.111789 0.099038
v 0.583816 -0.039675 0.141251
v 0.583816 0.043350 0.119005
v 0.624467 -0.044539 0.117057
v 0.583816 0.043350 0.119005
v 0.583816 0.104128 0.058226
v 0.613816 0.076806 0.042451
v 0.583816 0.104128 0.058226
v 0.618282 0.119443 -0.033261
v 0.613816 0.076806 0.042451
v 0.594299 0.136523 -0.115197
v 0.623595 0.084936 -0.081406
v 0.618282 0.119443 -0.033261
v 0.594299 0.136523 -0.115197
v 0.583816 0.043350 -0.168602
v 0.623595 0.084936 -0.081406
v 0.583816 0.043350 -0.168602
v 0.603411 -0.027890 -0.177238
v 0.603411 0.039360 -0.159219
v 0.603411 -0.027890 -0.177238
v 0.643816 -0.083798 -0.101222
v 0.633411 -0.027890 -0.130984
v 0.621550 -0.108897 -0.153001
v 0.643816 -0.116098 -0.068922
v 0.643816 -0.083798 -0.101222
v 0.632390 -0.144463 -0.103750
v 0.649179 -0.133263 -0.024092
v 0.643816 -0.116098 -0.068922
v 0.619179 -0.179518 -0.024092
v 0.619179 -0.161498 0.043158
v 0.649179 -0.121441 0.020031
v 0.649179 -0.133263 -0.024092
v 0.619179 -0.161498 0.043158
v 0.654467 -0.088662 0.058980
v 0.649179 -0.121441 0.020031
v 0.624467 -0.111789 0.099038
v 0.624467 -0.044539 0.117057
v 0.654467 -0.044539 0.070803
v 0.654467 -0.088662 0.058980
v 0.624467 -0.044539 0.117057
v 0.643816 0.004448 0.051624
v 0.654467 -0.044539 0.070803
v 0.613816 0.076806 0.042451
v 0.654944 0.042895 0.020766
v 0.643816 0.004448 0.051624
v 0.613816 0.076806 0.042451
v 0.654944 0.054718 -0.023357
v 0.654944 0.042895 0.020766
v 0.618282 0.119443 -0.033261
v 0.643816 0.036748 -0.068922
v 0.654944 0.054718 -0.023357
v 0.623595 0.084936 -0.081406
v 0.633411 0.016233 -0.119161
v 0.643816 0.036748 -0.068922
v 0.603411 0.039360 -0.159219
v 0.603411 -0.027890 -0.177238
v 0.633411 -0.027890 -0.130984
v 0.633411 0.016233 -0.119161
v 0.643816 -0.083798 -0.101222
v 0.687387 -0.045526 -0.054427
v 0.666985 -0.040217 -0.070479
v 0.643816 -0.083798 -0.101222
v 0.643816 -0.116098 -0.068922
v 0.666985 -0.076770 -0.049375
v 0.643816 -0.116098 -0.068922
v 0.666985 -0.082425 -0.028271
v 0.666985 -0.076770 -0.049375
v 0.649179 -0.133263 -0.024092
v 0.649179 -0.121441 0.020031
v 0.666985 -0.082425 -0.028271
v 0.649179 -0.121441 0.020031
v 0.666985 -0.061321 0.008282
v 0.686988 -0.078673 -0.007911
v 0.654467 -0.088662 0.058980
v 0.654467 -0.044539 0.070803
v 0.666985 -0.040217 0.013936
v 0.666985 -0.061321 0.008282
v 0.643816 0.004448 0.051624
v 0.666985 -0.019113 0.008281
v 0.666985 -0.040217 0.013936
v 0.643816 0.004448 0.051624
v 0.664944 0.003025 -0.002253
v 0.666985 -0.019113 0.008281
v 0.654944 0.042895 0.020766
v 0.654944 0.054718 -0.023357
v 0.664944 0.008680 -0.023357
v 0.664944 0.003025 -0.002253
v 0.643816 0.036748 -0.068922
v 0.666985 -0.003664 -0.049375
v 0.664944 0.008680 -0.023357
v 0.643816 0.036748 -0.068922
v 0.666985 -0.019113 -0.064824
v 0.666985 -0.003664 -0.049375
v 0.633411 0.016233 -0.119161
v 0.633411 -0.027890 -0.130984
v 0.666985 -0.040217 -0.070479
v 0.666985 -0.019113 -0.064824
v 0.666985 -0.019113 -0.064824
v 0.666985 -0.040217 -0.070479
v 0.687387 -0.045526 -0.054427
v 0.104623 -0.214332 -0.135526
v 0.093816 -0.254675 -0.029799
v 0.543816 -0.244675 -0.024799
v 0.543816 -0.244675 -0.024799
v 0.093816 -0.254675 -0.029799
v 0.147274 -0.217172 0.081352
v 0.147274 -0.217172 0.081352
v 0.093816 -0.254675 -0.029799
v 0.104623 -0.214332 -0.135526
v 0.173692 -0.143639 -0.204344
v 0.104623 -0.214332 -0.135526
v 0.550520 -0.220552 -0.127850
v 0.147274 -0.217172 0.081352
v 0.104623 -0.214332 -0.135526
v 0.173692 -0.143639 -0.204344
v 0.150856 -0.015540 -0.255792
v 0.173692 -0.143639 -0.204344
v 0.530343 -0.137868 -0.224282
v 0.147274 -0.217172 0.081352
v 0.173692 -0.143639 -0.204344
v 0.150856 -0.015540 -0.255792
v 0.098578 0.083673 -0.193538
v 0.150856 -0.015540 -0.255792
v 0.514759 -0.036858 -0.240825
v 0.147274 -0.217172 0.081352
v 0.150856 -0.015540 -0.255792
v 0.098578 0.083673 -0.193538
v 0.094099 0.147095 -0.122856
v 0.098578 0.083673 -0.193538
v 0.543816 0.062825 -0.202334
v 0.147274 -0.217172 0.081352
v 0.098578 0.083673 -0.193538
v 0.094099 0.147095 -0.122856
v 0.096693 0.163176 0.003209
v 0.094099 0.147095 -0.122856
v 0.543816 0.137860 -0.127299
v 0.147274 -0.217172 0.081352
v 0.094099 0.147095 -0.122856
v 0.096693 0.163176 0.003209
v 0.147605 0.141276 0.073920
v 0.096693 0.163176 0.003209
v 0.526940 0.169911 -0.022300
v 0.147274 -0.217172 0.081352
v 0.096693 0.163176 0.003209
v 0.147605 0.141276 0.073920
v 0.147274 -0.217172 0.081352
v 0.147605 0.141276 0.073920
v 0.115799 0.069491 0.167184
v 0.141428 -0.036481 0.217761
v 0.115799 0.069491 0.167184
v 0.534845 0.040256 0.173394
v 0.534845 0.040256 0.173394
v 0.115799 0.069491 0.167184
v 0.147605 0.141276 0.073920
v 0.147274 -0.217172 0.081352
v 0.115799 0.069491 0.167184
v 0.141428 -0.036481 0.217761
v 0.166675 -0.145041 0.153582
v 0.141428 -0.036481 0.217761
v 0.543816 -0.039675 0.180201
v 0.147274 -0.217172 0.081352
v 0.166675 -0.145041 0.153582
v 0.531997 -0.161849 0.147645
v 0.583816 -0.122700 0.119004
v 0.531997 -0.161849 0.147645
v 0.543816 -0.039675 0.180201
v 0.543816 -0.244675 -0.024799
v 0.524949 -0.230615 0.067275
v 0.583816 -0.183479 0.058226
v 0.583816 -0.183479 0.058226
v 0.524949 -0.230615 0.067275
v 0.531997 -0.161849 0.147645
v 0.530343 -0.137868 -0.224282
v 0.550520 -0.220552 -0.127850
v 0.591550 -0.185451 -0.119545
v 0.591550 -0.185451 -0.119545
v 0.550520 -0.220552 -0.127850
v 0.543816 -0.244675 -0.024799
v 0.573983 -0.030406 -0.195943
v 0.514759 -0.036858 -0.240825
v 0.530343 -0.137868 -0.224282
v 0.543816 0.062825 -0.202334
v 0.514759 -0.036858 -0.240825
v 0.573983 -0.030406 -0.195943
v 0.543816 -0.039675 0.180201
v 0.534845 0.040256 0.173394
v 0.583816 0.043350 0.119005
v 0.583816 0.043350 0.119005
v 0.534845 0.040256 0.173394
v 0.526940 0.142446 0.080200
v 0.583816 0.043350 0.119005
v 0.617055 0.034929 0.088850
v 0.624467 -0.044539 0.117057
v 0.613816 0.076806 0.042451
v 0.617055 0.034929 0.088850
v 0.583816 0.043350 0.119005
v 0.624467 -0.044539 0.117057
v 0.617055 0.034929 0.088850
v 0.643816 0.004448 0.051624
v 0.643816 0.004448 0.051624
v 0.617055 0.034929 0.088850
v 0.613816 0.076806 0.042451
v 0.583816 -0.122700 0.119004
v 0.624467 -0.111789 0.099038
v 0.619179 -0.161498 0.043158
v 0.619179 -0.161498 0.043158
v 0.624467 -0.111789 0.099038
v 0.654467 -0.088662 0.058980
v 0.666985 -0.040217 0.013936
v 0.654467 -0.044539 0.070803
v 0.643816 0.004448 0.051624
v 0.649179 -0.121441 0.020031
v 0.654467 -0.088662 0.058980
v 0.666985 -0.061321 0.008282
v 0.583816 -0.205725 -0.024799
v 0.619179 -0.179518 -0.024092
v 0.632390 -0.144463 -0.103750
v 0.632390 -0.144463 -0.103750
v 0.619179 -0.179518 -0.024092
v 0.649179 -0.133263 -0.024092
v 0.643816 -0.116098 -0.068922
v 0.649179 -0.133263 -0.024092
v 0.666985 -0.082425 -0.028271
v 0.573983 -0.030406 -0.195943
v 0.579292 -0.142332 -0.175986
v 0.621550 -0.108897 -0.153001
v 0.603411 -0.027890 -0.177238
v 0.621550 -0.108897 -0.153001
v 0.643816 -0.083798 -0.101222
v 0.583816 0.043350 -0.168602
v 0.603411 0.039360 -0.159219
v 0.623595 0.084936 -0.081406
v 0.623595 0.084936 -0.081406
v 0.603411 0.039360 -0.159219
v 0.633411 0.016233 -0.119161
v 0.666985 -0.040217 -0.070479
v 0.633411 -0.027890 -0.130984
v 0.643816 -0.083798 -0.101222
v 0.643816 0.036748 -0.068922
v 0.633411 0.016233 -0.119161
v 0.666985 -0.019113 -0.064824
v 0.583816 0.043350 -0.168602
v 0.573983 -0.030406 -0.195943
v 0.603411 -0.027890 -0.177238
v 0.526940 0.169911 -0.022300
v 0.569813 0.156157 -0.026982
v 0.583816 0.104128 0.058226
v 0.583816 0.104128 0.058226
v 0.569813 0.156157 -0.026982
v 0.618282 0.119443 -0.033261
v 0.583816 0.043350 -0.168602
v 0.594299 0.136523 -0.115197
v 0.543816 0.137860 -0.127299
v 0.613816 0.076806 0.042451
v 0.618282 0.119443 -0.033261
v 0.654944 0.054718 -0.023357
v 0.569813 0.156157 -0.026982
v 0.526940 0.169911 -0.022300
v 0.543816 0.137860 -0.127299
v 0.618282 0.119443 -0.033261
v 0.569813 0.156157 -0.026982
v 0.594299 0.136523 -0.115197
v 0.618282 0.119443 -0.033261
v 0.623595 0.084936 -0.081406
v 0.643816 0.036748 -0.068922
v 0.643816 0.004448 0.051624
v 0.654944 0.042895 0.020766
v 0.664944 0.003025 -0.002253
v 0.664944 0.008680 -0.023357
v 0.654944 0.054718 -0.023357
v 0.643816 0.036748 -0.068922
v 0.664944 0.003025 -0.002253
v 0.664944 0.008680 -0.023357
v 0.666985 -0.003664 -0.049375
v 0.666985 -0.019113 0.008281
v 0.664944 0.003025 -0.002253
v 0.666985 -0.003664 -0.049375
v 0.666985 -0.076770 -0.049375
v 0.687387 -0.045526 -0.054427
v 0.643816 -0.083798 -0.101222
v 0.687387 -0.045526 -0.054427
v 0.666985 -0.076770 -0.049375
v 0.666985 -0.082425 -0.028271
v 0.687387 -0.045526 -0.054427
v 0.666985 -0.082425 -0.028271
v 0.686988 -0.078673 -0.007911
v 0.687387 -0.045526 -0.054427
v 0.686988 -0.078673 -0.007911
v 0.666985 -0.061321 0.008282
v 0.687387 -0.045526 -0.054427
v 0.666985 -0.061321 0.008282
v 0.666985 -0.040217 0.013936
v 0.687387 -0.045526 -0.054427
v 0.666985 -0.040217 0.013936
v 0.666985 -0.019113 0.008281
v 0.687387 -0.045526 -0.054427
v 0.666985 -0.019113 0.008281
v 0.666985 -0.003664 -0.049375
v 0.687387 -0.045526 -0.054427
v 0.666985 -0.003664 -0.049375
v 0.666985 -0.019113 -0.064824
v 0.649179 -0.121441 0.020031
v 0.686988 -0.078673 -0.007911
v 0.666985 -0.082425 -0.028271
v 0.621550 -0.108897 -0.153001
v 0.632390 -0.144463 -0.103750
v 0.643816 -0.116098 -0.068922
v -0.012369 -0.084795 0.121293
v 0.002358 -0.087413 0.118469
v 0.000285 -0.092172 0.112071
v -0.014442 -0.089553 0.114895
v 0.002358 -0.087413 0.118469
v 0.002760 -0.075265 0.109304
v 0.000687 -0.080023 0.102906
v 0.000285 -0.092172 0.112071
v 0.002760 -0.075265 0.109304
v -0.011967 -0.072647 0.112129
v -0.014040 -0.077405 0.105731
v 0.000687 -0.080023 0.102906
v -0.011967 -0.072647 0.112129
v -0.012369 -0.084795 0.121293
v -0.014442 -0.089553 0.114895
v -0.014040 -0.077405 0.105731
v -0.061900 -0.131546 0.042329
v -0.046829 -0.133350 0.041161
v -0.045508 -0.119049 0.036114
v -0.060579 -0.117245 0.037282
v -0.011967 -0.072647 0.112129
v 0.002760 -0.075265 0.109304
v 0.002358 -0.087413 0.118469
v -0.012369 -0.084795 0.121293
v -0.014442 -0.089553 0.114895
v 0.000285 -0.092172 0.112071
v -0.007270 -0.095972 0.098570
v -0.021999 -0.093356 0.101391
v 0.000285 -0.092172 0.112071
v 0.000687 -0.080023 0.102906
v -0.006750 -0.083559 0.089773
v -0.007270 -0.095972 0.098570
v 0.000687 -0.080023 0.102906
v -0.014040 -0.077405 0.105731
v -0.021479 -0.080943 0.092594
v -0.006750 -0.083559 0.089773
v -0.014040 -0.077405 0.105731
v -0.014442 -0.089553 0.114895
v -0.021999 -0.093356 0.101391
v -0.021479 -0.080943 0.092594
v -0.021999 -0.093356 0.101391
v -0.007270 -0.095972 0.098570
v -0.016985 -0.103018 0.089315
v -0.031753 -0.100488 0.092007
v -0.007270 -0.095972 0.098570
v -0.006750 -0.083559 0.089773
v -0.016298 -0.090238 0.081073
v -0.016985 -0.103018 0.089315
v -0.006750 -0.083559 0.089773
v -0.021479 -0.080943 0.092594
v -0.031065 -0.087708 0.083765
v -0.016298 -0.090238 0.081073
v -0.021479 -0.080943 0.092594
v -0.021999 -0.093356 0.101391
v -0.031753 -0.100488 0.092007
v -0.031065 -0.087708 0.083765
v -0.031753 -0.100488 0.092007
v -0.016985 -0.103018 0.089315
v -0.026663 -0.108991 0.081173
v -0.041467 -0.106537 0.083736
v -0.016985 -0.103018 0.089315
v -0.016298 -0.090238 0.081073
v -0.025816 -0.095868 0.073505
v -0.026663 -0.108991 0.081173
v -0.016298 -0.090238 0.081073
v -0.031065 -0.087708 0.083765
v -0.040619 -0.093414 0.076068
v -0.025816 -0.095868 0.073505
v -0.031065 -0.087708 0.083765
v -0.031753 -0.100488 0.092007
v -0.041467 -0.106537 0.083736
v -0.040619 -0.093414 0.076068
v -0.041467 -0.106537 0.083736
v -0.026663 -0.108991 0.081173
v -0.035525 -0.114244 0.072897
v -0.050407 -0.111962 0.075143
v -0.026663 -0.108991 0.081173
v -0.025816 -0.095868 0.073505
v -0.034544 -0.100831 0.065765
v -0.035525 -0.114244 0.072897
v -0.025816 -0.095868 0.073505
v -0.040619 -0.093414 0.076068
v -0.049426 -0.098549 0.068011
v -0.034544 -0.100831 0.065765
v -0.040619 -0.093414 0.076068
v -0.041467 -0.106537 0.083736
v -0.050407 -0.111962 0.075143
v -0.049426 -0.098549 0.068011
v -0.050407 -0.111962 0.075143
v -0.035525 -0.114244 0.072897
v -0.042929 -0.120322 0.063335
v -0.057931 -0.118331 0.064981
v -0.035525 -0.114244 0.072897
v -0.034544 -0.100831 0.065765
v -0.041818 -0.106592 0.056855
v -0.042929 -0.120322 0.063335
v -0.034544 -0.100831 0.065765
v -0.049426 -0.098549 0.068011
v -0.056820 -0.104602 0.058501
v -0.041818 -0.106592 0.056855
v -0.049426 -0.098549 0.068011
v -0.050407 -0.111962 0.075143
v -0.057931 -0.118331 0.064981
v -0.056820 -0.104602 0.058501
v -0.057931 -0.118331 0.064981
v -0.042929 -0.120322 0.063335
v -0.047310 -0.126860 0.052485
v -0.062340 -0.124943 0.053959
v -0.042929 -0.120322 0.063335
v -0.041818 -0.106592 0.056855
v -0.046082 -0.112816 0.046743
v -0.047310 -0.126860 0.052485
v -0.041818 -0.106592 0.056855
v -0.056820 -0.104602 0.058501
v -0.061111 -0.110899 0.048217
v -0.046082 -0.112816 0.046743
v -0.056820 -0.104602 0.058501
v -0.057931 -0.118331 0.064981
v -0.062340 -0.124943 0.053959
v -0.061111 -0.110899 0.048217
v -0.062340 -0.124943 0.053959
v -0.047310 -0.126860 0.052485
v -0.046829 -0.133350 0.041161
v -0.061900 -0.131546 0.042329
v -0.047310 -0.126860 0.052485
v -0.046082 -0.112816 0.046743
v -0.045508 -0.119049 0.036114
v -0.046829 -0.133350 0.041161
v -0.046082 -0.112816 0.046743
v -0.061111 -0.110899 0.048217
v -0.060579 -0.117245 0.037282
v -0.045508 -0.119049 0.036114
v -0.061111 -0.110899 0.048217
v -0.062340 -0.124943 0.053959
v -0.061900 -0.131546 0.042329
v -0.060579 -0.117245 0.037282
v -0.061900 -0.131546 0.042329
v -0.046829 -0.133350 0.041161
v -0.046829 -0.133350 0.041161
v -0.061900 -0.131546 0.042329
v -0.046829 -0.133350 0.041161
v -0.045508 -0.119049 0.036114
v -0.045508 -0.119049 0.036114
v -0.046829 -0.133350 0.041161
v -0.045508 -0.119049 0.036114
v -0.060579 -0.117245 0.037282
v -0.060579 -0.117245 0.037282
v -0.045508 -0.119049 0.036114
v -0.060579 -0.117245 0.037282
v -0.061900 -0.131546 0.042329
v -0.061900 -0.131546 0.042329
v -0.060579 -0.117245 0.037282
v -0.010635 0.011310 0.099373
v 0.004448 0.009689 0.098102
v 0.003357 0.004451 0.091837
v -0.011726 0.006072 0.093108
v 0.004448 0.009689 0.098102
v 0.004872 0.021327 0.088298
v 0.003781 0.016089 0.082033
v 0.003357 0.004451 0.091837
v 0.004872 0.021327 0.088298
v -0.010211 0.022947 0.089569
v -0.011302 0.017710 0.083305
v 0.003781 0.016089 0.082033
v -0.010211 0.022947 0.089569
v -0.010635 0.011310 0.099373
v -0.011726 0.006072 0.093108
v -0.011302 0.017710 0.083305
v -0.040495 0.083630 0.033997
v -0.042105 0.069731 0.039993
v -0.026968 0.068294 0.040727
v -0.025358 0.082193 0.034731
v -0.010211 0.022947 0.089569
v 0.004872 0.021327 0.088298
v 0.004448 0.009689 0.098102
v -0.010635 0.011310 0.099373
v -0.011726 0.006072 0.093108
v 0.003357 0.004451 0.091837
v -0.009597 0.013379 0.079194
v -0.024710 0.014849 0.080274
v 0.003357 0.004451 0.091837
v 0.003781 0.016089 0.082033
v -0.009054 0.025605 0.070142
v -0.009597 0.013379 0.079194
v 0.003781 0.016089 0.082033
v -0.011302 0.017710 0.083305
v -0.024167 0.027076 0.071222
v -0.009054 0.025605 0.070142
v -0.011302 0.017710 0.083305
v -0.011726 0.006072 0.093108
v -0.024710 0.014849 0.080274
v -0.024167 0.027076 0.071222
v -0.024710 0.014849 0.080274
v -0.009597 0.013379 0.079194
v -0.018015 0.020693 0.072719
v -0.033141 0.022093 0.073700
v -0.009597 0.013379 0.079194
v -0.009054 0.025605 0.070142
v -0.017434 0.033119 0.063944
v -0.018015 0.020693 0.072719
v -0.009054 0.025605 0.070142
v -0.024167 0.027076 0.071222
v -0.032560 0.034519 0.064926
v -0.017434 0.033119 0.063944
v -0.024167 0.027076 0.071222
v -0.024710 0.014849 0.080274
v -0.033141 0.022093 0.073700
v -0.032560 0.034519 0.064926
v -0.033141 0.022093 0.073700
v -0.018015 0.020693 0.072719
v -0.025137 0.028235 0.066409
v -0.040282 0.029528 0.067236
v -0.018015 0.020693 0.072719
v -0.017434 0.033119 0.063944
v -0.024522 0.040859 0.057926
v -0.025137 0.028235 0.066409
v -0.017434 0.033119 0.063944
v -0.032560 0.034519 0.064926
v -0.039667 0.042153 0.058752
v -0.024522 0.040859 0.057926
v -0.032560 0.034519 0.064926
v -0.033141 0.022093 0.073700
v -0.040282 0.029528 0.067236
v -0.039667 0.042153 0.058752
v -0.040282 0.029528 0.067236
v -0.025137 0.028235 0.066409
v -0.030742 0.038105 0.060207
v -0.045891 0.039376 0.060998
v -0.025137 0.028235 0.066409
v -0.024522 0.040859 0.057926
v -0.030109 0.050837 0.051887
v -0.030742 0.038105 0.060207
v -0.024522 0.040859 0.057926
v -0.039667 0.042153 0.058752
v -0.045258 0.052108 0.052678
v -0.030109 0.050837 0.051887
v -0.039667 0.042153 0.058752
v -0.040282 0.029528 0.067236
v -0.045891 0.039376 0.060998
v -0.045258 0.052108 0.052678
v -0.045891 0.039376 0.060998
v -0.030742 0.038105 0.060207
v -0.037710 0.061212 0.042874
v -0.050946 0.056139 0.048424
v -0.030742 0.038105 0.060207
v -0.030109 0.050837 0.051887
v -0.030226 0.051228 0.051594
v -0.037710 0.061212 0.042874
v -0.030109 0.050837 0.051887
v -0.045258 0.052108 0.052678
v -0.043462 0.046154 0.057144
v -0.030226 0.051228 0.051594
v -0.045258 0.052108 0.052678
v -0.045891 0.039376 0.060998
v -0.050946 0.056139 0.048424
v -0.043462 0.046154 0.057144
v -0.050946 0.056139 0.048424
v -0.037710 0.061212 0.042874
v -0.036853 0.076599 0.036166
v -0.050149 0.071006 0.041031
v -0.037710 0.061212 0.042874
v -0.030226 0.051228 0.051594
v -0.029567 0.064895 0.042621
v -0.036853 0.076599 0.036166
v -0.030226 0.051228 0.051594
v -0.043462 0.046154 0.057144
v -0.042863 0.059302 0.047487
v -0.029567 0.064895 0.042621
v -0.043462 0.046154 0.057144
v -0.050946 0.056139 0.048424
v -0.050149 0.071006 0.041031
v -0.042863 0.059302 0.047487
v -0.050149 0.071006 0.041031
v -0.036853 0.076599 0.036166
v -0.042105 0.069731 0.039993
v -0.040495 0.083630 0.033997
v -0.036853 0.076599 0.036166
v -0.029567 0.064895 0.042621
v -0.026968 0.068294 0.040727
v -0.042105 0.069731 0.039993
v -0.029567 0.064895 0.042621
v -0.042863 0.059302 0.047487
v -0.025358 0.082193 0.034731
v -0.026968 0.068294 0.040727
v -0.042863 0.059302 0.047487
v -0.050149 0.071006 0.041031
v -0.040495 0.083630 0.033997
v -0.025358 0.082193 0.034731
v -0.040495 0.083630 0.033997
v -0.042105 0.069731 0.039993
v -0.042105 0.069731 0.039993
v -0.040495 0.083630 0.033997
v -0.042105 0.069731 0.039993
v -0.026968 0.068294 0.040727
v -0.026968 0.068294 0.040727
v -0.042105 0.069731 0.039993
v -0.026968 0.068294 0.040727
v -0.025358 0.082193 0.034731
v -0.025358 0.082193 0.034731
v -0.026968 0.068294 0.040727
v -0.025358 0.082193 0.034731
v -0.040495 0.083630 0.033997
v -0.040495 0.083630 0.033997
v -0.025358 0.082193 0.034731
v -0.038849 -0.046973 0.002434
v -0.027564 -0.036846 0.003780
v -0.022150 -0.042994 0.004650
v -0.033434 -0.053122 0.003304
v -0.027564 -0.036846 0.003780
v -0.025489 -0.037153 -0.011297
v -0.020075 -0.043302 -0.010427
v -0.022150 -0.042994 0.004650
v -0.025489 -0.037153 -0.011297
v -0.036774 -0.047281 -0.012643
v -0.031360 -0.053429 -0.011773
v -0.020075 -0.043302 -0.010427
v -0.036774 -0.047281 -0.012643
v -0.038849 -0.046973 0.002434
v -0.033434 -0.053122 0.003304
v -0.031360 -0.053429 -0.011773
v -0.033434 -0.053122 0.003304
v -0.022150 -0.042994 0.004650
v -0.020075 -0.043302 -0.010427
v -0.031360 -0.053429 -0.011773
v -0.031295 0.047829 -0.067816
v -0.018681 0.056128 -0.065880
v -0.023884 0.060889 -0.052389
v -0.036498 0.052590 -0.054326
v -0.036774 -0.047281 -0.012643
v -0.025489 -0.037153 -0.011297
v -0.035077 -0.023472 -0.015038
v -0.046776 -0.033105 -0.016483
v -0.025489 -0.037153 -0.011297
v -0.027564 -0.036846 0.003780
v -0.038089 -0.022043 -0.000185
v -0.035077 -0.023472 -0.015038
v -0.027564 -0.036846 0.003780
v -0.038849 -0.046973 0.002434
v -0.049787 -0.031676 -0.001630
v -0.038089 -0.022043 -0.000185
v -0.038849 -0.046973 0.002434
v -0.036774 -0.047281 -0.012643
v -0.046776 -0.033105 -0.016483
v -0.049787 -0.031676 -0.001630
v -0.046776 -0.033105 -0.016483
v -0.035077 -0.023472 -0.015038
v -0.039199 -0.012667 -0.019857
v -0.051014 -0.022150 -0.021344
v -0.035077 -0.023472 -0.015038
v -0.038089 -0.022043 -0.000185
v -0.042639 -0.010687 -0.005161
v -0.039199 -0.012667 -0.019857
v -0.038089 -0.022043 -0.000185
v -0.049787 -0.031676 -0.001630
v -0.054454 -0.020170 -0.006648
v -0.042639 -0.010687 -0.005161
v -0.049787 -0.031676 -0.001630
v -0.046776 -0.033105 -0.016483
v -0.051014 -0.022150 -0.021344
v -0.054454 -0.020170 -0.006648
v -0.051014 -0.022150 -0.021344
v -0.039199 -0.012667 -0.019857
v -0.040894 0.000019 -0.026622
v -0.053005 -0.009059 -0.028248
v -0.039199 -0.012667 -0.019857
v -0.042639 -0.010687 -0.005161
v -0.044777 0.002606 -0.012133
v -0.040894 0.000019 -0.026622
v -0.042639 -0.010687 -0.005161
v -0.054454 -0.020170 -0.006648
v -0.056888 -0.006472 -0.013758
v -0.044777 0.002606 -0.012133
v -0.054454 -0.020170 -0.006648
v -0.051014 -0.022150 -0.021344
v -0.053005 -0.009059 -0.028248
v -0.056888 -0.006472 -0.013758
v -0.053005 -0.009059 -0.028248
v -0.040894 0.000019 -0.026622
v -0.039489 0.013488 -0.033959
v -0.051969 0.004968 -0.035800
v -0.040894 0.000019 -0.026622
v -0.044777 0.002606 -0.012133
v -0.043756 0.016655 -0.019694
v -0.039489 0.013488 -0.033959
v -0.044777 0.002606 -0.012133
v -0.056888 -0.006472 -0.013758
v -0.056236 0.008135 -0.021535
v -0.043756 0.016655 -0.019694
v -0.056888 -0.006472 -0.013758
v -0.053005 -0.009059 -0.028248
v -0.051969 0.004968 -0.035800
v -0.056236 0.008135 -0.021535
v -0.051969 0.004968 -0.035800
v -0.039489 0.013488 -0.033959
v -0.036848 0.026556 -0.042158
v -0.049487 0.018299 -0.044113
v -0.039489 0.013488 -0.033959
v -0.043756 0.016655 -0.019694
v -0.041443 0.030267 -0.028127
v -0.036848 0.026556 -0.042158
v -0.043756 0.016655 -0.019694
v -0.056236 0.008135 -0.021535
v -0.054082 0.022010 -0.030083
v -0.041443 0.030267 -0.028127
v -0.056236 0.008135 -0.021535
v -0.051969 0.004968 -0.035800
v -0.049487 0.018299 -0.044113
v -0.054082 0.022010 -0.030083
v -0.049487 0.018299 -0.044113
v -0.036848 0.026556 -0.042158
v -0.033575 0.038457 -0.050145
v -0.046224 0.030218 -0.052109
v -0.036848 0.026556 -0.042158
v -0.041443 0.030267 -0.028127
v -0.038421 0.042601 -0.036322
v -0.033575 0.038457 -0.050145
v -0.041443 0.030267 -0.028127
v -0.054082 0.022010 -0.030083
v -0.051070 0.034363 -0.038286
v -0.038421 0.042601 -0.036322
v -0.054082 0.022010 -0.030083
v -0.049487 0.018299 -0.044113
v -0.046224 0.030218 -0.052109
v -0.051070 0.034363 -0.038286
v -0.046224 0.030218 -0.052109
v -0.033575 0.038457 -0.050145
v -0.028544 0.047403 -0.057474
v -0.041101 0.039006 -0.059356
v -0.033575 0.038457 -0.050145
v -0.038421 0.042601 -0.036322
v -0.033540 0.051805 -0.043785
v -0.028544 0.047403 -0.057474
v -0.038421 0.042601 -0.036322
v -0.051070 0.034363 -0.038286
v -0.046097 0.043408 -0.045667
v -0.033540 0.051805 -0.043785
v -0.051070 0.034363 -0.038286
v -0.046224 0.030218 -0.052109
v -0.041101 0.039006 -0.059356
v -0.046097 0.043408 -0.045667
v -0.041101 0.039006 -0.059356
v -0.028544 0.047403 -0.057474
v -0.018681 0.056128 -0.065880
v -0.031295 0.047829 -0.067816
v -0.028544 0.047403 -0.057474
v -0.033540 0.051805 -0.043785
v -0.023884 0.060889 -0.052389
v -0.018681 0.056128 -0.065880
v -0.033540 0.051805 -0.043785
v -0.046097 0.043408 -0.045667
v -0.036498 0.052590 -0.054326
v -0.023884 0.060889 -0.052389
v -0.046097 0.043408 -0.045667
v -0.041101 0.039006 -0.059356
v -0.031295 0.047829 -0.067816
v -0.036498 0.052590 -0.054326
v -0.031295 0.047829 -0.067816
v -0.018681 0.056128 -0.065880
v -0.018681 0.056128 -0.065880
v -0.031295 0.047829 -0.067816
v -0.018681 0.056128 -0.065880
v -0.023884 0.060889 -0.052389
v -0.023884 0.060889 -0.052389
v -0.018681 0.056128 -0.065880
v -0.023884 0.060889 -0.052389
v -0.036498 0.052590 -0.054326
v -0.036498 0.052590 -0.054326
v -0.023884 0.060889 -0.052389
v -0.036498 0.052590 -0.054326
v -0.031295 0.047829 -0.067816
v -0.031295 0.047829 -0.067816
v -0.036498 0.052590 -0.054326
v -0.042129 0.075384 -0.092002
v -0.027302 0.073637 -0.094978
v -0.026373 0.069496 -0.087917
v -0.041199 0.071243 -0.084941
v -0.027302 0.073637 -0.094978
v -0.030296 0.060594 -0.102234
v -0.029366 0.056453 -0.095173
v -0.026373 0.069496 -0.087917
v -0.030296 0.060594 -0.102234
v -0.045122 0.062341 -0.099258
v -0.044193 0.058200 -0.092197
v -0.029366 0.056453 -0.095173
v -0.045122 0.062341 -0.099258
v -0.042129 0.075384 -0.092002
v -0.041199 0.071243 -0.084941
v -0.044193 0.058200 -0.092197
v -0.026694 0.110256 0.016062
v -0.011891 0.108609 0.012920
v -0.014808 0.095286 0.006159
v -0.029612 0.096932 0.009301
v -0.045122 0.062341 -0.099258
v -0.030296 0.060594 -0.102234
v -0.027302 0.073637 -0.094978
v -0.042129 0.075384 -0.092002
v -0.041199 0.071243 -0.084941
v -0.026373 0.069496 -0.087917
v -0.028488 0.078444 -0.077055
v -0.043281 0.080059 -0.073847
v -0.026373 0.069496 -0.087917
v -0.029366 0.056453 -0.095173
v -0.031425 0.065177 -0.083919
v -0.028488 0.078444 -0.077055
v -0.029366 0.056453 -0.095173
v -0.044193 0.058200 -0.092197
v -0.046218 0.066792 -0.080710
v -0.031425 0.065177 -0.083919
v -0.044193 0.058200 -0.092197
v -0.041199 0.071243 -0.084941
v -0.043281 0.080059 -0.073847
v -0.046218 0.066792 -0.080710
v -0.043281 0.080059 -0.073847
v -0.028488 0.078444 -0.077055
v -0.032888 0.085495 -0.064273
v -0.047681 0.087109 -0.061062
v -0.028488 0.078444 -0.077055
v -0.031425 0.065177 -0.083919
v -0.035802 0.072151 -0.070994
v -0.032888 0.085495 -0.064273
v -0.031425 0.065177 -0.083919
v -0.046218 0.066792 -0.080710
v -0.050595 0.073765 -0.067783
v -0.035802 0.072151 -0.070994
v -0.046218 0.066792 -0.080710
v -0.043281 0.080059 -0.073847
v -0.047681 0.087109 -0.061062
v -0.050595 0.073765 -0.067783
v -0.047681 0.087109 -0.061062
v -0.032888 0.085495 -0.064273
v -0.033151 0.090265 -0.052331
v -0.047952 0.091908 -0.049175
v -0.032888 0.085495 -0.064273
v -0.035802 0.072151 -0.070994
v -0.036049 0.076867 -0.058950
v -0.033151 0.090265 -0.052331
v -0.035802 0.072151 -0.070994
v -0.050595 0.073765 -0.067783
v -0.050850 0.078509 -0.055793
v -0.036049 0.076867 -0.058950
v -0.050595 0.073765 -0.067783
v -0.047681 0.087109 -0.061062
v -0.047952 0.091908 -0.049175
v -0.050850 0.078509 -0.055793
v -0.047952 0.091908 -0.049175
v -0.033151 0.090265 -0.052331
v -0.032818 0.095858 -0.040023
v -0.047623 0.097514 -0.036893
v -0.033151 0.090265 -0.052331
v -0.036049 0.076867 -0.058950
v -0.035691 0.082374 -0.046478
v -0.032818 0.095858 -0.040023
v -0.036049 0.076867 -0.058950
v -0.050850 0.078509 -0.055793
v -0.050496 0.084031 -0.043348
v -0.035691 0.082374 -0.046478
v -0.050850 0.078509 -0.055793
v -0.047952 0.091908 -0.049175
v -0.047623 0.097514 -0.036893
v -0.050496 0.084031 -0.043348
v -0.047623 0.097514 -0.036893
v -0.032818 0.095858 -0.040023
v -0.033345 0.102980 -0.027612
v -0.048140 0.104606 -0.024422
v -0.032818 0.095858 -0.040023
v -0.035691 0.082374 -0.046478
v -0.036185 0.089392 -0.033860
v -0.033345 0.102980 -0.027612
v -0.035691 0.082374 -0.046478
v -0.050496 0.084031 -0.043348
v -0.050981 0.091018 -0.030670
v -0.036185 0.089392 -0.033860
v -0.050496 0.084031 -0.043348
v -0.047623 0.097514 -0.036893
v -0.048140 0.104606 -0.024422
v -0.050981 0.091018 -0.030670
v -0.048140 0.104606 -0.024422
v -0.033345 0.102980 -0.027612
v -0.028945 0.107745 -0.013302
v -0.043754 0.109416 -0.010202
v -0.033345 0.102980 -0.027612
v -0.036185 0.089392 -0.033860
v -0.031785 0.094159 -0.019552
v -0.028945 0.107745 -0.013302
v -0.036185 0.089392 -0.033860
v -0.050981 0.091018 -0.030670
v -0.046595 0.095829 -0.016452
v -0.031785 0.094159 -0.019552
v -0.050981 0.091018 -0.030670
v -0.048140 0.104606 -0.024422
v -0.043754 0.109416 -0.010202
v -0.046595 0.095829 -0.016452
v -0.043754 0.109416 -0.010202
v -0.028945 0.107745 -0.013302
v -0.021716 0.110075 0.000453
v -0.036535 0.111777 0.003489
v -0.028945 0.107745 -0.013302
v -0.031785 0.094159 -0.019552
v -0.024576 0.096554 -0.005929
v -0.021716 0.110075 0.000453
v -0.031785 0.094159 -0.019552
v -0.046595 0.095829 -0.016452
v -0.039396 0.098256 -0.002893
v -0.024576 0.096554 -0.005929
v -0.046595 0.095829 -0.016452
v -0.043754 0.109416 -0.010202
v -0.036535 0.111777 0.003489
v -0.039396 0.098256 -0.002893
v -0.036535 0.111777 0.003489
v -0.021716 0.110075 0.000453
v -0.011891 0.108609 0.012920
v -0.026694 0.110256 0.016062
v -0.021716 0.110075 0.000453
v -0.024576 0.096554 -0.005929
v -0.014808 0.095286 0.006159
v -0.011891 0.108609 0.012920
v -0.024576 0.096554 -0.005929
v -0.039396 0.098256 -0.002893
v -0.029612 0.096932 0.009301
v -0.014808 0.095286 0.006159
v -0.039396 0.098256 -0.002893
v -0.036535 0.111777 0.003489
v -0.026694 0.110256 0.016062
v -0.029612 0.096932 0.009301
v -0.026694 0.110256 0.016062
v -0.011891 0.108609 0.012920
v -0.011891 0.108609 0.012920
v -0.026694 0.110256 0.016062
v -0.011891 0.108609 0.012920
v -0.014808 0.095286 0.006159
v -0.014808 0.095286 0.006159
v -0.011891 0.108609 0.012920
v -0.014808 0.095286 0.006159
v -0.029612 0.096932 0.009301
v -0.029612 0.096932 0.009301
v -0.014808 0.095286 0.006159
v -0.029612 0.096932 0.009301
v -0.026694 0.110256 0.016062
v -0.026694 0.110256 0.016062
v -0.029612 0.096932 0.009301
v -0.057498 0.012756 0.005060
v -0.043823 0.013754 -0.001551
v -0.040219 0.011908 0.005624
v -0.053895 0.010911 0.012235
v -0.043823 0.013754 -0.001551
v -0.044435 -0.001049 -0.005051
v -0.040831 -0.002894 0.002124
v -0.040219 0.011908 0.005624
v -0.044435 -0.001049 -0.005051
v -0.058110 -0.002047 0.001561
v -0.054507 -0.003892 0.008736
v -0.040831 -0.002894 0.002124
v -0.058110 -0.002047 0.001561
v -0.057498 0.012756 0.005060
v -0.053895 0.010911 0.012235
v -0.054507 -0.003892 0.008736
v 0.000541 0.031363 0.078424
v 0.013891 0.032529 0.071202
v 0.012582 0.018124 0.066458
v -0.000767 0.016958 0.073680
v -0.058110 -0.002047 0.001561
v -0.044435 -0.001049 -0.005051
v -0.043823 0.013754 -0.001551
v -0.057498 0.012756 0.005060
v -0.053895 0.010911 0.012235
v -0.040219 0.011908 0.005624
v -0.053338 0.019245 0.016892
v -0.067019 0.018251 0.023491
v -0.040219 0.011908 0.005624
v -0.040831 -0.002894 0.002124
v -0.053804 0.004372 0.013683
v -0.053338 0.019245 0.016892
v -0.040831 -0.002894 0.002124
v -0.054507 -0.003892 0.008736
v -0.067486 0.003377 0.020282
v -0.053804 0.004372 0.013683
v -0.054507 -0.003892 0.008736
v -0.053895 0.010911 0.012235
v -0.067019 0.018251 0.023491
v -0.067486 0.003377 0.020282
v -0.067019 0.018251 0.023491
v -0.053338 0.019245 0.016892
v -0.056096 0.025416 0.027107
v -0.069752 0.024410 0.033757
v -0.053338 0.019245 0.016892
v -0.053804 0.004372 0.013683
v -0.056578 0.010550 0.023867
v -0.056096 0.025416 0.027107
v -0.053804 0.004372 0.013683
v -0.067486 0.003377 0.020282
v -0.070234 0.009543 0.030518
v -0.056578 0.010550 0.023867
v -0.067486 0.003377 0.020282
v -0.067019 0.018251 0.023491
v -0.069752 0.024410 0.033757
v -0.070234 0.009543 0.030518
v -0.069752 0.024410 0.033757
v -0.056096 0.025416 0.027107
v -0.055386 0.033496 0.039762
v -0.069009 0.032475 0.046477
v -0.056096 0.025416 0.027107
v -0.056578 0.010550 0.023867
v -0.055815 0.018606 0.036627
v -0.055386 0.033496 0.039762
v -0.056578 0.010550 0.023867
v -0.070234 0.009543 0.030518
v -0.069438 0.017584 0.043342
v -0.055815 0.018606 0.036627
v -0.070234 0.009543 0.030518
v -0.069752 0.024410 0.033757
v -0.069009 0.032475 0.046477
v -0.069438 0.017584 0.043342
v -0.069009 0.032475 0.046477
v -0.055386 0.033496 0.039762
v -0.047497 0.037997 0.050748
v -0.061049 0.036943 0.057601
v -0.055386 0.033496 0.039762
v -0.055815 0.018606 0.036627
v -0.048032 0.023155 0.047408
v -0.047497 0.037997 0.050748
v -0.055815 0.018606 0.036627
v -0.069438 0.017584 0.043342
v -0.061584 0.022101 0.054260
v -0.048032 0.023155 0.047408
v -0.069438 0.017584 0.043342
v -0.069009 0.032475 0.046477
v -0.061049 0.036943 0.057601
v -0.061584 0.022101 0.054260
v -0.061049 0.036943 0.057601
v -0.047497 0.037997 0.050748
v -0.038065 0.039758 0.058408
v -0.051559 0.038676 0.065372
v -0.047497 0.037997 0.050748
v -0.048032 0.023155 0.047408
v -0.038744 0.024986 0.054798
v -0.038065 0.039758 0.058408
v -0.048032 0.023155 0.047408
v -0.061584 0.022101 0.054260
v -0.052237 0.023903 0.061761
v -0.038744 0.024986 0.054798
v -0.061584 0.022101 0.054260
v -0.061049 0.036943 0.057601
v -0.051559 0.038676 0.065372
v -0.052237 0.023903 0.061761
v -0.051559 0.038676 0.065372
v -0.038065 0.039758 0.058408
v -0.025586 0.039754 0.063784
v -0.039082 0.038673 0.070744
v -0.038065 0.039758 0.058408
v -0.038744 0.024986 0.054798
v -0.026406 0.025055 0.059913
v -0.025586 0.039754 0.063784
v -0.038744 0.024986 0.054798
v -0.052237 0.023903 0.061761
v -0.039901 0.023974 0.066872
v -0.026406 0.025055 0.059913
v -0.052237 0.023903 0.061761
v -0.051559 0.038676 0.065372
v -0.039082 0.038673 0.070744
v -0.039901 0.023974 0.066872
v -0.039082 0.038673 0.070744
v -0.025586 0.039754 0.063784
v -0.012938 0.039163 0.066833
v -0.026407 0.038067 0.073841
v -0.025586 0.039754 0.063784
v -0.026406 0.025055 0.059913
v -0.013857 0.024519 0.062778
v -0.012938 0.039163 0.066833
v -0.026406 0.025055 0.059913
v -0.039901 0.023974 0.066872
v -0.027326 0.023423 0.069786
v -0.013857 0.024519 0.062778
v -0.039901 0.023974 0.066872
v -0.039082 0.038673 0.070744
v -0.026407 0.038067 0.073841
v -0.027326 0.023423 0.069786
v -0.026407 0.038067 0.073841
v -0.012938 0.039163 0.066833
v -0.001358 0.037467 0.069059
v -0.014719 0.036308 0.076261
v -0.012938 0.039163 0.066833
v -0.013857 0.024519 0.062778
v -0.002429 0.022912 0.064731
v -0.001358 0.037467 0.069059
v -0.013857 0.024519 0.062778
v -0.027326 0.023423 0.069786
v -0.015790 0.021753 0.071933
v -0.002429 0.022912 0.064731
v -0.027326 0.023423 0.069786
v -0.026407 0.038067 0.073841
v -0.014719 0.036308 0.076261
v -0.015790 0.021753 0.071933
v -0.014719 0.036308 0.076261
v -0.001358 0.037467 0.069059
v 0.013891 0.032529 0.071202
v 0.000541 0.031363 0.078424
v -0.001358 0.037467 0.069059
v -0.002429 0.022912 0.064731
v 0.012582 0.018124 0.066458
v 0.013891 0.032529 0.071202
v -0.002429 0.022912 0.064731
v -0.015790 0.021753 0.071933
v -0.000767 0.016958 0.073680
v 0.012582 0.018124 0.066458
v -0.015790 0.021753 0.071933
v -0.014719 0.036308 0.076261
v 0.000541 0.031363 0.078424
v -0.000767 0.016958 0.073680
v 0.000541 0.031363 0.078424
v 0.013891 0.032529 0.071202
v 0.013891 0.032529 0.071202
v 0.000541 0.031363 0.078424
v 0.013891 0.032529 0.071202
v 0.012582 0.018124 0.066458
v 0.012582 0.018124 0.066458
v 0.013891 0.032529 0.071202
v 0.012582 0.018124 0.066458
v -0.000767 0.016958 0.073680
v -0.000767 0.016958 0.073680
v 0.012582 0.018124 0.066458
v -0.000767 0.016958 0.073680
v 0.000541 0.031363 0.078424
v 0.000541 0.031363 0.078424
v -0.000767 0.016958 0.073680
v -0.062294 -0.029105 0.034241
v -0.047692 -0.030319 0.030115
v -0.045751 -0.032822 0.037721
v -0.060354 -0.031607 0.041846
v -0.047692 -0.030319 0.030115
v -0.050066 -0.044772 0.025965
v -0.048125 -0.047274 0.033571
v -0.045751 -0.032822 0.037721
v -0.050066 -0.044772 0.025965
v -0.064668 -0.043557 0.030091
v -0.062728 -0.046060 0.037696
v -0.048125 -0.047274 0.033571
v -0.064668 -0.043557 0.030091
v -0.062294 -0.029105 0.034241
v -0.060354 -0.031607 0.041846
v -0.062728 -0.046060 0.037696
v -0.000129 -0.022062 0.107168
v 0.014102 -0.022786 0.101811
v 0.011140 -0.036451 0.095791
v -0.003090 -0.035726 0.101148
v -0.064668 -0.043557 0.030091
v -0.050066 -0.044772 0.025965
v -0.047692 -0.030319 0.030115
v -0.062294 -0.029105 0.034241
v -0.060354 -0.031607 0.041846
v -0.045751 -0.032822 0.037721
v -0.044130 -0.021999 0.053326
v -0.058666 -0.020865 0.057700
v -0.045751 -0.032822 0.037721
v -0.048125 -0.047274 0.033571
v -0.046449 -0.036518 0.049382
v -0.044130 -0.021999 0.053326
v -0.048125 -0.047274 0.033571
v -0.062728 -0.046060 0.037696
v -0.060986 -0.035384 0.053757
v -0.046449 -0.036518 0.049382
v -0.062728 -0.046060 0.037696
v -0.060354 -0.031607 0.041846
v -0.058666 -0.020865 0.057700
v -0.060986 -0.035384 0.053757
v -0.058666 -0.020865 0.057700
v -0.044130 -0.021999 0.053326
v -0.044786 -0.014975 0.065661
v -0.059271 -0.013899 0.070215
v -0.044130 -0.021999 0.053326
v -0.046449 -0.036518 0.049382
v -0.047121 -0.029475 0.061660
v -0.044786 -0.014975 0.065661
v -0.046449 -0.036518 0.049382
v -0.060986 -0.035384 0.053757
v -0.061607 -0.028399 0.066214
v -0.047121 -0.029475 0.061660
v -0.060986 -0.035384 0.053757
v -0.058666 -0.020865 0.057700
v -0.059271 -0.013899 0.070215
v -0.061607 -0.028399 0.066214
v -0.059271 -0.013899 0.070215
v -0.044786 -0.014975 0.065661
v -0.043270 -0.010856 0.081704
v -0.057685 -0.009861 0.086497
v -0.044786 -0.014975 0.065661
v -0.047121 -0.029475 0.061660
v -0.045728 -0.025217 0.077295
v -0.043270 -0.010856 0.081704
v -0.047121 -0.029475 0.061660
v -0.061607 -0.028399 0.066214
v -0.060142 -0.024222 0.082087
v -0.045728 -0.025217 0.077295
v -0.061607 -0.028399 0.066214
v -0.059271 -0.013899 0.070215
v -0.057685 -0.009861 0.086497
v -0.060142 -0.024222 0.082087
v -0.057685 -0.009861 0.086497
v -0.043270 -0.010856 0.081704
v -0.037304 -0.010534 0.092324
v -0.051748 -0.009501 0.097018
v -0.043270 -0.010856 0.081704
v -0.045728 -0.025217 0.077295
v -0.039876 -0.024753 0.087535
v -0.037304 -0.010534 0.092324
v -0.045728 -0.025217 0.077295
v -0.060142 -0.024222 0.082087
v -0.054320 -0.023721 0.092229
v -0.039876 -0.024753 0.087535
v -0.060142 -0.024222 0.082087
v -0.057685 -0.009861 0.086497
v -0.051748 -0.009501 0.097018
v -0.054320 -0.023721 0.092229
v -0.051748 -0.009501 0.097018
v -0.037304 -0.010534 0.092324
v -0.024702 -0.010984 0.102899
v -0.039168 -0.009922 0.107520
v -0.037304 -0.010534 0.092324
v -0.039876 -0.024753 0.087535
v -0.027388 -0.025046 0.097724
v -0.024702 -0.010984 0.102899
v -0.039876 -0.024753 0.087535
v -0.054320 -0.023721 0.092229
v -0.041853 -0.023984 0.102345
v -0.027388 -0.025046 0.097724
v -0.054320 -0.023721 0.092229
v -0.051748 -0.009501 0.097018
v -0.039168 -0.009922 0.107520
v -0.041853 -0.023984 0.102345
v -0.039168 -0.009922 0.107520
v -0.024702 -0.010984 0.102899
v -0.010035 -0.013222 0.105920
v -0.024372 -0.012345 0.110961
v -0.024702 -0.010984 0.102899
v -0.027388 -0.025046 0.097724
v -0.012813 -0.027151 0.100444
v -0.010035 -0.013222 0.105920
v -0.027388 -0.025046 0.097724
v -0.041853 -0.023984 0.102345
v -0.027150 -0.026275 0.105485
v -0.012813 -0.027151 0.100444
v -0.041853 -0.023984 0.102345
v -0.039168 -0.009922 0.107520
v -0.024372 -0.012345 0.110961
v -0.027150 -0.026275 0.105485
v -0.024372 -0.012345 0.110961
v -0.010035 -0.013222 0.105920
v 0.002326 -0.017447 0.104817
v -0.011942 -0.016669 0.110066
v -0.010035 -0.013222 0.105920
v -0.012813 -0.027151 0.100444
v -0.000553 -0.031232 0.099036
v 0.002326 -0.017447 0.104817
v -0.012813 -0.027151 0.100444
v -0.027150 -0.026275 0.105485
v -0.014821 -0.030453 0.104285
v -0.000553 -0.031232 0.099036
v -0.027150 -0.026275 0.105485
v -0.024372 -0.012345 0.110961
v -0.011942 -0.016669 0.110066
v -0.014821 -0.030453 0.104285
v -0.011942 -0.016669 0.110066
v 0.002326 -0.017447 0.104817
v 0.014102 -0.022786 0.101811
v -0.000129 -0.022062 0.107168
v 0.002326 -0.017447 0.104817
v -0.000553 -0.031232 0.099036
v 0.011140 -0.036451 0.095791
v 0.014102 -0.022786 0.101811
v -0.000553 -0.031232 0.099036
v -0.014821 -0.030453 0.104285
v -0.003090 -0.035726 0.101148
v 0.011140 -0.036451 0.095791
v -0.014821 -0.030453 0.104285
v -0.011942 -0.016669 0.110066
v -0.000129 -0.022062 0.107168
v -0.003090 -0.035726 0.101148
v -0.000129 -0.022062 0.107168
v 0.014102 -0.022786 0.101811
v 0.014102 -0.022786 0.101811
v -0.000129 -0.022062 0.107168
v 0.014102 -0.022786 0.101811
v 0.011140 -0.036451 0.095791
v 0.011140 -0.036451 0.095791
v 0.014102 -0.022786 0.101811
v 0.011140 -0.036451 0.095791
v -0.003090 -0.035726 0.101148
v -0.003090 -0.035726 0.101148
v 0.011140 -0.036451 0.095791
v -0.003090 -0.035726 0.101148
v -0.000129 -0.022062 0.107168
v -0.000129 -0.022062 0.107168
v -0.003090 -0.035726 0.101148
v -0.013090 -0.125250 -0.193133
v 0.493816 -0.137175 -0.193674
v 0.493816 -0.039675 -0.219799
v -0.013090 -0.125250 -0.193133
v 0.493816 -0.208550 -0.122299
v 0.493816 -0.137175 -0.193674
v -0.020062 -0.229673 -0.031285
v 0.493816 -0.234675 -0.024799
v 0.493816 -0.208550 -0.122299
v -0.020062 -0.229673 -0.031285
v 0.493816 -0.208550 0.072701
v 0.493816 -0.234675 -0.024799
v -0.046184 -0.137175 0.144076
v 0.493816 -0.137175 0.144076
v 0.493816 -0.208550 0.072701
v -0.046184 -0.137175 0.144076
v 0.493816 -0.039675 0.170201
v 0.493816 -0.137175 0.144076
v -0.074344 0.061906 0.156283
v 0.493816 0.057825 0.144076
v 0.493816 -0.039675 0.170201
v -0.016184 0.129200 0.072701
v 0.493816 0.129200 0.072701
v 0.493816 0.057825 0.144076
v -0.016184 0.129200 0.072701
v 0.493816 0.155325 -0.024799
v 0.493816 0.129200 0.072701
v -0.046184 0.129200 -0.122299
v 0.493816 0.129200 -0.122299
v 0.493816 0.155325 -0.024799
v -0.046184 0.129200 -0.122299
v 0.493816 0.057825 -0.193674
v 0.493816 0.129200 -0.122299
v -0.027699 0.056721 -0.190877
v 0.493816 -0.039675 -0.219799
v 0.493816 0.057825 -0.193674
v -0.046184 0.129200 -0.122299
v -0.046184 0.112312 -0.112549
v -0.043802 0.042283 -0.174201
v 0.493816 -0.039675 -0.219799
v 0.493816 -0.137175 -0.193674
v 0.493816 -0.208550 -0.122299
v 0.493816 -0.234675 -0.024799
v 0.493816 -0.208550 0.072701
v 0.493816 -0.137175 0.144076
v 0.493816 -0.039675 0.170201
v 0.493816 0.057825 0.144076
v 0.493816 0.129200 0.072701
v 0.493816 0.155325 -0.024799
v 0.493816 0.129200 -0.122299
v 0.493816 0.057825 -0.193674
v -0.046184 0.129200 -0.122299
v -0.016184 0.135825 -0.024799
v -0.046184 0.112312 -0.112549
v -0.009311 0.157367 -0.026817
v -0.016184 0.129200 0.072701
v -0.016184 0.135825 -0.024799
v -0.074344 0.061906 0.156283
v -0.073227 0.048815 0.127266
v -0.002888 0.104032 0.058209
v -0.074344 0.061906 0.156283
v -0.073227 -0.038935 0.150778
v -0.073227 0.048815 0.127266
v -0.046184 -0.137175 0.144076
v -0.046184 -0.127425 0.127188
v -0.073227 -0.038935 0.150778
v -0.046184 -0.137175 0.144076
v -0.013983 -0.182930 0.066788
v -0.046184 -0.127425 0.127188
v -0.020062 -0.229673 -0.031285
v -0.013983 -0.206443 -0.020962
v -0.013983 -0.182930 0.066788
v -0.002893 -0.205138 -0.107226
v -0.009156 -0.182314 -0.113098
v -0.013983 -0.206443 -0.020962
v -0.013090 -0.125250 -0.193133
v -0.009156 -0.118077 -0.177336
v -0.009156 -0.182314 -0.113098
v -0.013090 -0.125250 -0.193133
v -0.019643 -0.026534 -0.200581
v -0.009156 -0.118077 -0.177336
v -0.027699 0.056721 -0.190877
v -0.043802 0.042283 -0.174201
v -0.019643 -0.026534 -0.200581
v -0.046184 0.112312 -0.112549
v 0.003816 0.112313 -0.112549
v 0.003816 0.063260 -0.161601
v 0.003816 0.055370 -0.169492
v 0.003816 0.048075 -0.176787
v -0.046184 0.112312 -0.112549
v -0.016184 0.135825 -0.024799
v 0.003816 0.135825 -0.024799
v 0.003816 0.123974 -0.069028
v 0.003816 0.112313 -0.112549
v -0.016184 0.135825 -0.024799
v 0.003816 0.112312 0.062951
v 0.003816 0.135825 -0.024799
v -0.073227 0.048815 0.127266
v 0.003816 0.048075 0.127188
v 0.003816 0.112312 0.062951
v -0.073227 0.048815 0.127266
v -0.073227 -0.038935 0.150778
v 0.003816 -0.039675 0.150701
v 0.003816 0.048075 0.127188
v -0.073227 -0.038935 0.150778
v -0.046184 -0.127425 0.127188
v 0.003816 -0.127425 0.127188
v 0.003816 -0.055849 0.146367
v 0.003816 -0.039675 0.150701
v -0.046184 -0.127425 0.127188
v 0.003816 -0.191662 0.062951
v 0.003816 -0.187167 0.067446
v 0.003816 -0.153834 0.100780
v 0.003816 -0.127425 0.127188
v -0.013983 -0.182930 0.066788
v -0.013983 -0.206443 -0.020962
v 0.003816 -0.215175 -0.024799
v 0.003816 -0.202604 0.022117
v 0.003816 -0.191662 0.062951
v -0.009156 -0.182314 -0.113098
v 0.003816 -0.191662 -0.112549
v 0.003816 -0.193266 -0.106564
v 0.003816 -0.215175 -0.024799
v -0.009156 -0.182314 -0.113098
v -0.009156 -0.118077 -0.177336
v 0.003816 -0.127425 -0.176787
v 0.003816 -0.141404 -0.162807
v 0.003816 -0.191662 -0.112549
v -0.009156 -0.118077 -0.177336
v 0.003816 -0.039675 -0.200299
v 0.003816 -0.096648 -0.185033
v 0.003816 -0.127425 -0.176787
v -0.043802 0.042283 -0.174201
v 0.003816 0.048075 -0.176787
v 0.003816 -0.039675 -0.200299
v 0.003816 0.048075 -0.176787
v 0.003816 0.055370 -0.169492
v 0.003816 -0.096648 -0.185033
v 0.003816 -0.039675 -0.200299
v -0.046184 -0.137175 0.144076
v -0.002088 -0.215062 0.063133
v -0.013983 -0.182930 0.066788
v -0.013983 -0.206443 -0.020962
v -0.020062 -0.229673 -0.031285
v -0.002893 -0.205138 -0.107226
v -0.046184 0.129200 -0.122299
v -0.009311 0.157367 -0.026817
v -0.016184 0.135825 -0.024799
v -0.002888 0.104032 0.058209
v -0.016184 0.129200 0.072701
v -0.074344 0.061906 0.156283
v -0.013090 -0.125250 -0.193133
v -0.016683 -0.021331 -0.221902
v -0.019643 -0.026534 -0.200581
v -0.043802 0.042283 -0.174201
v -0.027699 0.056721 -0.190877
v -0.046184 0.129200 -0.122299
v -0.027699 0.056721 -0.190877
v -0.016683 -0.021331 -0.221902
v 0.493816 -0.039675 -0.219799
v -0.019643 -0.026534 -0.200581
v -0.016683 -0.021331 -0.221902
v -0.027699 0.056721 -0.190877
v -0.013090 -0.125250 -0.193133
v -0.002893 -0.205138 -0.107226
v 0.493816 -0.208550 -0.122299
v 0.493816 -0.208550 -0.122299
v -0.002893 -0.205138 -0.107226
v -0.020062 -0.229673 -0.031285
v -0.009156 -0.182314 -0.113098
v -0.002893 -0.205138 -0.107226
v -0.013090 -0.125250 -0.193133
v -0.020062 -0.229673 -0.031285
v -0.002088 -0.215062 0.063133
v 0.493816 -0.208550 0.072701
v 0.493816 -0.208550 0.072701
v -0.002088 -0.215062 0.063133
v -0.046184 -0.137175 0.144076
v -0.013983 -0.182930 0.066788
v -0.002088 -0.215062 0.063133
v -0.020062 -0.229673 -0.031285
v -0.046184 -0.137175 0.144076
v -0.064141 -0.028495 0.182147
v 0.493816 -0.039675 0.170201
v 0.493816 -0.039675 0.170201
v -0.064141 -0.028495 0.182147
v -0.074344 0.061906 0.156283
v -0.074344 0.061906 0.156283
v -0.064141 -0.028495 0.182147
v -0.073227 -0.038935 0.150778
v -0.073227 -0.038935 0.150778
v -0.064141 -0.028495 0.182147
v -0.046184 -0.137175 0.144076
v -0.016184 0.129200 0.072701
v -0.002888 0.104032 0.058209
v -0.016184 0.135825 -0.024799
v -0.016184 0.135825 -0.024799
v -0.002888 0.104032 0.058209
v 0.003816 0.112312 0.062951
v 0.003816 0.112312 0.062951
v -0.002888 0.104032 0.058209
v -0.073227 0.048815 0.127266
v -0.016184 0.129200 0.072701
v -0.009311 0.157367 -0.026817
v 0.493816 0.155325 -0.024799
v 0.493816 0.155325 -0.024799
v -0.009311 0.157367 -0.026817
v -0.046184 0.129200 -0.122299
v 0.003816 0.063260 -0.161601
v 0.003816 0.112313 -0.112549
v 0.003816 0.123974 -0.069028
v 0.003816 -0.039236 0.002875
v 0.003816 -0.033771 -0.044330
v 0.003816 0.020957 -0.110473
v 0.008613 -0.150927 0.057686
v 0.003816 -0.105067 0.041840
v 0.003816 -0.153834 0.100780
v 0.003816 -0.202604 0.022117
v 0.003816 -0.215175 -0.024799
v 0.003816 -0.193266 -0.106564
v 0.003816 -0.141404 -0.162807
v 0.003816 -0.127425 -0.176787
v 0.003816 -0.096648 -0.185033
v 0.003816 0.020957 -0.110473
v 0.003816 -0.033771 -0.044330
v 0.003816 -0.105067 0.041840
v -0.008552 -0.088816 -0.054026
v 0.024255 -0.171917 -0.022029
v -0.008552 -0.088816 -0.054026
v 0.003816 -0.105067 0.041840
v 0.018491 -0.096582 -0.135476
v -0.008552 -0.088816 -0.054026
v 0.024255 -0.171917 -0.022029
v 0.003816 0.020957 -0.110473
v -0.008552 -0.088816 -0.054026
v 0.018491 -0.096582 -0.135476
v 0.003816 0.020957 -0.110473
v 0.018491 -0.096582 -0.135476
v 0.003816 -0.096648 -0.185033
v 0.003816 -0.096648 -0.185033
v 0.018491 -0.096582 -0.135476
v 0.024255 -0.171917 -0.022029
v 0.003816 -0.202604 0.022117
v 0.024255 -0.171917 -0.022029
v 0.003816 -0.105067 0.041840
v 0.003816 -0.141404 -0.162807
v 0.024255 -0.171917 -0.022029
v 0.003816 -0.202604 0.022117
v 0.003816 -0.096648 -0.185033
v 0.024255 -0.171917 -0.022029
v 0.003816 -0.141404 -0.162807
v 0.003816 0.055370 -0.169492
v 0.003816 0.063260 -0.161601
v 0.003816 0.020957 -0.110473
v 0.003816 0.055370 -0.169492
v 0.015229 -0.020642 -0.168748
v 0.003816 -0.096648 -0.185033
v 0.003816 -0.096648 -0.185033
v 0.015229 -0.020642 -0.168748
v 0.003816 0.020957 -0.110473
v 0.003816 0.020957 -0.110473
v 0.015229 -0.020642 -0.168748
v 0.003816 0.055370 -0.169492
v 0.003816 -0.193266 -0.106564
v 0.003816 -0.191662 -0.112549
v 0.003816 -0.141404 -0.162807
v 0.003816 -0.193266 -0.106564
v -0.009351 -0.175753 -0.085900
v 0.003816 -0.202604 0.022117
v 0.003816 -0.202604 0.022117
v -0.009351 -0.175753 -0.085900
v 0.003816 -0.141404 -0.162807
v 0.003816 -0.141404 -0.162807
v -0.009351 -0.175753 -0.085900
v 0.003816 -0.193266 -0.106564
v 0.003816 -0.187167 0.067446
v 0.003816 -0.191662 0.062951
v 0.003816 -0.202604 0.022117
v 0.008613 -0.150927 0.057686
v 0.003816 -0.153834 0.100780
v 0.003816 -0.187167 0.067446
v 0.003816 -0.105067 0.041840
v 0.008613 -0.150927 0.057686
v 0.003816 -0.202604 0.022117
v 0.003816 -0.202604 0.022117
v 0.008613 -0.150927 0.057686
v 0.003816 -0.187167 0.067446
v 0.003816 -0.055849 0.146367
v 0.003816 -0.127425 0.127188
v 0.003816 -0.153834 0.100780
v 0.003816 -0.105067 0.041840
v 0.003816 -0.033771 -0.044330
v 0.003816 -0.039236 0.002875
v 0.003816 0.123974 -0.069028
v 0.003816 0.135825 -0.024799
v 0.003816 0.112312 0.062951
v 0.003816 0.048075 0.127188
v 0.003816 -0.039675 0.150701
v 0.003816 -0.055849 0.146367
v 0.003816 -0.039236 0.002875
v 0.003816 0.048075 -0.176787
v -0.043802 0.042283 -0.174201
v -0.046184 0.112312 -0.112549
v -0.009156 -0.118077 -0.177336
v -0.019643 -0.026534 -0.200581
v 0.003816 -0.039675 -0.200299
v 0.493816 -0.039675 -0.219799
v -0.016683 -0.021331 -0.221902
v -0.013090 -0.125250 -0.193133
v -0.046184 0.129200 -0.122299
v -0.027699 0.056721 -0.190877
v 0.493816 0.057825 -0.193674
v 0.493816 0.057825 0.144076
v -0.074344 0.061906 0.156283
v -0.016184 0.129200 0.072701
v 0.003816 -0.215175 -0.024799
v -0.013983 -0.206443 -0.020962
v -0.009156 -0.182314 -0.113098
v -0.046184 -0.127425 0.127188
v -0.013983 -0.182930 0.066788
v 0.003816 -0.191662 0.062951
v 0.003816 -0.039675 -0.200299
v -0.019643 -0.026534 -0.200581
v -0.043802 0.042283 -0.174201
v 0.263816 -0.039675 -0.024799
v 0.275576 -0.006328 0.032959
v 0.275576 -0.039675 0.041895
v 0.263816 -0.039675 -0.024799
v 0.275576 0.018084 0.008548
v 0.275576 -0.006328 0.032959
v 0.263816 -0.039675 -0.024799
v 0.275576 0.027019 -0.024799
v 0.275576 0.018084 0.008548
v 0.263816 -0.039675 -0.024799
v 0.275576 0.018084 -0.058146
v 0.275576 0.027019 -0.024799
v 0.263816 -0.039675 -0.024799
v 0.275576 -0.006328 -0.082558
v 0.275576 0.018084 -0.058146
v 0.263816 -0.039675 -0.024799
v 0.275576 -0.039675 -0.091493
v 0.275576 -0.006328 -0.082558
v 0.263816 -0.039675 -0.024799
v 0.275576 -0.073022 -0.082558
v 0.275576 -0.039675 -0.091493
v 0.263816 -0.039675 -0.024799
v 0.275576 -0.097434 -0.058146
v 0.275576 -0.073022 -0.082558
v 0.263816 -0.039675 -0.024799
v 0.275576 -0.106369 -0.024799
v 0.275576 -0.097434 -0.058146
v 0.263816 -0.039675 -0.024799
v 0.275576 -0.097434 0.008548
v 0.275576 -0.106369 -0.024799
v 0.263816 -0.039675 -0.024799
v 0.275576 -0.073022 0.032959
v 0.275576 -0.097434 0.008548
v 0.263816 -0.039675 -0.024799
v 0.275576 -0.039675 0.041895
v 0.275576 -0.073022 0.032959
v 0.275576 -0.039675 0.041895
v 0.275576 -0.006328 0.032959
v 0.309437 0.022997 0.083752
v 0.309437 -0.039675 0.100544
v 0.275576 -0.006328 0.032959
v 0.275576 0.018084 0.008548
v 0.309438 0.068876 0.037873
v 0.309437 0.022997 0.083752
v 0.275576 0.018084 0.008548
v 0.275576 0.027019 -0.024799
v 0.309438 0.085669 -0.024799
v 0.309438 0.068876 0.037873
v 0.275576 0.027019 -0.024799
v 0.275576 0.018084 -0.058146
v 0.309438 0.068876 -0.087471
v 0.309438 0.085669 -0.024799
v 0.275576 0.018084 -0.058146
v 0.275576 -0.006328 -0.082558
v 0.309438 0.022997 -0.133350
v 0.309438 0.068876 -0.087471
v 0.275576 -0.006328 -0.082558
v 0.275576 -0.039675 -0.091493
v 0.309438 -0.039675 -0.150143
v 0.309438 0.022997 -0.133350
v 0.275576 -0.039675 -0.091493
v 0.275576 -0.073022 -0.082558
v 0.309438 -0.102347 -0.133350
v 0.309438 -0.039675 -0.150143
v 0.275576 -0.073022 -0.082558
v 0.275576 -0.097434 -0.058146
v 0.309438 -0.148226 -0.087471
v 0.309438 -0.102347 -0.133350
v 0.275576 -0.097434 -0.058146
v 0.275576 -0.106369 -0.024799
v 0.309437 -0.165019 -0.024799
v 0.309438 -0.148226 -0.087471
v 0.275576 -0.106369 -0.024799
v 0.275576 -0.097434 0.008548
v 0.309437 -0.148226 0.037873
v 0.309437 -0.165019 -0.024799
v 0.275576 -0.097434 0.008548
v 0.275576 -0.073022 0.032959
v 0.309437 -0.102347 0.083752
v 0.309437 -0.148226 0.037873
v 0.275576 -0.073022 0.032959
v 0.275576 -0.039675 0.041895
v 0.309437 -0.039675 0.100544
v 0.309437 -0.102347 0.083752
v 0.309437 -0.039675 0.100544
v 0.309437 0.022997 0.083752
v 0.361316 0.044762 0.121451
v 0.361316 -0.039675 0.144076
v 0.309437 0.022997 0.083752
v 0.309438 0.068876 0.037873
v 0.361316 0.106575 0.059638
v 0.361316 0.044762 0.121451
v 0.309438 0.068876 0.037873
v 0.309438 0.085669 -0.024799
v 0.361316 0.129200 -0.024799
v 0.361316 0.106575 0.059638
v 0.309438 0.085669 -0.024799
v 0.309438 0.068876 -0.087471
v 0.361316 0.106575 -0.109237
v 0.361316 0.129200 -0.024799
v 0.309438 0.068876 -0.087471
v 0.309438 0.022997 -0.133350
v 0.361316 0.044763 -0.171049
v 0.361316 0.106575 -0.109237
v 0.309438 0.022997 -0.133350
v 0.309438 -0.039675 -0.150143
v 0.361316 -0.039675 -0.193674
v 0.361316 0.044763 -0.171049
v 0.309438 -0.039675 -0.150143
v 0.309438 -0.102347 -0.133350
v 0.361316 -0.124112 -0.171049
v 0.361316 -0.039675 -0.193674
v 0.309438 -0.102347 -0.133350
v 0.309438 -0.148226 -0.087471
v 0.361316 -0.185925 -0.109237
v 0.361316 -0.124112 -0.171049
v 0.309438 -0.148226 -0.087471
v 0.309437 -0.165019 -0.024799
v 0.361316 -0.208550 -0.024799
v 0.361316 -0.185925 -0.109237
v 0.309437 -0.165019 -0.024799
v 0.309437 -0.148226 0.037873
v 0.361316 -0.185925 0.059638
v 0.361316 -0.208550 -0.024799
v 0.309437 -0.148226 0.037873
v 0.309437 -0.102347 0.083752
v 0.361316 -0.124113 0.121451
v 0.361316 -0.185925 0.059638
v 0.309437 -0.102347 0.083752
v 0.309437 -0.039675 0.100544
v 0.361316 -0.039675 0.144076
v 0.361316 -0.124113 0.121451
v 0.361316 -0.039675 0.144076
v 0.361316 0.044762 0.121451
v 0.424955 0.056344 0.141510
v 0.424955 -0.039675 0.167238
v 0.361316 0.044762 0.121451
v 0.361316 0.106575 0.059638
v 0.424955 0.126634 0.071220
v 0.424955 0.056344 0.141510
v 0.361316 0.106575 0.059638
v 0.361316 0.129200 -0.024799
v 0.424955 0.152363 -0.024799
v 0.424955 0.126634 0.071220
v 0.361316 0.129200 -0.024799
v 0.361316 0.106575 -0.109237
v 0.424955 0.126634 -0.120818
v 0.424955 0.152363 -0.024799
v 0.361316 0.106575 -0.109237
v 0.361316 0.044763 -0.171049
v 0.424955 0.056344 -0.191108
v 0.424955 0.126634 -0.120818
v 0.361316 0.044763 -0.171049
v 0.361316 -0.039675 -0.193674
v 0.424955 -0.039675 -0.216837
v 0.424955 0.056344 -0.191108
v 0.361316 -0.039675 -0.193674
v 0.361316 -0.124112 -0.171049
v 0.424955 -0.135694 -0.191109
v 0.424955 -0.039675 -0.216837
v 0.361316 -0.124112 -0.171049
v 0.361316 -0.185925 -0.109237
v 0.424955 -0.205984 -0.120818
v 0.424955 -0.135694 -0.191109
v 0.361316 -0.185925 -0.109237
v 0.361316 -0.208550 -0.024799
v 0.424955 -0.231713 -0.024799
v 0.424955 -0.205984 -0.120818
v 0.361316 -0.208550 -0.024799
v 0.361316 -0.185925 0.059638
v 0.424955 -0.205984 0.071220
v 0.424955 -0.231713 -0.024799
v 0.361316 -0.185925 0.059638
v 0.361316 -0.124113 0.121451
v 0.424955 -0.135694 0.141510
v 0.424955 -0.205984 0.071220
v 0.361316 -0.124113 0.121451
v 0.361316 -0.039675 0.144076
v 0.424955 -0.039675 0.167238
v 0.424955 -0.135694 0.141510
v 0.424955 -0.039675 0.167238
v 0.424955 0.056344 0.141510
v 0.492678 0.056344 0.141510
v 0.492678 -0.039675 0.167238
v 0.424955 0.056344 0.141510
v 0.424955 0.126634 0.071220
v 0.492678 0.126634 0.071220
v 0.492678 0.056344 0.141510
v 0.424955 0.126634 0.071220
v 0.424955 0.152363 -0.024799
v 0.492678 0.152362 -0.024799
v 0.492678 0.126634 0.071220
v 0.424955 0.152363 -0.024799
v 0.424955 0.126634 -0.120818
v 0.492678 0.126634 -0.120818
v 0.492678 0.152362 -0.024799
v 0.424955 0.126634 -0.120818
v 0.424955 0.056344 -0.191108
v 0.492678 0.056344 -0.191108
v 0.492678 0.126634 -0.120818
v 0.424955 0.056344 -0.191108
v 0.424955 -0.039675 -0.216837
v 0.492678 -0.039675 -0.216837
v 0.492678 0.056344 -0.191108
v 0.424955 -0.039675 -0.216837
v 0.424955 -0.135694 -0.191109
v 0.492678 -0.135694 -0.191109
v 0.492678 -0.039675 -0.216837
v 0.424955 -0.135694 -0.191109
v 0.424955 -0.205984 -0.120818
v 0.492678 -0.205984 -0.120818
v 0.492678 -0.135694 -0.191109
v 0.424955 -0.205984 -0.120818
v 0.424955 -0.231713 -0.024799
v 0.492678 -0.231713 -0.024799
v 0.492678 -0.205984 -0.120818
v 0.424955 -0.231713 -0.024799
v 0.424955 -0.205984 0.071220
v 0.492678 -0.205984 0.071220
v 0.492678 -0.231713 -0.024799
v 0.424955 -0.205984 0.071220
v 0.424955 -0.135694 0.141510
v 0.492678 -0.135694 0.141510
v 0.492678 -0.205984 0.071220
v 0.424955 -0.135694 0.141510
v 0.424955 -0.039675 0.167238
v 0.492678 -0.039675 0.167238
v 0.492678 -0.135694 0.141510
v 0.492678 -0.039675 0.167238
v 0.492678 0.056344 0.141510
v 0.556316 0.044762 0.121451
v 0.556316 -0.039675 0.144076
v 0.492678 0.056344 0.141510
v 0.492678 0.126634 0.071220
v 0.556316 0.106575 0.059638
v 0.556316 0.044762 0.121451
v 0.492678 0.126634 0.071220
v 0.492678 0.152362 -0.024799
v 0.556316 0.129200 -0.024799
v 0.556316 0.106575 0.059638
v 0.492678 0.152362 -0.024799
v 0.492678 0.126634 -0.120818
v 0.556316 0.106575 -0.109237
v 0.556316 0.129200 -0.024799
v 0.492678 0.126634 -0.120818
v 0.492678 0.056344 -0.191108
v 0.556316 0.044763 -0.171049
v 0.556316 0.106575 -0.109237
v 0.492678 0.056344 -0.191108
v 0.492678 -0.039675 -0.216837
v 0.556316 -0.039675 -0.193674
v 0.556316 0.044763 -0.171049
v 0.492678 -0.039675 -0.216837
v 0.492678 -0.135694 -0.191109
v 0.556316 -0.124112 -0.171049
v 0.556316 -0.039675 -0.193674
v 0.492678 -0.135694 -0.191109
v 0.492678 -0.205984 -0.120818
v 0.556316 -0.185925 -0.109237
v 0.556316 -0.124112 -0.171049
v 0.492678 -0.205984 -0.120818
v 0.492678 -0.231713 -0.024799
v 0.556316 -0.208550 -0.024799
v 0.556316 -0.185925 -0.109237
v 0.492678 -0.231713 -0.024799
v 0.492678 -0.205984 0.071220
v 0.556316 -0.185925 0.059638
v 0.556316 -0.208550 -0.024799
v 0.492678 -0.205984 0.071220
v 0.492678 -0.135694 0.141510
v 0.556316 -0.124113 0.121451
v 0.556316 -0.185925 0.059638
v 0.492678 -0.135694 0.141510
v 0.492678 -0.039675 0.167238
v 0.556316 -0.039675 0.144076
v 0.556316 -0.124113 0.121451
v 0.556316 -0.039675 0.144076
v 0.556316 0.044762 0.121451
v 0.608195 0.022997 0.083752
v 0.608195 -0.039675 0.100545
v 0.556316 0.044762 0.121451
v 0.556316 0.106575 0.059638
v 0.608195 0.068876 0.037873
v 0.608195 0.022997 0.083752
v 0.556316 0.106575 0.059638
v 0.556316 0.129200 -0.024799
v 0.608195 0.085669 -0.024799
v 0.608195 0.068876 0.037873
v 0.556316 0.129200 -0.024799
v 0.556316 0.106575 -0.109237
v 0.608195 0.068876 -0.087471
v 0.608195 0.085669 -0.024799
v 0.556316 0.106575 -0.109237
v 0.556316 0.044763 -0.171049
v 0.608195 0.022997 -0.133350
v 0.608195 0.068876 -0.087471
v 0.556316 0.044763 -0.171049
v 0.556316 -0.039675 -0.193674
v 0.608195 -0.039675 -0.150143
v 0.608195 0.022997 -0.133350
v 0.556316 -0.039675 -0.193674
v 0.556316 -0.124112 -0.171049
v 0.608195 -0.102347 -0.133350
v 0.608195 -0.039675 -0.150143
v 0.556316 -0.124112 -0.171049
v 0.556316 -0.185925 -0.109237
v 0.608195 -0.148226 -0.087471
v 0.608195 -0.102347 -0.133350
v 0.556316 -0.185925 -0.109237
v 0.556316 -0.208550 -0.024799
v 0.608195 -0.165019 -0.024799
v 0.608195 -0.148226 -0.087471
v 0.556316 -0.208550 -0.024799
v 0.556316 -0.185925 0.059638
v 0.608195 -0.148226 0.037873
v 0.608195 -0.165019 -0.024799
v 0.556316 -0.185925 0.059638
v 0.556316 -0.124113 0.121451
v 0.608195 -0.102347 0.083752
v 0.608195 -0.148226 0.037873
v 0.556316 -0.124113 0.121451
v 0.556316 -0.039675 0.144076
v 0.608195 -0.039675 0.100545
v 0.608195 -0.102347 0.083752
v 0.608195 -0.039675 0.100545
v 0.608195 0.022997 0.083752
v 0.642056 -0.006328 0.032960
v 0.642056 -0.039675 0.041895
v 0.608195 0.022997 0.083752
v 0.608195 0.068876 0.037873
v 0.642056 0.018084 0.008548
v 0.642056 -0.006328 0.032960
v 0.608195 0.068876 0.037873
v 0.608195 0.085669 -0.024799
v 0.642056 0.027019 -0.024799
v 0.642056 0.018084 0.008548
v 0.608195 0.085669 -0.024799
v 0.608195 0.068876 -0.087471
v 0.642056 0.018084 -0.058146
v 0.642056 0.027019 -0.024799
v 0.608195 0.068876 -0.087471
v 0.608195 0.022997 -0.133350
v 0.642056 -0.006328 -0.082558
v 0.642056 0.018084 -0.058146
v 0.608195 0.022997 -0.133350
v 0.608195 -0.039675 -0.150143
v 0.642056 -0.039675 -0.091493
v 0.642056 -0.006328 -0.082558
v 0.608195 -0.039675 -0.150143
v 0.608195 -0.102347 -0.133350
v 0.642056 -0.073022 -0.082558
v 0.642056 -0.039675 -0.091493
v 0.608195 -0.102347 -0.133350
v 0.608195 -0.148226 -0.087471
v 0.642056 -0.097434 -0.058146
v 0.642056 -0.073022 -0.082558
v 0.608195 -0.148226 -0.087471
v 0.608195 -0.165019 -0.024799
v 0.642056 -0.106369 -0.024799
v 0.642056 -0.097434 -0.058146
v 0.608195 -0.165019 -0.024799
v 0.608195 -0.148226 0.037873
v 0.642056 -0.097434 0.008548
v 0.642056 -0.106369 -0.024799
v 0.608195 -0.148226 0.037873
v 0.608195 -0.102347 0.083752
v 0.642056 -0.073022 0.032960
v 0.642056 -0.097434 0.008548
v 0.608195 -0.102347 0.083752
v 0.608195 -0.039675 0.100545
v 0.642056 -0.039675 0.041895
v 0.642056 -0.073022 0.032960
v 0.642056 -0.039675 0.041895
v 0.642056 -0.006328 0.032960
v 0.653816 -0.039675 -0.024799
v 0.642056 -0.006328 0.032960
v 0.642056 0.018084 0.008548
v 0.653816 -0.039675 -0.024799
v 0.642056 0.018084 0.008548
v 0.642056 0.027019 -0.024799
v 0.653816 -0.039675 -0.024799
v 0.642056 0.027019 -0.024799
v 0.642056 0.018084 -0.058146
v 0.653816 -0.039675 -0.024799
v 0.642056 0.018084 -0.058146
v 0.642056 -0.006328 -0.082558
v 0.653816 -0.039675 -0.024799
v 0.642056 -0.006328 -0.082558
v 0.642056 -0.039675 -0.091493
v 0.653816 -0.039675 -0.024799
v 0.642056 -0.039675 -0.091493
v 0.642056 -0.073022 -0.082558
v 0.653816 -0.039675 -0.024799
v 0.642056 -0.073022 -0.082558
v 0.642056 -0.097434 -0.058146
v 0.653816 -0.039675 -0.024799
v 0.642056 -0.097434 -0.058146
v 0.642056 -0.106369 -0.024799
v 0.653816 -0.039675 -0.024799
v 0.642056 -0.106369 -0.024799
v 0.642056 -0.097434 0.008548
v 0.653816 -0.039675 -0.024799
v 0.642056 -0.097434 0.008548
v 0.642056 -0.073022 0.032960
v 0.653816 -0.039675 -0.024799
v 0.642056 -0.073022 0.032960
v 0.642056 -0.039675 0.041895
v 0.653816 -0.039675 -0.024799
vn 0.9149 -0.0680 0.3979
vn 0.7354 0.3990 0.5476
vn 0.3284 0.7082 0.6250
vn -0.1868 0.7706 0.6093
vn -0.6559 0.5651 0.5005
vn 0.1315 0.8661 0.4822
vn -0.3776 -0.5418 0.7509
vn -0.3397 -0.6164 0.7104
vn 0.6957 -0.7184 0.0014
vn 0.0325 -0.9992 -0.0237
vn 0.4728 -0.8789 0.0637
vn 0.8097 -0.5450 0.2177
vn 0.3163 -0.4559 0.8319
vn 0.2078 -0.2429 0.9475
vn -0.0042 -0.0903 0.9959
vn -0.2628 -0.0392 0.9640
vn -0.4989 -0.1032 0.8605
vn 0.6456 0.6307 0.4305
vn -0.6731 -0.4817 0.5611
vn -0.5647 -0.6947 0.4455
vn 0.6765 0.6628 0.3210
vn -0.0940 -0.8984 0.4290
vn 0.1420 -0.8344 0.5326
vn 0.2922 -0.6724 0.6800
vn 0.6182 -0.3244 0.7160
vn 0.4539 -0.0018 0.8910
vn 0.1330 0.2292 0.9643
vn -0.2587 0.3066 0.9160
vn -0.6161 0.2097 0.7592
vn -0.8435 -0.0356 0.5359
vn -0.9792 -0.2024 0.0160
vn -0.6369 -0.7488 -0.1834
vn -0.0435 -0.9352 -0.3515
vn -0.0031 -0.9944 0.1059
vn 0.3543 -0.8975 0.2627
vn 0.5817 -0.6522 0.4860
vn 0.8407 -0.1575 0.5181
vn 0.6412 0.2343 0.7307
vn 0.2515 0.5148 0.8196
vn -0.2241 0.6088 0.7610
vn -0.6582 0.4911 0.5706
vn -0.9343 0.1933 0.2995
vn -0.9786 -0.2048 0.0202
vn -0.7791 -0.5966 -0.1924
vn -0.3894 -0.8771 -0.2813
vn 0.0863 -0.9711 -0.2228
vn 0.5203 -0.8534 -0.0324
vn 0.7964 -0.5556 0.2388
vn 0.9642 0.0251 0.2639
vn 0.7528 0.4404 0.4893
vn 0.3396 0.7377 0.5835
vn -0.1645 0.8373 0.5214
vn -0.6246 0.7126 0.3196
vn -0.9173 0.3969 0.0322
vn -0.9642 -0.0251 -0.2639
vn -0.7528 -0.4404 -0.4893
vn -0.3645 -0.8044 -0.4692
vn 0.1645 -0.8373 -0.5214
vn 0.6246 -0.7126 -0.3196
vn 0.9173 -0.3969 -0.0322
vn 0.9786 0.2048 -0.0202
vn 0.7791 0.5966 0.1924
vn 0.3894 0.8771 0.2813
vn -0.0863 0.9711 0.2228
vn -0.5203 0.8534 0.0324
vn -0.7964 0.5556 -0.2388
vn -0.9302 0.0441 -0.3643
vn -0.9017 0.1703 -0.3974
vn -0.2515 -0.5148 -0.8196
vn 0.8712 -0.3386 -0.3556
vn 0.6582 -0.4911 -0.5706
vn 0.9343 -0.1933 -0.2995
vn 0.8800 0.3634 -0.3059
vn 0.7157 0.6860 -0.1309
vn 0.3947 0.9170 -0.0576
vn 0.0031 0.9944 -0.1059
vn -0.3543 0.8975 -0.2627
vn 0.4835 0.7263 0.4885
vn -0.4257 -0.3817 -0.8204
vn -0.7460 0.4338 -0.5053
vn 0.3977 0.9092 0.1230
vn 0.2587 -0.3066 -0.9160
vn 0.6161 -0.2097 -0.7592
vn 0.8435 0.0356 -0.5359
vn 0.6731 0.4817 -0.5611
vn 0.5647 0.6948 -0.4455
vn 0.3527 0.8473 -0.3972
vn 0.0940 0.8984 -0.4290
vn -0.1420 0.8344 -0.5326
vn -0.2922 0.6724 -0.6800
vn 0.9826 0.0929 0.1608
vn 0.7766 0.6100 0.1577
vn 0.0042 0.0903 -0.9959
vn 0.2628 0.0392 -0.9640
vn 0.4989 0.1032 -0.8605
vn 0.6491 0.2652 -0.7130
vn 0.3777 0.5418 -0.7509
vn 0.3397 0.6164 -0.7104
vn 0.2655 0.6698 -0.6935
vn 0.1750 0.6877 -0.7046
vn 0.0923 0.6653 -0.7409
vn 0.0398 0.6086 -0.7925
vn 0.0313 0.5328 -0.8457
vn 0.0693 0.4582 -0.8861
vn 0.1435 0.4048 -0.9031
vn 0.2340 0.3869 -0.8919
vn 0.3167 0.4093 -0.8557
vn 0.3692 0.4660 -0.8041
vn 0.7020 0.6002 0.3835
vn -0.1653 -0.9606 -0.2233
vn 0.0378 0.7830 0.6208
vn -0.6785 0.6499 0.3423
vn -0.6647 -0.7299 -0.1597
vn -0.6937 -0.7148 -0.0886
vn -0.3493 -0.8761 -0.3324
vn -0.4078 0.2526 0.8775
vn 0.5951 0.6640 0.4526
vn 0.7810 -0.4055 -0.4750
vn -0.6689 -0.2821 -0.6877
vn -0.8888 0.2733 -0.3679
vn -0.2565 -0.2732 -0.9271
vn -0.6542 0.4319 -0.6209
vn 0.8855 0.2834 0.3683
vn 0.9705 0.0350 0.2386
vn -0.8201 0.5644 0.0941
vn -0.0763 0.9188 0.3873
vn 0.8580 0.3500 0.3759
vn 0.0648 -0.9455 -0.3192
vn 0.9602 0.2159 0.1770
vn -0.8124 -0.4432 -0.3788
vn 0.2162 -0.8915 -0.3980
vn 0.7436 -0.5165 -0.4247
vn 0.6126 0.7790 0.1341
vn 0.4328 -0.6653 -0.6083
vn 0.1497 -0.6124 0.7762
vn -0.4328 0.6653 0.6083
vn -0.1497 0.6124 -0.7762
vn -0.1497 0.6124 -0.7763
vn 0.8890 0.4270 0.1654
vn 0.8696 0.4360 0.2317
vn -0.7972 -0.5392 -0.2716
vn -0.8697 -0.4857 -0.0875
vn 0.8697 0.4857 0.0875
vn 0.0521 -0.0653 0.9965
vn 0.0486 -0.0797 0.9956
vn 0.0547 -0.0546 0.9970
vn -0.9974 0.0353 -0.0632
vn -0.9964 0.0466 -0.0705
vn -0.9993 -0.0076 -0.0355
vn -0.0236 0.0848 -0.9961
vn -0.0228 0.0922 -0.9955
vn -0.0217 0.1007 -0.9947
vn 0.9798 0.1791 0.0889
vn 0.9822 0.1581 0.1014
vn 0.9854 0.1115 0.1288
vn -0.8988 -0.4321 0.0737
vn -0.8973 -0.4357 0.0708
vn -0.9022 -0.4237 0.0802
vn -0.9563 -0.2472 -0.1561
vn -0.9555 -0.2485 -0.1587
vn -0.9529 -0.2528 -0.1676
vn 0.8941 0.4340 -0.1103
vn 0.8928 0.4375 -0.1076
vn 0.8894 0.4458 -0.1011
vn 0.9646 0.2156 0.1519
vn 0.9639 0.2168 0.1544
vn 0.9669 0.2112 0.1430
vn -0.8575 -0.4575 0.2353
vn -0.8560 -0.4629 0.2303
vn -0.8603 -0.4471 0.2449
vn -0.9904 -0.0041 -0.1382
vn -0.9897 -0.0067 -0.1430
vn -0.9883 -0.0115 -0.1520
vn 0.8485 0.4566 -0.2676
vn 0.8472 0.4617 -0.2630
vn 0.8443 0.4721 -0.2535
vn 0.9906 -0.0428 0.1301
vn 0.9901 -0.0406 0.1345
vn 0.9915 -0.0474 0.1211
vn -0.8624 -0.4740 0.1777
vn -0.8624 -0.4739 0.1778
vn -0.9827 -0.0740 -0.1697
vn -0.9817 -0.0768 -0.1745
vn -0.9799 -0.0814 -0.1823
vn 0.8554 0.4736 -0.2100
vn 0.8553 0.4736 -0.2099
vn 0.9827 0.0738 0.1697
vn 0.9817 0.0766 0.1745
vn 0.9844 0.0693 0.1619
vn -0.0000 -0.0000 1.0000
vn 0.2582 -0.4976 -0.8281
vn 0.3052 -0.7712 0.5586
vn -0.2582 0.4976 0.8281
vn -0.3052 0.7712 -0.5586
vn 0.9166 0.3970 0.0473
vn 0.9134 0.3901 0.1165
vn -0.8556 -0.4796 -0.1946
vn -0.8818 -0.4716 0.0085
vn -0.8556 -0.4796 -0.1947
vn 0.8818 0.4716 -0.0085
vn 0.2792 -0.2918 0.9148
vn 0.2751 -0.3057 0.9115
vn 0.2822 -0.2814 0.9171
vn -0.9832 0.0269 0.1805
vn -0.9836 0.0396 0.1759
vn -0.9801 -0.0213 0.1972
vn -0.2507 0.3114 -0.9166
vn -0.2495 0.3184 -0.9145
vn -0.2481 0.3265 -0.9120
vn 0.9791 0.1754 -0.1030
vn 0.9836 0.1521 -0.0965
vn 0.9915 0.1006 -0.0820
vn -0.8710 -0.4572 0.1799
vn -0.8703 -0.4600 0.1760
vn -0.8725 -0.4506 0.1888
vn -0.9740 -0.2257 0.0183
vn -0.9739 -0.2263 0.0155
vn -0.9735 -0.2284 0.0055
vn 0.8580 0.4673 -0.2130
vn 0.8574 0.4701 -0.2093
vn 0.8559 0.4767 -0.2005
vn 0.9801 0.1961 -0.0315
vn 0.9800 0.1967 -0.0288
vn 0.9801 0.1939 -0.0415
vn -0.7942 -0.5182 0.3172
vn -0.7941 -0.5223 0.3109
vn -0.7944 -0.5104 0.3293
vn -0.9951 0.0059 0.0990
vn -0.9956 0.0046 0.0936
vn -0.9965 0.0020 0.0837
vn 0.7780 0.5245 -0.3458
vn 0.7779 0.5284 -0.3400
vn 0.7777 0.5363 -0.3280
vn 0.9918 -0.0498 -0.1174
vn 0.9925 -0.0486 -0.1126
vn 0.9905 -0.0521 -0.1271
vn -0.8129 -0.5211 0.2601
vn -0.8129 -0.5211 0.2602
vn -0.9972 -0.0546 0.0513
vn -0.9974 -0.0562 0.0459
vn -0.9976 -0.0588 0.0371
vn 0.7986 0.5279 -0.2891
vn 0.7986 0.5280 -0.2891
vn 0.7986 0.5280 -0.2890
vn 0.9972 0.0544 -0.0514
vn 0.9974 0.0560 -0.0460
vn 0.9968 0.0518 -0.0601
vn 0.9022 -0.1914 -0.3865
vn 0.1655 -0.6738 0.7202
vn -0.9022 0.1914 0.3865
vn -0.1655 0.6738 -0.7202
vn 0.3983 0.7137 0.5762
vn 0.3551 0.6935 0.6269
vn -0.2304 -0.7365 -0.6360
vn -0.3799 -0.7771 -0.5018
vn 0.3799 0.7771 0.5018
vn -0.2785 -0.3191 0.9059
vn -0.2732 -0.3326 0.9026
vn -0.2823 -0.3090 0.9082
vn -0.7636 -0.4015 -0.5056
vn -0.7663 -0.3894 -0.5110
vn -0.7521 -0.4467 -0.4846
vn 0.2899 0.3484 -0.8914
vn 0.2864 0.3548 -0.8900
vn 0.2824 0.3622 -0.8883
vn 0.6270 0.5673 0.5339
vn 0.6356 0.5470 0.5448
vn 0.6531 0.5012 0.5677
vn -0.4879 -0.7914 -0.3683
vn -0.4838 -0.7929 -0.3704
vn -0.4973 -0.7878 -0.3635
vn -0.5489 -0.5949 -0.5873
vn -0.5467 -0.5948 -0.5893
vn -0.5392 -0.5947 -0.5962
vn 0.4963 0.8015 0.3337
vn 0.4924 0.8030 0.3357
vn 0.4831 0.8067 0.3405
vn 0.5736 0.5731 0.5853
vn 0.5716 0.5731 0.5873
vn 0.5809 0.5730 0.5782
vn -0.4999 -0.8409 -0.2074
vn -0.4941 -0.8433 -0.2115
vn -0.5110 -0.8361 -0.1995
vn -0.7107 -0.4100 -0.5716
vn -0.7071 -0.4105 -0.5758
vn -0.7003 -0.4113 -0.5834
vn 0.5049 0.8453 0.1746
vn 0.4996 0.8477 0.1784
vn 0.4884 0.8525 0.1862
vn 0.7387 0.3728 0.5616
vn 0.7355 0.3732 0.5654
vn 0.7450 0.3719 0.5537
vn -0.4745 -0.8404 -0.2619
vn -0.4746 -0.8404 -0.2619
vn -0.6565 -0.4565 -0.6006
vn -0.6525 -0.4570 -0.6045
vn -0.6459 -0.4578 -0.6109
vn 0.4808 0.8462 0.2300
vn 0.4807 0.8462 0.2300
vn 0.6566 0.4564 0.6005
vn 0.6526 0.4569 0.6045
vn 0.6630 0.4555 0.5941
vn 0.7780 0.0228 -0.6278
vn 0.3354 -0.8600 0.3845
vn -0.7780 -0.0228 0.6278
vn -0.3354 0.8600 -0.3845
vn 0.5312 0.5097 0.6768
vn 0.5018 0.4703 0.7260
vn -0.3834 -0.4974 -0.7782
vn -0.4952 -0.5926 -0.6352
vn -0.4953 -0.5926 -0.6352
vn 0.4952 0.5926 0.6352
vn -0.0475 -0.6252 0.7790
vn -0.0432 -0.6364 0.7702
vn -0.0506 -0.6168 0.7855
vn -0.8665 -0.2699 -0.4199
vn -0.8704 -0.2569 -0.4200
vn -0.8503 -0.3184 -0.4190
vn 0.0622 0.6488 -0.7584
vn 0.0592 0.6540 -0.7541
vn 0.0557 0.6601 -0.7491
vn 0.7418 0.4050 0.5345
vn 0.7527 0.3830 0.5355
vn 0.7751 0.3337 0.5365
vn -0.5670 -0.6595 -0.4935
vn -0.5636 -0.6599 -0.4969
vn -0.5749 -0.6584 -0.4857
vn -0.6794 -0.4067 -0.6108
vn -0.6778 -0.4058 -0.6131
vn -0.6723 -0.4028 -0.6212
vn 0.5667 0.6812 0.4636
vn 0.5634 0.6816 0.4668
vn 0.5555 0.6827 0.4746
vn 0.7027 0.3889 0.5957
vn 0.7013 0.3881 0.5980
vn 0.7080 0.3918 0.5875
vn -0.5391 -0.7607 -0.3615
vn -0.5345 -0.7612 -0.3674
vn -0.5479 -0.7598 -0.3500
vn -0.8316 -0.2515 -0.4952
vn -0.8291 -0.2503 -0.5000
vn -0.8244 -0.2479 -0.5088
vn 0.5359 0.7763 0.3319
vn 0.5317 0.7768 0.3374
vn 0.5228 0.7778 0.3488
vn 0.8560 0.2222 0.4667
vn 0.8539 0.2210 0.4711
vn 0.8602 0.2245 0.4578
vn -0.5280 -0.7400 -0.4167
vn -0.5280 -0.7400 -0.4168
vn -0.7863 -0.2811 -0.5502
vn -0.7834 -0.2799 -0.5549
vn -0.7787 -0.2780 -0.5625
vn 0.5262 0.7566 0.3882
vn 0.5261 0.7566 0.3883
vn 0.7865 0.2809 0.5501
vn 0.7836 0.2798 0.5548
vn 0.7911 0.2828 0.5424
vn -0.2365 -0.0946 -0.9670
vn 0.1261 -0.9898 0.0659
vn 0.2365 0.0946 0.9670
vn -0.1261 0.9898 -0.0659
vn -0.1261 0.9898 -0.0660
vn 0.9634 0.1064 -0.2460
vn 0.9794 0.0687 -0.1897
vn -0.9902 -0.1216 0.0690
vn -0.9461 -0.2041 0.2513
vn 0.9461 0.2041 -0.2513
vn 0.4079 -0.7424 0.5315
vn 0.3978 -0.7517 0.5260
vn 0.4154 -0.7353 0.5355
vn -0.7790 0.1633 0.6054
vn -0.7756 0.1764 0.6061
vn -0.7905 0.1137 0.6018
vn -0.3761 0.7534 -0.5394
vn -0.3716 0.7581 -0.5359
vn -0.3663 0.7636 -0.5318
vn 0.8811 -0.0263 -0.4722
vn 0.8776 -0.0503 -0.4767
vn 0.8682 -0.1028 -0.4855
vn -0.8776 -0.2748 0.3928
vn -0.8794 -0.2755 0.3884
vn -0.8735 -0.2730 0.4030
vn -0.9234 0.0220 0.3833
vn -0.9244 0.0228 0.3807
vn -0.9281 0.0256 0.3715
vn 0.8602 0.3020 -0.4109
vn 0.8620 0.3027 -0.4066
vn 0.8661 0.3045 -0.3965
vn 0.9125 -0.0425 -0.4068
vn 0.9136 -0.0433 -0.4043
vn 0.9086 -0.0397 -0.4157
vn -0.7933 -0.4089 0.4510
vn -0.7968 -0.4094 0.4444
vn -0.7865 -0.4079 0.4637
vn -0.8230 0.1865 0.5365
vn -0.8257 0.1880 0.5319
vn -0.8306 0.1906 0.5232
vn 0.7730 0.4315 -0.4651
vn 0.7763 0.4320 -0.4590
vn 0.7830 0.4332 -0.4464
vn 0.7968 -0.2145 -0.5648
vn 0.7994 -0.2159 -0.5608
vn 0.7917 -0.2116 -0.5731
vn -0.8283 -0.3803 0.4114
vn -0.8283 -0.3803 0.4115
vn -0.8641 0.1577 0.4780
vn -0.8666 0.1589 0.4730
vn -0.8706 0.1609 0.4650
vn 0.8097 0.4030 -0.4265
vn 0.8098 0.4030 -0.4264
vn 0.8640 -0.1578 -0.4781
vn 0.8665 -0.1591 -0.4732
vn 0.8599 -0.1559 -0.4860
vn -0.3174 -0.3854 -0.8665
vn 0.4239 -0.8750 0.2339
vn 0.3174 0.3854 0.8665
vn -0.4239 0.8750 -0.2339
vn 0.8483 0.2931 -0.4411
vn 0.8818 0.2758 -0.3826
vn -0.8914 -0.3573 0.2789
vn -0.8020 -0.3785 0.4621
vn 0.8020 0.3785 -0.4621
vn 0.6751 -0.4567 0.5793
vn 0.6676 -0.4695 0.5778
vn 0.6806 -0.4472 0.5803
vn -0.7092 0.0946 0.6986
vn -0.7098 0.1078 0.6961
vn -0.7057 0.0443 0.7071
vn -0.6493 0.4735 -0.5951
vn -0.6460 0.4799 -0.5936
vn -0.6421 0.4874 -0.5917
vn 0.7816 0.0926 -0.6169
vn 0.7849 0.0682 -0.6158
vn 0.7906 0.0145 -0.6122
vn -0.6982 -0.3921 0.5990
vn -0.7001 -0.3943 0.5952
vn -0.6935 -0.3869 0.6077
vn -0.8315 -0.1293 0.5403
vn -0.8331 -0.1295 0.5378
vn -0.8385 -0.1300 0.5292
vn 0.6713 0.4085 -0.6184
vn 0.6733 0.4107 -0.6148
vn 0.6779 0.4159 -0.6062
vn 0.8244 0.1017 -0.5568
vn 0.8260 0.1018 -0.5544
vn 0.8187 0.1011 -0.5652
vn -0.5710 -0.4810 0.6653
vn -0.5749 -0.4840 0.6597
vn -0.5632 -0.4752 0.6760
vn -0.7665 0.0879 0.6362
vn -0.7700 0.0874 0.6320
vn -0.7765 0.0865 0.6241
vn 0.5432 0.4933 -0.6795
vn 0.5469 0.4962 -0.6743
vn 0.5545 0.5021 -0.6636
vn 0.7465 -0.1277 -0.6530
vn 0.7498 -0.1274 -0.6493
vn 0.7398 -0.1284 -0.6605
vn -0.6176 -0.4731 0.6283
vn -0.6176 -0.4731 0.6282
vn -0.8041 0.0360 0.5934
vn -0.8074 0.0353 0.5889
vn -0.8128 0.0341 0.5815
vn 0.5913 0.4858 -0.6437
vn 0.5914 0.4858 -0.6436
vn 0.8040 -0.0361 -0.5935
vn 0.8074 -0.0354 -0.5890
vn 0.7986 -0.0373 -0.6007
vn 0.0799 -0.6809 -0.7280
vn -0.5324 -0.6466 0.5463
vn -0.0799 0.6809 0.7280
vn 0.5324 0.6466 -0.5463
vn 0.8427 -0.3440 0.4141
vn 0.8134 -0.3337 0.4764
vn -0.8148 0.2166 -0.5377
vn -0.8914 0.2781 -0.3578
vn 0.8914 -0.2781 0.3578
vn -0.3259 -0.2263 0.9179
vn -0.3372 -0.2338 0.9119
vn -0.3175 -0.2207 0.9222
vn -0.6595 0.7294 -0.1821
vn -0.6493 0.7377 -0.1851
vn -0.6969 0.6966 -0.1705
vn 0.3582 0.2201 -0.9073
vn 0.3633 0.2246 -0.9042
vn 0.3691 0.2297 -0.9005
vn 0.7745 -0.5703 0.2738
vn 0.7588 -0.5885 0.2790
vn 0.7227 -0.6274 0.2898
vn -0.9299 0.3127 -0.1934
vn -0.9302 0.3095 -0.1971
vn -0.9292 0.3200 -0.1850
vn -0.7793 0.5158 -0.3558
vn -0.7788 0.5148 -0.3585
vn -0.7768 0.5111 -0.3679
vn 0.9397 -0.3028 0.1592
vn 0.9400 -0.2998 0.1626
vn 0.9409 -0.2925 0.1710
vn 0.7665 -0.5432 0.3426
vn 0.7660 -0.5422 0.3452
vn 0.7683 -0.5466 0.3332
vn -0.9691 0.2426 -0.0450
vn -0.9698 0.2385 -0.0512
vn -0.9675 0.2505 -0.0330
vn -0.6553 0.7077 -0.2642
vn -0.6549 0.7061 -0.2694
vn -0.6540 0.7030 -0.2792
vn 0.9725 -0.2324 0.0133
vn 0.9733 -0.2285 0.0190
vn 0.9749 -0.2206 0.0309
vn 0.6283 -0.7396 0.2413
vn 0.6280 -0.7383 0.2461
vn 0.6290 -0.7421 0.2315
vn -0.9644 0.2429 -0.1049
vn -0.9644 0.2428 -0.1049
vn -0.9644 0.2429 -0.1048
vn -0.6839 0.6578 -0.3155
vn -0.6834 0.6558 -0.3208
vn -0.6825 0.6525 -0.3293
vn 0.9695 -0.2336 0.0736
vn 0.9696 -0.2335 0.0737
vn 0.6838 -0.6579 0.3154
vn 0.6833 -0.6559 0.3207
vn 0.6846 -0.6611 0.3069
vn -0.0395 -0.6322 -0.7738
vn -0.7242 -0.5155 0.4581
vn 0.0395 0.6322 0.7738
vn 0.7242 0.5155 -0.4581
vn 0.6885 -0.5784 0.4375
vn 0.6578 -0.5646 0.4985
vn -0.6844 0.4560 -0.5689
vn -0.7570 0.5244 -0.3898
vn -0.7570 0.5244 -0.3899
vn 0.7570 -0.5244 0.3898
vn -0.4473 -0.1878 0.8745
vn -0.4596 -0.1917 0.8672
vn -0.4380 -0.1849 0.8797
vn -0.4315 0.8870 -0.1642
vn -0.4192 0.8926 -0.1659
vn -0.4770 0.8647 -0.1577
vn 0.4759 0.1727 -0.8624
vn 0.4817 0.1755 -0.8586
vn 0.4883 0.1787 -0.8542
vn 0.5758 -0.7698 0.2755
vn 0.5556 -0.7836 0.2782
vn 0.5099 -0.8121 0.2836
vn -0.7985 0.5579 -0.2260
vn -0.7994 0.5551 -0.2299
vn -0.7966 0.5642 -0.2170
vn -0.5878 0.7236 -0.3617
vn -0.5873 0.7226 -0.3645
vn -0.5856 0.7192 -0.3739
vn 0.8133 -0.5489 0.1933
vn 0.8141 -0.5463 0.1970
vn 0.8161 -0.5400 0.2059
vn 0.5695 -0.7458 0.3456
vn 0.5691 -0.7449 0.3483
vn 0.5711 -0.7490 0.3361
vn -0.8665 0.4917 -0.0864
vn -0.8677 0.4883 -0.0929
vn -0.8639 0.4982 -0.0737
vn -0.4264 0.8701 -0.2474
vn -0.4259 0.8687 -0.2527
vn -0.4251 0.8662 -0.2626
vn 0.8750 -0.4808 0.0559
vn 0.8763 -0.4777 0.0620
vn 0.8789 -0.4712 0.0745
vn 0.3940 -0.8923 0.2204
vn 0.3936 -0.8912 0.2252
vn 0.3948 -0.8943 0.2105
vn -0.8570 0.4944 -0.1457
vn -0.8570 0.4943 -0.1457
vn -0.8570 0.4944 -0.1456
vn -0.4626 0.8327 -0.3042
vn -0.4622 0.8310 -0.3096
vn -0.4615 0.8281 -0.3183
vn 0.8669 -0.4849 0.1156
vn 0.8669 -0.4848 0.1157
vn 0.4625 -0.8328 0.3041
vn 0.4621 -0.8311 0.3095
vn 0.4631 -0.8356 0.2954
vn 0.8832 -0.3484 -0.3139
vn -0.1492 -0.8433 0.5163
vn -0.8832 0.3484 0.3139
vn 0.1492 0.8433 -0.5163
vn 0.4446 0.4092 0.7968
vn 0.3888 0.3910 0.8343
vn -0.2793 -0.4649 -0.8401
vn -0.4572 -0.4909 -0.7416
vn 0.4572 0.4909 0.7416
vn -0.5182 -0.4294 0.7396
vn -0.5159 -0.4427 0.7334
vn -0.5198 -0.4195 0.7442
vn -0.7273 -0.0302 -0.6856
vn -0.7258 -0.0169 -0.6876
vn -0.7317 -0.0804 -0.6769
vn 0.5335 0.4498 -0.7163
vn 0.5315 0.4564 -0.7135
vn 0.5292 0.4641 -0.7103
vn 0.6335 0.2169 0.7428
vn 0.6344 0.1930 0.7485
vn 0.6352 0.1400 0.7595
vn -0.5890 -0.5044 -0.6314
vn -0.5851 -0.5065 -0.6333
vn -0.5979 -0.4994 -0.6269
vn -0.5558 -0.2526 -0.7920
vn -0.5534 -0.2527 -0.7937
vn -0.5449 -0.2531 -0.7994
vn 0.6061 0.5194 0.6023
vn 0.6024 0.5215 0.6042
vn 0.5936 0.5265 0.6086
vn 0.5743 0.2257 0.7870
vn 0.5720 0.2258 0.7886
vn 0.5825 0.2252 0.7810
vn -0.6437 -0.5849 -0.4936
vn -0.6380 -0.5878 -0.4974
vn -0.6546 -0.5791 -0.4860
vn -0.6665 -0.0379 -0.7445
vn -0.6624 -0.0384 -0.7482
vn -0.6547 -0.0393 -0.7549
vn 0.6559 0.5953 0.4641
vn 0.6507 0.5982 0.4678
vn 0.6398 0.6040 0.4752
vn 0.6857 -0.0024 0.7279
vn 0.6821 -0.0020 0.7313
vn 0.6930 -0.0032 0.7209
vn -0.6090 -0.5789 -0.5423
vn -0.6089 -0.5789 -0.5423
vn -0.6090 -0.5789 -0.5422
vn -0.6210 -0.0899 -0.7787
vn -0.6166 -0.0906 -0.7821
vn -0.6093 -0.0917 -0.7876
vn 0.6225 0.5900 0.5142
vn 0.6225 0.5900 0.5143
vn 0.6224 0.5900 0.5143
vn 0.6211 0.0897 0.7786
vn 0.6167 0.0904 0.7820
vn 0.6282 0.0886 0.7730
vn 0.5749 0.0684 0.8154
vn 0.1738 0.9635 -0.2034
vn -0.5749 -0.0684 -0.8154
vn -0.1738 -0.9635 0.2034
vn 0.7996 -0.2587 -0.5420
vn 0.7737 -0.2203 -0.5940
vn -0.6838 0.2667 0.6792
vn -0.7784 0.3531 0.5191
vn 0.7784 -0.3531 -0.5191
vn -0.0212 0.7070 -0.7069
vn -0.0225 0.7174 -0.6963
vn -0.0203 0.6992 -0.7146
vn -0.9830 -0.0124 0.1831
vn -0.9832 -0.0257 0.1810
vn -0.9809 0.0382 0.1907
vn 0.0464 -0.7229 0.6894
vn 0.0461 -0.7281 0.6840
vn 0.0458 -0.7339 0.6777
vn 0.9320 -0.1296 -0.3386
vn 0.9364 -0.1057 -0.3347
vn 0.9441 -0.0529 -0.3253
vn -0.8283 0.4216 0.3691
vn -0.8260 0.4223 0.3733
vn -0.8334 0.4199 0.3593
vn -0.8932 0.1344 0.4291
vn -0.8921 0.1336 0.4317
vn -0.8881 0.1308 0.4407
vn 0.8264 -0.4471 -0.3423
vn 0.8243 -0.4478 -0.3464
vn 0.8192 -0.4496 -0.3561
vn 0.9064 -0.1141 -0.4067
vn 0.9054 -0.1133 -0.4093
vn 0.9101 -0.1169 -0.3977
vn -0.7971 0.5455 0.2589
vn -0.7944 0.5461 0.2658
vn -0.8022 0.5443 0.2454
vn -0.9641 -0.0331 0.2633
vn -0.9627 -0.0344 0.2685
vn -0.9599 -0.0369 0.2780
vn 0.7910 -0.5657 -0.2328
vn 0.7886 -0.5664 -0.2393
vn 0.7835 -0.5677 -0.2527
vn 0.9719 0.0627 -0.2268
vn 0.9707 0.0640 -0.2315
vn 0.9742 0.0602 -0.2173
vn -0.7948 0.5199 0.3131
vn -0.7948 0.5199 0.3132
vn -0.9436 -0.0023 0.3309
vn -0.9418 -0.0035 0.3362
vn -0.9387 -0.0053 0.3446
vn 0.7906 -0.5406 -0.2877
vn 0.7906 -0.5406 -0.2878
vn 0.7905 -0.5406 -0.2878
vn 0.9437 0.0025 -0.3308
vn 0.9419 0.0036 -0.3360
vn 0.9466 0.0006 -0.3223
vn 0.0719 0.1846 0.9802
vn -0.5330 0.8377 -0.1187
vn -0.0719 -0.1846 -0.9802
vn 0.5330 -0.8377 0.1187
vn 0.8431 0.5139 -0.1586
vn 0.8142 0.5386 -0.2169
vn -0.8166 -0.4726 0.3314
vn -0.8918 -0.4282 0.1460
vn 0.8918 0.4282 -0.1460
vn -0.3220 0.6825 -0.6561
vn -0.3334 0.6857 -0.6471
vn -0.3135 0.6801 -0.6627
vn -0.6563 -0.7145 -0.2425
vn -0.6460 -0.7231 -0.2443
vn -0.6939 -0.6807 -0.2350
vn 0.3544 -0.6716 0.6507
vn 0.3595 -0.6737 0.6457
vn 0.3654 -0.6760 0.6399
vn 0.7727 0.6296 0.0807
vn 0.7570 0.6478 0.0859
vn 0.7207 0.6863 0.0973
vn -0.9292 -0.3694 -0.0116
vn -0.9295 -0.3686 -0.0069
vn -0.9283 -0.3710 -0.0226
vn -0.7783 -0.6276 0.0177
vn -0.7778 -0.6282 0.0206
vn -0.7759 -0.6301 0.0304
vn 0.9388 0.3427 0.0353
vn 0.9392 0.3420 0.0308
vn 0.9401 0.3403 0.0198
vn 0.7653 0.6436 0.0080
vn 0.7648 0.6442 0.0053
vn 0.7670 0.6414 0.0178
vn -0.9679 -0.2307 -0.0997
vn -0.9687 -0.2306 -0.0922
vn -0.9663 -0.2309 -0.1141
vn -0.6527 -0.7402 -0.1615
vn -0.6523 -0.7417 -0.1562
vn -0.6515 -0.7444 -0.1463
vn 0.9712 0.2051 0.1210
vn 0.9721 0.2049 0.1141
vn 0.9738 0.2046 0.0998
vn 0.6254 0.7548 0.1977
vn 0.6251 0.7563 0.1930
vn 0.6260 0.7518 0.2073
vn -0.9635 -0.2630 -0.0492
vn -0.9635 -0.2630 -0.0493
vn -0.6819 -0.7257 -0.0917
vn -0.6814 -0.7268 -0.0862
vn -0.6806 -0.7286 -0.0772
vn 0.9686 0.2384 0.0707
vn 0.9686 0.2384 0.0706
vn 0.6818 0.7257 0.0918
vn 0.6813 0.7269 0.0863
vn 0.6825 0.7239 0.1008
vn 0.4016 0.4204 0.8136
vn -0.3524 0.8910 -0.2864
vn -0.4016 -0.4204 -0.8136
vn 0.3524 -0.8910 0.2864
vn 0.8453 0.1717 -0.5060
vn 0.8061 0.1866 -0.5615
vn -0.7598 -0.0937 0.6434
vn -0.8761 -0.0824 0.4750
vn 0.8761 0.0824 -0.4750
vn -0.3514 0.5361 -0.7675
vn -0.3586 0.5449 -0.7579
vn -0.3460 0.5295 -0.7745
vn -0.8354 -0.5226 0.1702
vn -0.8283 -0.5341 0.1694
vn -0.8609 -0.4784 0.1733
vn 0.3822 -0.5373 0.7518
vn 0.3850 -0.5421 0.7469
vn 0.3882 -0.5477 0.7411
vn 0.8767 0.3651 -0.3132
vn 0.8676 0.3878 -0.3113
vn 0.8456 0.4371 -0.3066
vn -0.9458 -0.0615 0.3188
vn -0.9446 -0.0594 0.3229
vn -0.9487 -0.0663 0.3091
vn -0.8519 -0.3341 0.4034
vn -0.8506 -0.3340 0.4060
vn -0.8463 -0.3336 0.4153
vn 0.9562 0.0409 -0.2899
vn 0.9550 0.0388 -0.2939
vn 0.9522 0.0340 -0.3035
vn 0.8509 0.3598 -0.3827
vn 0.8498 0.3597 -0.3853
vn 0.8550 0.3600 -0.3734
vn -0.9788 0.0520 0.1983
vn -0.9772 0.0545 0.2053
vn -0.9816 0.0473 0.1849
vn -0.8132 -0.5245 0.2523
vn -0.8115 -0.5245 0.2575
vn -0.8084 -0.5244 0.2673
vn 0.9828 -0.0705 -0.1707
vn 0.9815 -0.0728 -0.1771
vn 0.9786 -0.0776 -0.1904
vn 0.8019 0.5561 -0.2185
vn 0.8005 0.5563 -0.2233
vn 0.8046 0.5559 -0.2088
vn -0.9664 0.0354 0.2547
vn -0.9664 0.0353 0.2547
vn -0.8162 -0.4830 0.3172
vn -0.8143 -0.4826 0.3225
vn -0.8112 -0.4820 0.3311
vn 0.9723 -0.0533 -0.2276
vn 0.9723 -0.0533 -0.2277
vn 0.8161 0.4832 -0.3170
vn 0.8143 0.4828 -0.3223
vn 0.8191 0.4837 -0.3084
vn 0.0028 -0.5531 0.8331
vn -0.3777 0.7708 0.5130
vn -0.0028 0.5531 -0.8331
vn 0.3777 -0.7708 -0.5130
vn 0.9259 0.3161 0.2067
vn 0.9073 0.3788 0.1827
vn -0.9105 -0.4100 -0.0543
vn -0.9588 -0.2380 -0.1548
vn 0.9588 0.2380 0.1548
vn -0.1420 0.9898 0.0092
vn -0.1536 0.9880 0.0183
vn -0.1334 0.9911 0.0024
vn -0.7348 -0.2180 -0.6424
vn -0.7259 -0.2247 -0.6501
vn -0.7670 -0.1923 -0.6121
vn 0.1761 -0.9844 -0.0068
vn 0.1813 -0.9834 -0.0120
vn 0.1873 -0.9821 -0.0181
vn 0.8516 0.2472 0.4622
vn 0.8385 0.2593 0.4792
vn 0.8080 0.2854 0.5155
vn -0.9705 -0.0818 -0.2267
vn -0.9712 -0.0845 -0.2227
vn -0.9689 -0.0756 -0.2358
vn -0.8666 -0.3120 -0.3895
vn -0.8664 -0.3144 -0.3879
vn -0.8658 -0.3229 -0.3822
vn 0.9733 0.0450 0.2250
vn 0.9741 0.0476 0.2212
vn 0.9758 0.0537 0.2121
vn 0.8538 0.3081 0.4196
vn 0.8537 0.3105 0.4181
vn 0.8541 0.2996 0.4252
vn -0.9776 0.0834 -0.1932
vn -0.9791 0.0785 -0.1877
vn -0.9746 0.0928 -0.2038
vn -0.7434 -0.2921 -0.6017
vn -0.7438 -0.2968 -0.5989
vn -0.7444 -0.3057 -0.5936
vn 0.9747 -0.1167 0.1907
vn 0.9762 -0.1122 0.1856
vn 0.9792 -0.1030 0.1750
vn 0.7154 0.2827 0.6390
vn 0.7158 0.2870 0.6366
vn 0.7145 0.2738 0.6438
vn -0.9835 0.0253 -0.1791
vn -0.9835 0.0253 -0.1792
vn -0.7767 -0.3242 -0.5400
vn -0.7770 -0.3289 -0.5368
vn -0.7773 -0.3364 -0.5316
vn 0.9824 -0.0583 0.1775
vn 0.9824 -0.0582 0.1775
vn 0.9824 -0.0582 0.1774
vn 0.7766 0.3242 0.5402
vn 0.7769 0.3288 0.5370
vn 0.7761 0.3166 0.5453
vn -0.0504 -0.2661 0.9626
vn -0.0875 0.9613 0.2611
vn 0.0504 0.2661 -0.9626
vn 0.0875 -0.9613 -0.2611
vn 0.9949 0.0711 0.0718
vn 0.9915 0.1268 0.0302
vn -0.9879 -0.1175 0.1016
vn -0.9987 0.0248 -0.0455
vn 0.9987 -0.0248 0.0455
vn 0.1378 0.9463 -0.2924
vn 0.1273 0.9507 -0.2829
vn 0.1455 0.9429 -0.2995
vn -0.8372 -0.1633 -0.5219
vn -0.8316 -0.1743 -0.5274
vn -0.8574 -0.1217 -0.5001
vn -0.1035 -0.9508 0.2920
vn -0.0989 -0.9529 0.2866
vn -0.0936 -0.9554 0.2803
vn 0.9354 0.1036 0.3382
vn 0.9282 0.1234 0.3509
vn 0.9106 0.1666 0.3783
vn -0.9754 0.1499 -0.1617
vn -0.9763 0.1488 -0.1571
vn -0.9732 0.1524 -0.1723
vn -0.9588 -0.1373 -0.2486
vn -0.9592 -0.1391 -0.2463
vn -0.9603 -0.1454 -0.2382
vn 0.9677 -0.1847 0.1714
vn 0.9687 -0.1837 0.1670
vn 0.9709 -0.1812 0.1564
vn 0.9492 0.1462 0.2788
vn 0.9495 0.1480 0.2766
vn 0.9478 0.1399 0.2867
vn -0.9327 0.3121 -0.1806
vn -0.9348 0.3097 -0.1738
vn -0.9285 0.3167 -0.1937
vn -0.8611 -0.2166 -0.4601
vn -0.8624 -0.2200 -0.4559
vn -0.8648 -0.2263 -0.4482
vn 0.9205 -0.3422 0.1887
vn 0.9226 -0.3401 0.1823
vn 0.9267 -0.3356 0.1693
vn 0.8361 0.2271 0.4993
vn 0.8374 0.2302 0.4957
vn 0.8334 0.2207 0.5066
vn -0.9527 0.2649 -0.1491
vn -0.9527 0.2649 -0.1492
vn -0.8943 -0.2183 -0.3906
vn -0.8955 -0.2215 -0.3861
vn -0.8973 -0.2268 -0.3788
vn 0.9424 -0.2951 0.1578
vn 0.9424 -0.2950 0.1577
vn 0.8942 0.2183 0.3907
vn 0.8954 0.2216 0.3863
vn 0.8923 0.2131 0.3980
vn 0.2657 0.8235 0.5013
vn -0.0730 0.5357 -0.8413
vn -0.2657 -0.8235 -0.5013
vn 0.0730 -0.5357 0.8413
vn 0.9613 -0.1870 -0.2024
vn 0.9413 -0.2085 -0.2655
vn -0.8982 0.3313 0.2889
vn -0.9638 0.2392 0.1179
vn 0.9638 -0.2392 -0.1179
vn -0.0273 -0.0392 -0.9989
vn -0.0346 -0.0263 -0.9991
vn -0.0218 -0.0488 -0.9986
vn -0.9425 -0.2961 0.1548
vn -0.9380 -0.3058 0.1630
vn -0.9580 -0.2588 0.1234
vn 0.0600 0.0281 0.9978
vn 0.0629 0.0213 0.9978
vn 0.0662 0.0133 0.9977
vn 0.9839 0.0834 -0.1583
vn 0.9796 0.1027 -0.1729
vn 0.9680 0.1449 -0.2048
vn -0.9863 0.1614 -0.0342
vn -0.9857 0.1656 -0.0319
vn -0.9876 0.1517 -0.0396
vn -0.9763 -0.0041 0.2164
vn -0.9758 -0.0024 0.2187
vn -0.9739 0.0035 0.2269
vn 0.9845 -0.1602 0.0711
vn 0.9840 -0.1642 0.0689
vn 0.9827 -0.1739 0.0636
vn 0.9757 0.0371 -0.2159
vn 0.9753 0.0355 -0.2182
vn 0.9772 0.0430 -0.2077
vn -0.9634 0.1781 -0.2006
vn -0.9631 0.1843 -0.1962
vn -0.9637 0.1663 -0.2089
vn -0.9424 -0.2478 0.2247
vn -0.9421 -0.2446 0.2292
vn -0.9416 -0.2386 0.2376
vn 0.9564 -0.1759 0.2333
vn 0.9562 -0.1816 0.2293
vn 0.9558 -0.1935 0.2212
vn 0.9300 0.2937 -0.2212
vn 0.9299 0.2909 -0.2253
vn 0.9301 0.2993 -0.2128
vn -0.9692 0.1992 -0.1446
vn -0.9692 0.1991 -0.1446
vn -0.9526 -0.1753 0.2487
vn -0.9521 -0.1717 0.2531
vn -0.9512 -0.1660 0.2602
vn 0.9643 -0.1969 0.1772
vn 0.9643 -0.1970 0.1771
vn 0.9526 0.1755 -0.2487
vn 0.9520 0.1719 -0.2531
vn 0.9533 0.1811 -0.2416
vn 0.5998 0.6688 -0.4393
vn 0.5418 -0.7434 -0.3921
vn -0.5998 -0.6688 0.4393
vn -0.5418 0.7434 0.3921
vn 0.5888 0.0028 0.8083
vn 0.5779 -0.0658 0.8135
vn -0.4720 0.1169 -0.8738
vn -0.5321 -0.0766 -0.8432
vn 0.5321 0.0766 0.8432
vn 0.2289 -0.9714 0.0634
vn 0.2326 -0.9713 0.0490
vn 0.2261 -0.9713 0.0741
vn -0.8885 -0.1176 -0.4436
vn -0.8942 -0.1101 -0.4339
vn -0.8654 -0.1457 -0.4795
vn -0.2136 0.9764 -0.0328
vn -0.2163 0.9760 -0.0259
vn -0.2194 0.9755 -0.0179
vn 0.7744 0.0916 0.6260
vn 0.7885 0.0795 0.6099
vn 0.8178 0.0525 0.5731
vn -0.5583 -0.2398 -0.7942
vn -0.5557 -0.2367 -0.7970
vn -0.5642 -0.2467 -0.7879
vn -0.7318 -0.0220 -0.6812
vn -0.7309 -0.0194 -0.6822
vn -0.7279 -0.0102 -0.6856
vn 0.5477 0.2750 0.7902
vn 0.5453 0.2721 0.7929
vn 0.5394 0.2652 0.7992
vn 0.7534 0.0273 0.6569
vn 0.7527 0.0248 0.6579
vn 0.7562 0.0364 0.6533
vn -0.4856 -0.3916 -0.7816
vn -0.4825 -0.3864 -0.7860
vn -0.4916 -0.4014 -0.7728
vn -0.8750 -0.0431 -0.4821
vn -0.8739 -0.0382 -0.4845
vn -0.8718 -0.0291 -0.4890
vn 0.4734 0.4217 0.7734
vn 0.4705 0.4170 0.7777
vn 0.4645 0.4072 0.7864
vn 0.8965 0.0505 0.4403
vn 0.8956 0.0461 0.4424
vn 0.8981 0.0594 0.4358
vn -0.4908 -0.3360 -0.8039
vn -0.4909 -0.3360 -0.8038
vn -0.8397 -0.0114 -0.5429
vn -0.8382 -0.0065 -0.5453
vn -0.8357 0.0014 -0.5492
vn 0.4800 0.3665 0.7971
vn 0.4800 0.3664 0.7971
vn 0.8398 0.0114 0.5427
vn 0.8383 0.0066 0.5452
vn 0.8422 0.0193 0.5388
vn 0.5113 0.8525 0.1089
vn 0.2446 -0.0228 -0.9694
vn -0.5113 -0.8525 -0.1089
vn -0.2446 0.0228 0.9694
vn 0.8239 -0.5223 0.2201
vn 0.8044 -0.5686 0.1720
vn -0.7191 0.6664 -0.1971
vn -0.7955 0.5174 -0.3153
vn 0.7955 -0.5174 0.3153
vn 0.0757 -0.5750 -0.8146
vn 0.0741 -0.5629 -0.8232
vn 0.0768 -0.5839 -0.8082
vn -0.9935 0.1104 -0.0263
vn -0.9943 0.1061 -0.0135
vn -0.9891 0.1267 -0.0745
vn -0.0501 0.5568 0.8292
vn -0.0503 0.5506 0.8333
vn -0.0504 0.5434 0.8380
vn 0.9469 -0.2911 0.1364
vn 0.9524 -0.2829 0.1138
vn 0.9624 -0.2641 0.0641
vn -0.8293 0.3783 -0.4113
vn -0.8274 0.3827 -0.4111
vn -0.8338 0.3680 -0.4116
vn -0.9152 0.3836 -0.1234
vn -0.9144 0.3861 -0.1221
vn -0.9113 0.3947 -0.1175
vn 0.8239 -0.3565 0.4406
vn 0.8221 -0.3607 0.4405
vn 0.8177 -0.3709 0.4403
vn 0.9278 -0.3572 0.1080
vn 0.9270 -0.3596 0.1068
vn 0.9305 -0.3485 0.1125
vn -0.7824 0.2933 -0.5493
vn -0.7803 0.3004 -0.5486
vn -0.7865 0.2795 -0.5507
vn -0.9823 0.1870 0.0088
vn -0.9813 0.1920 0.0111
vn -0.9794 0.2012 0.0153
vn 0.7732 -0.2716 0.5731
vn 0.7712 -0.2782 0.5725
vn 0.7671 -0.2920 0.5712
vn 0.9889 -0.1456 -0.0313
vn 0.9881 -0.1500 -0.0334
vn 0.9903 -0.1365 -0.0271
vn -0.7859 0.3424 -0.5149
vn -0.9655 0.2602 -0.0087
vn -0.9642 0.2652 -0.0066
vn -0.9619 0.2734 -0.0032
vn 0.7785 -0.3213 0.5392
vn 0.7785 -0.3213 0.5391
vn 0.7785 -0.3214 0.5391
vn 0.9656 -0.2600 0.0086
vn 0.9642 -0.2651 0.0065
vn 0.9677 -0.2518 0.0121
vn 0.8076 0.0820 -0.5840
vn 0.3154 -0.8969 0.3101
vn -0.8076 -0.0820 0.5840
vn -0.3154 0.8969 -0.3101
vn 0.4983 0.4346 0.7502
vn 0.4665 0.3905 0.7936
vn -0.3458 -0.4129 -0.8426
vn -0.4646 -0.5216 -0.7157
vn 0.4646 0.5215 0.7157
vn -0.0859 -0.7012 0.7077
vn -0.0813 -0.7115 0.6980
vn -0.0894 -0.6935 0.7148
vn -0.8454 -0.2202 -0.4865
vn -0.8493 -0.2073 -0.4855
vn -0.8294 -0.2687 -0.4898
vn 0.0997 0.7225 -0.6842
vn 0.0965 0.7273 -0.6795
vn 0.0928 0.7329 -0.6740
vn 0.7155 0.3437 0.6082
vn 0.7263 0.3216 0.6075
vn 0.7486 0.2724 0.6045
vn -0.5432 -0.6021 -0.5852
vn -0.5396 -0.6022 -0.5884
vn -0.5515 -0.6018 -0.5777
vn -0.6494 -0.3379 -0.6812
vn -0.6477 -0.3369 -0.6833
vn -0.6418 -0.3331 -0.6908
vn 0.5443 0.6267 0.5576
vn 0.5409 0.6269 0.5607
vn 0.5327 0.6272 0.5682
vn 0.6735 0.3217 0.6655
vn 0.6719 0.3206 0.6676
vn 0.6792 0.3254 0.6579
vn -0.5218 -0.7165 -0.4629
vn -0.5170 -0.7163 -0.4686
vn -0.5312 -0.7167 -0.4519
vn -0.8069 -0.1945 -0.5578
vn -0.8042 -0.1928 -0.5623
vn -0.7991 -0.1896 -0.5706
vn 0.5201 0.7350 0.4351
vn 0.5156 0.7350 0.4404
vn 0.5062 0.7349 0.4513
vn 0.8327 0.1681 0.5277
vn 0.8303 0.1665 0.5318
vn 0.8373 0.1712 0.5193
vn -0.5080 -0.6903 -0.5152
vn -0.5081 -0.6903 -0.5152
vn -0.7591 -0.2185 -0.6132
vn -0.7559 -0.2169 -0.6177
vn -0.7508 -0.2142 -0.6248
vn 0.5076 0.7097 0.4885
vn 0.5076 0.7097 0.4886
vn 0.7592 0.2184 0.6131
vn 0.7561 0.2168 0.6175
vn 0.7642 0.2210 0.6059
vn 0.2657 0.6837 0.6797
vn 0.0216 0.7006 -0.7132
vn -0.2657 -0.6837 -0.6797
vn -0.0216 -0.7006 0.7132
vn 0.9638 -0.2041 -0.1714
vn 0.9479 -0.2109 -0.2388
vn -0.9007 0.3232 0.2902
vn -0.9569 0.2727 0.0997
vn 0.9569 -0.2727 -0.0997
vn 0.0509 0.1686 -0.9844
vn 0.0442 0.1818 -0.9823
vn 0.0558 0.1589 -0.9857
vn -0.9656 -0.2590 0.0249
vn -0.9622 -0.2705 0.0311
vn -0.9766 -0.2151 0.0010
vn -0.0187 -0.1813 0.9832
vn -0.0163 -0.1882 0.9820
vn -0.0134 -0.1962 0.9805
vn 0.9963 0.0493 -0.0701
vn 0.9942 0.0714 -0.0806
vn 0.9874 0.1200 -0.1036
vn -0.9711 0.2294 -0.0665
vn -0.9704 0.2330 -0.0633
vn -0.9724 0.2212 -0.0739
vn -0.9895 0.0157 0.1439
vn -0.9891 0.0168 0.1465
vn -0.9876 0.0208 0.1558
vn 0.9664 -0.2357 0.1027
vn 0.9659 -0.2392 0.0996
vn 0.9645 -0.2474 0.0923
vn 0.9905 0.0165 -0.1366
vn 0.9902 0.0154 -0.1391
vn 0.9917 0.0204 -0.1272
vn -0.9340 0.2784 -0.2237
vn -0.9338 0.2835 -0.2182
vn -0.9343 0.2686 -0.2343
vn -0.9686 -0.2262 0.1032
vn -0.9685 -0.2240 0.1083
vn -0.9684 -0.2199 0.1177
vn 0.9246 -0.2825 0.2556
vn 0.9245 -0.2873 0.2506
vn 0.9242 -0.2972 0.2401
vn 0.9582 0.2711 -0.0910
vn 0.9583 0.2692 -0.0956
vn 0.9580 0.2749 -0.0816
vn -0.9433 0.2879 -0.1651
vn -0.9433 0.2878 -0.1651
vn -0.9770 -0.1596 0.1411
vn -0.9767 -0.1571 0.1462
vn -0.9761 -0.1531 0.1544
vn 0.9359 -0.2920 0.1970
vn 0.9359 -0.2921 0.1970
vn 0.9359 -0.2921 0.1969
vn 0.9770 0.1598 -0.1411
vn 0.9767 0.1573 -0.1461
vn 0.9775 0.1639 -0.1329
vn 0.6537 0.7185 0.2375
vn 0.2521 0.0892 -0.9636
vn -0.6537 -0.7185 -0.2375
vn -0.2521 -0.0892 0.9636
vn 0.7135 -0.6898 0.1229
vn 0.6869 -0.7235 0.0681
vn -0.5851 0.8072 -0.0784
vn -0.6850 0.6952 -0.2179
vn 0.6850 -0.6952 0.2179
vn -0.0153 -0.4414 -0.8972
vn -0.0145 -0.4280 -0.9037
vn -0.0159 -0.4512 -0.8923
vn -0.9572 0.2894 0.0047
vn -0.9589 0.2832 0.0166
vn -0.9492 0.3121 -0.0404
vn 0.0369 0.4168 0.9083
vn 0.0356 0.4101 0.9113
vn 0.0341 0.4024 0.9148
vn 0.8772 -0.4740 0.0756
vn 0.8845 -0.4634 0.0546
vn 0.8985 -0.4390 0.0084
vn -0.7416 0.5816 -0.3345
vn -0.7389 0.5855 -0.3336
vn -0.7477 0.5725 -0.3364
vn -0.8298 0.5560 -0.0484
vn -0.8285 0.5581 -0.0467
vn -0.8240 0.5652 -0.0409
vn 0.7396 -0.5641 0.3670
vn 0.7371 -0.5679 0.3663
vn 0.7309 -0.5770 0.3644
vn 0.8470 -0.5302 0.0373
vn 0.8459 -0.5322 0.0357
vn 0.8513 -0.5230 0.0431
vn -0.7084 0.5128 -0.4850
vn -0.7050 0.5192 -0.4831
vn -0.7149 0.5003 -0.4885
vn -0.9330 0.3561 0.0514
vn -0.9312 0.3604 0.0544
vn -0.9278 0.3682 0.0601
vn 0.7028 -0.4938 0.5121
vn 0.6997 -0.4999 0.5104
vn 0.6932 -0.5122 0.5070
vn 0.9472 -0.3134 -0.0671
vn 0.9458 -0.3173 -0.0699
vn 0.9502 -0.3056 -0.0614
vn -0.7036 0.5555 -0.4431
vn -0.7036 0.5556 -0.4430
vn -0.9031 0.4269 0.0456
vn -0.9009 0.4312 0.0485
vn -0.8973 0.4382 0.0532
vn 0.6997 -0.5376 0.4705
vn 0.6997 -0.5377 0.4705
vn 0.9032 -0.4267 -0.0457
vn 0.9010 -0.4311 -0.0486
vn 0.9067 -0.4197 -0.0410
vn 0.7640 0.5940 0.2521
vn 0.3742 -0.0896 -0.9230
vn -0.7640 -0.5940 -0.2521
vn -0.3742 0.0896 0.9230
vn 0.5256 -0.7995 0.2908
vn 0.4987 -0.8339 0.2366
vn -0.3805 0.8928 -0.2410
vn -0.4859 0.7866 -0.3810
vn 0.4859 -0.7866 0.3810
vn -0.0090 -0.5411 -0.8409
vn -0.0046 -0.5291 -0.8485
vn -0.0123 -0.5499 -0.8352
vn -0.8643 0.4774 -0.1584
vn -0.8687 0.4733 -0.1463
vn -0.8464 0.4920 -0.2040
vn 0.0233 0.5142 0.8574
vn 0.0202 0.5084 0.8609
vn 0.0166 0.5017 0.8649
vn 0.7371 -0.6298 0.2452
vn 0.7488 -0.6236 0.2244
vn 0.7730 -0.6088 0.1783
vn -0.5523 0.6729 -0.4921
vn -0.5489 0.6762 -0.4913
vn -0.5601 0.6651 -0.4940
vn -0.6762 0.7031 -0.2200
vn -0.6747 0.7051 -0.2184
vn -0.6694 0.7118 -0.2128
vn 0.5506 -0.6513 0.5222
vn 0.5473 -0.6546 0.5214
vn 0.5396 -0.6624 0.5197
vn 0.6999 -0.6831 0.2089
vn 0.6984 -0.6850 0.2074
vn 0.7049 -0.6762 0.2145
vn -0.5181 0.5799 -0.6287
vn -0.5136 0.5857 -0.6271
vn -0.5267 0.5687 -0.6319
vn -0.8316 0.5432 -0.1158
vn -0.8292 0.5473 -0.1130
vn -0.8248 0.5550 -0.1078
vn 0.5137 -0.5568 0.6527
vn 0.5096 -0.5623 0.6513
vn 0.5009 -0.5734 0.6483
vn 0.8565 -0.5067 0.0980
vn 0.8545 -0.5105 0.0954
vn 0.8604 -0.4990 0.1032
vn -0.5088 0.6258 -0.5911
vn -0.5089 0.6258 -0.5911
vn -0.7864 0.6050 -0.1246
vn -0.7836 0.6091 -0.1218
vn -0.7791 0.6158 -0.1174
vn 0.5059 -0.6041 0.6158
vn 0.5058 -0.6041 0.6158
vn 0.7865 -0.6049 0.1245
vn 0.7838 -0.6090 0.1218
vn 0.7909 -0.5982 0.1289
vn 0.9477 0.2739 0.1641
vn 0.2791 -0.4610 -0.8424
vn -0.9477 -0.2739 -0.1641
vn -0.2791 0.4610 0.8424
vn 0.1551 -0.8441 0.5133
vn 0.1149 -0.8769 0.4668
vn 0.0170 0.8795 -0.4756
vn -0.1266 0.7942 -0.5944
vn 0.1266 -0.7942 0.5944
vn -0.2543 -0.6813 -0.6864
vn -0.2455 -0.6745 -0.6963
vn -0.2608 -0.6862 -0.6790
vn -0.5931 0.7318 -0.3358
vn -0.5984 0.7330 -0.3234
vn -0.5719 0.7260 -0.3819
vn 0.2566 0.6559 0.7099
vn 0.2515 0.6530 0.7144
vn 0.2456 0.6495 0.7196
vn 0.4165 -0.7924 0.4457
vn 0.4291 -0.7969 0.4251
vn 0.4561 -0.8052 0.3789
vn -0.2371 0.6936 -0.6803
vn -0.2326 0.6953 -0.6800
vn -0.2474 0.6894 -0.6808
vn -0.3300 0.8383 -0.4339
vn -0.3278 0.8398 -0.4327
vn -0.3201 0.8450 -0.4284
vn 0.2452 -0.6664 0.7041
vn 0.2409 -0.6682 0.7039
vn 0.2306 -0.6723 0.7035
vn 0.3596 -0.8331 0.4203
vn 0.3575 -0.8346 0.4191
vn 0.3672 -0.8277 0.4244
vn -0.2480 0.5639 -0.7877
vn -0.2415 0.5675 -0.7871
vn -0.2605 0.5567 -0.7888
vn -0.5349 0.7870 -0.3075
vn -0.5310 0.7904 -0.3056
vn -0.5236 0.7966 -0.3020
vn 0.2542 -0.5359 0.8051
vn 0.2481 -0.5393 0.8047
vn 0.2356 -0.5463 0.8037
vn 0.5722 -0.7695 0.2836
vn 0.5688 -0.7727 0.2818
vn 0.5791 -0.7630 0.2871
vn -0.2196 0.6099 -0.7615
vn -0.2195 0.6099 -0.7615
vn -0.2196 0.6098 -0.7615
vn -0.4684 0.8208 -0.3270
vn -0.4641 0.8239 -0.3251
vn -0.4572 0.8290 -0.3221
vn 0.2265 -0.5834 0.7800
vn 0.2264 -0.5834 0.7800
vn 0.4686 -0.8207 0.3269
vn 0.4643 -0.8239 0.3251
vn 0.4755 -0.8155 0.3299
vn 0.9310 0.3620 -0.0469
vn 0.1509 -0.4985 -0.8537
vn -0.9310 -0.3620 0.0469
vn -0.1509 0.4985 0.8537
vn 0.3324 -0.7877 0.5187
vn 0.2872 -0.8270 0.4833
vn -0.1605 0.8398 -0.5187
vn -0.3158 0.7343 -0.6009
vn 0.3158 -0.7343 0.6009
vn -0.3181 -0.7494 -0.5807
vn -0.3121 -0.7426 -0.5925
vn -0.3225 -0.7543 -0.5719
vn -0.7143 0.6536 -0.2501
vn -0.7172 0.6553 -0.2370
vn -0.7022 0.6461 -0.2992
vn 0.3274 0.7261 0.6046
vn 0.3236 0.7231 0.6103
vn 0.3191 0.7196 0.6167
vn 0.5693 -0.7200 0.3968
vn 0.5781 -0.7250 0.3744
vn 0.5961 -0.7345 0.3242
vn -0.4309 0.6188 -0.6568
vn -0.4266 0.6210 -0.6575
vn -0.4407 0.6138 -0.6550
vn -0.4871 0.7736 -0.4054
vn -0.4848 0.7753 -0.4047
vn -0.4769 0.7814 -0.4024
vn 0.4409 -0.5895 0.6769
vn 0.4368 -0.5916 0.6777
vn 0.4271 -0.5965 0.6795
vn 0.5127 -0.7670 0.3858
vn 0.5106 -0.7687 0.3852
vn 0.5204 -0.7607 0.3880
vn -0.4503 0.4810 -0.7522
vn -0.4442 0.4852 -0.7532
vn -0.4621 0.4728 -0.7503
vn -0.6573 0.7153 -0.2374
vn -0.6534 0.7191 -0.2365
vn -0.6461 0.7262 -0.2349
vn 0.4571 -0.4514 0.7663
vn 0.4515 -0.4553 0.7674
vn 0.4397 -0.4634 0.7694
vn 0.6873 -0.6967 0.2055
vn 0.6840 -0.7002 0.2047
vn 0.6942 -0.6894 0.2071
vn -0.4218 0.5310 -0.7349
vn -0.4219 0.5310 -0.7349
vn -0.5994 0.7528 -0.2719
vn -0.5952 0.7565 -0.2711
vn -0.5883 0.7623 -0.2698
vn 0.4297 -0.5027 0.7501
vn 0.4297 -0.5028 0.7501
vn 0.4296 -0.5028 0.7501
vn 0.5996 -0.7528 0.2718
vn 0.5953 -0.7564 0.2710
vn 0.6064 -0.7468 0.2730
vn 0.8457 0.5336 0.0069
vn 0.1997 -0.3045 -0.9314
vn -0.8457 -0.5336 -0.0069
vn -0.1997 0.3045 0.9314
vn -0.1997 0.3044 0.9314
vn 0.4948 -0.7891 0.3640
vn 0.4560 -0.8294 0.3227
vn -0.3355 0.8718 -0.3569
vn -0.4725 0.7549 -0.4547
vn 0.4725 -0.7549 0.4547
vn -0.2022 -0.6829 -0.7019
vn -0.1981 -0.6732 -0.7124
vn -0.2052 -0.6900 -0.6941
vn -0.8328 0.5406 -0.1191
vn -0.8353 0.5395 -0.1058
vn -0.8218 0.5442 -0.1689
vn 0.2166 0.6581 0.7211
vn 0.2137 0.6535 0.7262
vn 0.2103 0.6481 0.7320
vn 0.7094 -0.6577 0.2533
vn 0.7179 -0.6570 0.2302
vn 0.7350 -0.6540 0.1789
vn -0.5670 0.6314 -0.5290
vn -0.5633 0.6344 -0.5294
vn -0.5757 0.6244 -0.5280
vn -0.6388 0.7265 -0.2532
vn -0.6369 0.7285 -0.2522
vn -0.6301 0.7355 -0.2489
vn 0.5724 -0.6046 0.5539
vn 0.5688 -0.6075 0.5544
vn 0.5603 -0.6145 0.5554
vn 0.6619 -0.7119 0.2347
vn 0.6601 -0.7139 0.2338
vn 0.6684 -0.7047 0.2379
vn -0.5653 0.5112 -0.6474
vn -0.5601 0.5166 -0.6477
vn -0.5753 0.5007 -0.6468
vn -0.7875 0.6088 -0.0962
vn -0.7843 0.6131 -0.0947
vn -0.7784 0.6210 -0.0919
vn 0.5672 -0.4837 0.6666
vn 0.5624 -0.4888 0.6669
vn 0.5524 -0.4991 0.6676
vn 0.8121 -0.5796 0.0678
vn 0.8094 -0.5835 0.0664
vn 0.8175 -0.5715 0.0706
vn -0.5456 0.5618 -0.6218
vn -0.5456 0.5619 -0.6218
vn -0.5457 0.5618 -0.6218
vn -0.7392 0.6620 -0.1241
vn -0.7356 0.6662 -0.1227
vn -0.7298 0.6729 -0.1205
vn 0.5489 -0.5357 0.6417
vn 0.5488 -0.5357 0.6417
vn 0.7393 -0.6619 0.1240
vn 0.7357 -0.6661 0.1226
vn 0.7450 -0.6551 0.1262
vn 0.8709 0.4902 0.0362
vn 0.2073 -0.2994 -0.9313
vn -0.8709 -0.4902 -0.0362
vn -0.2073 0.2994 0.9313
vn 0.4457 -0.8186 0.3624
vn 0.4059 -0.8563 0.3194
vn -0.2826 0.8931 -0.3500
vn -0.4229 0.7848 -0.4531
vn 0.4229 -0.7848 0.4531
vn -0.2185 -0.6608 -0.7181
vn -0.2137 -0.6511 -0.7283
vn -0.2221 -0.6678 -0.7104
vn -0.8016 0.5836 -0.1298
vn -0.8045 0.5824 -0.1167
vn -0.7892 0.5874 -0.1793
vn 0.2312 0.6349 0.7372
vn 0.2280 0.6304 0.7421
vn 0.2241 0.6251 0.7477
vn 0.6692 -0.6965 0.2590
vn 0.6783 -0.6958 0.2362
vn 0.6968 -0.6929 0.1854
vn -0.5215 0.6673 -0.5316
vn -0.5176 0.6702 -0.5319
vn -0.5305 0.6608 -0.5310
vn -0.5953 0.7616 -0.2560
vn -0.5933 0.7635 -0.2550
vn -0.5863 0.7701 -0.2515
vn 0.5276 -0.6413 0.5571
vn 0.5239 -0.6440 0.5575
vn 0.5150 -0.6506 0.5582
vn 0.6195 -0.7479 0.2384
vn 0.6177 -0.7497 0.2374
vn 0.6263 -0.7411 0.2419
vn -0.5229 0.5491 -0.6520
vn -0.5174 0.5542 -0.6520
vn -0.5334 0.5391 -0.6518
vn -0.7535 0.6491 -0.1047
vn -0.7502 0.6532 -0.1031
vn -0.7439 0.6607 -0.1000
vn 0.5257 -0.5221 0.6717
vn 0.5206 -0.5269 0.6718
vn 0.5101 -0.5367 0.6721
vn 0.7802 -0.6207 0.0774
vn 0.7774 -0.6245 0.0758
vn 0.7860 -0.6130 0.0805
vn -0.5014 0.5983 -0.6251
vn -0.5013 0.5983 -0.6251
vn -0.5014 0.5982 -0.6251
vn -0.7019 0.7002 -0.1305
vn -0.6982 0.7042 -0.1290
vn -0.6921 0.7106 -0.1265
vn 0.5054 -0.5726 0.6455
vn 0.5054 -0.5727 0.6455
vn 0.7020 -0.7001 0.1304
vn 0.6983 -0.7041 0.1289
vn 0.7080 -0.6936 0.1329
vn -1.0000 -0.0000 -0.0000
vn -0.7987 0.5715 0.1886
vn 0.7987 -0.5715 -0.1886
vn 0.5233 0.5047 0.6866
vn -0.5233 -0.5047 -0.6866
vn 0.2972 0.6471 -0.7021
vn -0.2972 -0.6471 0.7021
vn -0.4098 0.6327 0.6571
vn 0.4098 -0.6327 -0.6571
vn 0.8737 0.0651 0.4821
vn -0.8737 -0.0651 -0.4821
vn 0.2622 0.7717 -0.5794
vn -0.2622 -0.7717 0.5794
vn -0.3284 0.9262 0.1852
vn 0.3284 -0.9262 -0.1852
vn 0.8286 0.1884 0.5272
vn -0.8286 -0.1884 -0.5272
vn 0.4534 0.3266 -0.8293
vn -0.4534 -0.3266 0.8293
vn -0.3776 0.9239 -0.0620
vn 0.3776 -0.9239 0.0620
vn 0.8031 0.3601 0.4748
vn -0.8031 -0.3601 -0.4748
vn 0.4610 0.1295 -0.8779
vn -0.4610 -0.1295 0.8779
vn 0.0492 0.9912 0.1229
vn -0.0492 -0.9912 -0.1229
vn 0.8363 -0.1082 0.5375
vn -0.8363 0.1082 -0.5375
vn 0.5460 0.0764 -0.8343
vn -0.5460 -0.0764 0.8343
vn -0.5325 0.2678 0.8030
vn 0.5325 -0.2678 -0.8030
vn 0.8352 0.0125 0.5497
vn -0.8352 -0.0125 -0.5497
vn 0.1372 0.9634 -0.2303
vn -0.1372 -0.9634 0.2303
vn 0.2663 0.2137 0.9399
vn -0.2663 -0.2137 -0.9399
vn 0.9267 -0.3252 -0.1886
vn -0.9267 0.3252 0.1886
vn 0.2653 0.9212 -0.2846
vn -0.2653 -0.9212 0.2846
vn -0.7240 0.5431 0.4253
vn 0.7240 -0.5431 -0.4253
vn 0.6175 0.2355 0.7505
vn -0.6175 -0.2355 -0.7505
vn 0.3075 0.8060 -0.5059
vn -0.3075 -0.8060 0.5059
vn 0.0199 0.3904 0.9204
vn -0.0199 -0.3904 -0.9204
vn 0.9124 -0.3835 0.1429
vn -0.9124 0.3835 -0.1429
vn 0.4088 0.8370 -0.3638
vn -0.4088 -0.8370 0.3638
vn 0.1082 0.8841 0.4547
vn 0.9820 -0.0239 -0.1872
vn -0.1082 -0.8841 -0.4547
vn -0.9820 0.0239 0.1872
vn 0.4943 -0.5181 0.6981
vn -0.1546 0.4667 -0.8708
vn 0.2226 0.7290 0.6473
vn 0.1437 0.7626 0.6306
vn 0.2288 0.7261 0.6485
vn 0.8260 -0.3834 0.4131
vn 0.8348 -0.3362 0.4359
vn 0.8360 -0.3284 0.4396
vn -0.2262 -0.7237 -0.6520
vn -0.1444 -0.7598 -0.6339
vn -0.1391 -0.7619 -0.6326
vn -0.8578 0.3604 -0.3665
vn -0.8659 0.3148 -0.3886
vn -0.8563 0.3676 -0.3629
vn 0.1383 0.8958 0.4224
vn 0.9821 -0.0691 -0.1750
vn -0.1383 -0.8958 -0.4224
vn -0.9821 0.0691 0.1750
vn 0.6300 -0.5978 0.4957
vn -0.1275 0.4391 -0.8894
vn 0.1138 0.9554 0.2724
vn 0.1140 0.9554 0.2723
vn 0.1122 0.9554 0.2733
vn 0.8006 -0.3604 0.4787
vn 0.8004 -0.3601 0.4792
vn 0.8038 -0.3665 0.4685
vn -0.1128 -0.9573 -0.2661
vn -0.1129 -0.9573 -0.2661
vn -0.1146 -0.9574 -0.2650
vn -0.8087 0.3565 -0.4679
vn -0.8085 0.3561 -0.4685
vn -0.8053 0.3500 -0.4785
vn 0.1282 0.9199 0.3706
vn 0.1277 0.9198 0.3710
vn 0.1269 0.9195 0.3721
vn 0.8832 -0.3215 0.3413
vn 0.8841 -0.3226 0.3381
vn 0.8864 -0.3251 0.3296
vn -0.1276 -0.9214 -0.3672
vn -0.1271 -0.9212 -0.3678
vn -0.1285 -0.9217 -0.3661
vn -0.8920 0.3145 -0.3248
vn -0.8927 0.3154 -0.3220
vn -0.8898 0.3118 -0.3331
vn 0.1567 0.8406 0.5186
vn 0.1567 0.8406 0.5185
vn 0.1576 0.8409 0.5177
vn 0.9470 -0.2647 0.1820
vn 0.9465 -0.2661 0.1824
vn 0.9503 -0.2549 0.1788
vn -0.1570 -0.8396 -0.5201
vn -0.1571 -0.8396 -0.5200
vn -0.1561 -0.8392 -0.5209
vn -0.9533 0.2550 -0.1621
vn -0.9530 0.2557 -0.1623
vn -0.9499 0.2654 -0.1652
vn 0.1764 0.7906 0.5864
vn 0.1765 0.7907 0.5862
vn 0.1779 0.7914 0.5848
vn 0.9769 -0.2084 0.0472
vn 0.9767 -0.2094 0.0475
vn 0.9786 -0.2007 0.0452
vn -0.1771 -0.7883 -0.5893
vn -0.1773 -0.7884 -0.5891
vn -0.1757 -0.7874 -0.5908
vn -0.9789 0.2013 -0.0346
vn -0.9788 0.2019 -0.0347
vn -0.9771 0.2096 -0.0366
vn 0.2089 0.7105 0.6719
vn 0.2092 0.7107 0.6717
vn 0.2131 0.7129 0.6681
vn 0.9397 -0.2959 0.1714
vn 0.9393 -0.2970 0.1717
vn 0.9430 -0.2864 0.1696
vn -0.2103 -0.7057 -0.6766
vn -0.2109 -0.7060 -0.6761
vn -0.2063 -0.7033 -0.6803
vn -0.9486 0.2811 -0.1454
vn -0.9485 0.2816 -0.1454
vn -0.9454 0.2909 -0.1470
vn 0.2484 0.6453 0.7224
vn 0.2499 0.6464 0.7209
vn 0.2599 0.6538 0.7106
vn 0.9464 -0.2930 0.1359
vn 0.9457 -0.2952 0.1363
vn 0.9496 -0.2832 0.1342
vn -0.2508 -0.6380 -0.7280
vn -0.2528 -0.6396 -0.7259
vn -0.2403 -0.6298 -0.7386
vn -0.9642 0.2546 -0.0734
vn -0.9641 0.2551 -0.0734
vn -0.9615 0.2644 -0.0745
vn 0.2763 0.6365 0.7201
vn 0.2777 0.6391 0.7173
vn 0.2822 0.6471 0.7083
vn 0.9625 -0.0251 -0.2703
vn 0.9625 -0.0272 -0.2699
vn 0.9623 -0.0205 -0.2711
vn -0.2796 -0.6289 -0.7254
vn -0.2814 -0.6323 -0.7218
vn -0.2750 -0.6199 -0.7349
vn -0.9565 0.0087 0.2915
vn -0.9566 0.0097 0.2914
vn -0.9567 0.0141 0.2909
vn 0.3148 0.6163 0.7219
vn 0.3236 0.6117 0.7219
vn 0.2932 0.6271 0.7217
vn 0.7720 0.2515 -0.5838
vn 0.7717 0.2523 -0.5838
vn 0.7724 0.2504 -0.5837
vn -0.3178 -0.6107 -0.7253
vn -0.3282 -0.6052 -0.7253
vn -0.3527 -0.5915 -0.7250
vn -0.7819 -0.2421 0.5745
vn -0.7818 -0.2423 0.5744
vn -0.7816 -0.2434 0.5744
vn 0.3240 0.6369 0.6995
vn 0.3260 0.6363 0.6992
vn 0.3191 0.6384 0.7004
vn 0.4097 0.4983 -0.7641
vn 0.4077 0.5014 -0.7631
vn 0.4144 0.4910 -0.7663
vn -0.3287 -0.6307 -0.7030
vn -0.3311 -0.6299 -0.7026
vn -0.3363 -0.6282 -0.7017
vn -0.4337 -0.4871 0.7581
vn -0.4323 -0.4894 0.7573
vn -0.4280 -0.4966 0.7551
vn 0.3119 0.8775 0.3644
vn 0.9482 -0.3121 -0.0601
vn -0.3119 -0.8775 -0.3644
vn -0.9482 0.3121 0.0601
vn 0.1385 -0.6478 0.7491
vn 0.0610 0.3642 -0.9293
vn 0.3124 0.8844 0.3468
vn 0.3118 0.8845 0.3471
vn 0.6425 -0.4894 0.5897
vn 0.6423 -0.4889 0.5903
vn 0.6471 -0.5002 0.5754
vn -0.3125 -0.8851 -0.3449
vn -0.3131 -0.8850 -0.3446
vn -0.6574 0.4881 -0.5741
vn -0.6571 0.4873 -0.5751
vn -0.6528 0.4766 -0.5889
vn 0.3104 0.8740 0.3738
vn 0.3099 0.8740 0.3742
vn 0.8165 -0.4624 0.3458
vn 0.8166 -0.4628 0.3450
vn 0.8179 -0.4671 0.3360
vn -0.3105 -0.8747 -0.3722
vn -0.3104 -0.8747 -0.3723
vn -0.3110 -0.8746 -0.3718
vn -0.8227 0.4595 -0.3347
vn -0.8228 0.4597 -0.3342
vn -0.8214 0.4551 -0.3437
vn 0.3085 0.8458 0.4352
vn 0.3084 0.8458 0.4352
vn 0.3083 0.8458 0.4353
vn 0.8853 -0.4237 0.1916
vn 0.8855 -0.4243 0.1896
vn 0.8859 -0.4261 0.1832
vn -0.3085 -0.8460 -0.4350
vn -0.3084 -0.8459 -0.4350
vn -0.3086 -0.8460 -0.4349
vn -0.8902 0.4190 -0.1788
vn -0.8903 0.4194 -0.1773
vn -0.8898 0.4171 -0.1851
vn 0.3070 0.8532 0.4217
vn 0.3071 0.8532 0.4216
vn 0.3059 0.8530 0.4228
vn 0.9415 -0.3359 -0.0278
vn 0.9415 -0.3358 -0.0277
vn 0.9409 -0.3371 -0.0317
vn -0.3070 -0.8542 -0.4196
vn -0.3082 -0.8543 -0.4184
vn -0.9423 0.3330 0.0336
vn -0.9424 0.3329 0.0333
vn -0.9429 0.3316 0.0296
vn 0.3077 0.8300 0.4652
vn 0.3077 0.8300 0.4653
vn 0.3075 0.8299 0.4655
vn 0.9507 -0.2506 -0.1825
vn 0.9507 -0.2506 -0.1827
vn -0.3077 -0.8308 -0.4637
vn -0.3076 -0.8308 -0.4638
vn -0.3079 -0.8309 -0.4634
vn -0.9507 0.2505 0.1826
vn -0.9508 0.2505 0.1825
vn 0.3084 0.8109 0.4973
vn 0.3082 0.8110 0.4972
vn 0.3090 0.8104 0.4977
vn 0.9373 -0.1616 -0.3089
vn 0.9376 -0.1616 -0.3079
vn 0.9386 -0.1614 -0.3049
vn -0.3083 -0.8119 -0.4958
vn -0.3081 -0.8121 -0.4956
vn -0.3075 -0.8126 -0.4952
vn -0.9381 0.1647 0.3046
vn -0.9384 0.1647 0.3038
vn -0.9371 0.1649 0.3075
vn 0.3075 0.7896 0.5310
vn 0.3078 0.7894 0.5311
vn 0.3102 0.7879 0.5320
vn 0.9319 -0.1327 -0.3375
vn 0.9319 -0.1327 -0.3376
vn 0.9331 -0.1323 -0.3345
vn -0.3073 -0.7909 -0.5292
vn -0.3075 -0.7908 -0.5293
vn -0.3046 -0.7927 -0.5281
vn -0.9336 0.1386 0.3304
vn -0.9335 0.1387 0.3308
vn -0.9325 0.1391 0.3333
vn 0.1552 0.8308 0.5344
vn 0.9846 -0.0862 -0.1520
vn -0.1552 -0.8308 -0.5344
vn -0.9846 0.0862 0.1520
vn 0.3540 -0.7546 0.5526
vn 0.3540 -0.7545 0.5526
vn -0.0803 0.5498 -0.8314
vn 0.1258 0.9427 0.3089
vn 0.1267 0.9428 0.3085
vn 0.1226 0.9427 0.3103
vn 0.7572 -0.4581 0.4656
vn 0.7567 -0.4570 0.4675
vn 0.7608 -0.4651 0.4526
vn -0.1242 -0.9468 -0.2968
vn -0.1250 -0.9468 -0.2964
vn -0.1284 -0.9469 -0.2948
vn -0.7688 0.4517 -0.4526
vn -0.7682 0.4505 -0.4548
vn -0.7647 0.4436 -0.4674
vn 0.1328 0.9060 0.4019
vn 0.1328 0.9060 0.4020
vn 0.1297 0.9054 0.4043
vn 0.8706 -0.3917 0.2978
vn 0.8707 -0.3919 0.2971
vn 0.8732 -0.3961 0.2839
vn -0.1314 -0.9102 -0.3928
vn -0.1312 -0.9101 -0.3930
vn -0.1346 -0.9108 -0.3903
vn -0.8796 0.3827 -0.2826
vn -0.8796 0.3827 -0.2824
vn -0.8772 0.3783 -0.2957
vn 0.1325 0.8864 0.4436
vn 0.1313 0.8858 0.4450
vn 0.1279 0.8841 0.4494
vn 0.9669 -0.2490 0.0550
vn 0.9670 -0.2493 0.0518
vn 0.9672 -0.2501 0.0439
vn -0.1308 -0.8912 -0.4343
vn -0.1293 -0.8905 -0.4363
vn -0.1342 -0.8930 -0.4295
vn -0.9708 0.2369 -0.0380
vn -0.9708 0.2371 -0.0358
vn -0.9707 0.2359 -0.0457
vn 0.1363 0.8511 0.5070
vn 0.1362 0.8510 0.5071
vn 0.1325 0.8485 0.5123
vn 0.9766 -0.0463 -0.2099
vn 0.9766 -0.0463 -0.2101
vn 0.9761 -0.0465 -0.2121
vn -0.1346 -0.8556 -0.4999
vn -0.1342 -0.8553 -0.5004
vn -0.1385 -0.8582 -0.4942
vn -0.9760 0.0434 0.2132
vn -0.9765 0.0431 0.2113
vn 0.1475 0.8111 0.5659
vn 0.1474 0.8112 0.5659
vn 0.1493 0.8104 0.5665
vn 0.8938 0.1630 -0.4178
vn 0.8941 0.1630 -0.4171
vn 0.8961 0.1632 -0.4127
vn -0.1460 -0.8148 -0.5610
vn -0.1457 -0.8150 -0.5609
vn -0.1439 -0.8157 -0.5602
vn -0.8957 -0.1599 0.4149
vn -0.8959 -0.1599 0.4144
vn -0.8937 -0.1596 0.4194
vn 0.1641 0.7594 0.6295
vn 0.1678 0.7582 0.6301
vn 0.7903 0.3123 -0.5272
vn 0.7906 0.3123 -0.5267
vn 0.7958 0.3127 -0.5186
vn -0.1630 -0.7623 -0.6263
vn -0.1627 -0.7624 -0.6263
vn -0.1589 -0.7638 -0.6256
vn -0.8037 -0.2971 0.5155
vn -0.8036 -0.2971 0.5157
vn -0.7988 -0.2965 0.5235
vn 0.2232 0.6117 0.7589
vn 0.2232 0.6118 0.7589
vn 0.2206 0.6124 0.7592
vn 0.4857 0.5739 -0.6594
vn 0.4851 0.5749 -0.6589
vn 0.4952 0.5566 -0.6671
vn -0.2243 -0.6087 -0.7610
vn -0.2245 -0.6086 -0.7610
vn -0.2273 -0.6079 -0.7608
vn -0.5297 -0.5480 0.6474
vn -0.5299 -0.5476 0.6476
vn -0.5213 -0.5646 0.6399
vn 0.0743 0.8864 0.4570
vn 0.9226 0.1128 -0.3688
vn -0.0743 -0.8864 -0.4570
vn -0.9226 -0.1128 0.3688
vn 0.4945 -0.6731 0.5500
vn -0.3785 0.4490 -0.8094
vn 0.2651 0.5314 0.8045
vn 0.2637 0.5309 0.8053
vn 0.2703 0.5332 0.8016
vn 0.8452 -0.3149 0.4319
vn 0.8462 -0.3122 0.4318
vn 0.8527 -0.2941 0.4318
vn -0.2741 -0.5051 -0.8183
vn -0.2729 -0.5047 -0.8190
vn -0.2672 -0.5026 -0.8222
vn -0.8565 0.3069 -0.4149
vn -0.8576 0.3039 -0.4149
vn -0.8500 0.3247 -0.4148
vn 0.2654 0.5581 0.7862
vn 0.2670 0.5602 0.7841
vn 0.2699 0.5640 0.7804
vn 0.9391 -0.2461 0.2398
vn 0.9370 -0.2524 0.2415
vn 0.9432 -0.2333 0.2364
vn -0.2737 -0.5361 -0.7985
vn -0.2757 -0.5389 -0.7960
vn -0.2708 -0.5320 -0.8023
vn -0.9472 0.2347 -0.2183
vn -0.9455 0.2403 -0.2197
vn -0.9414 0.2530 -0.2230
vn 0.2920 0.5224 0.8012
vn 0.2929 0.5235 0.8001
vn 0.2965 0.5276 0.7961
vn 0.9724 -0.2031 0.1149
vn 0.9715 -0.2069 0.1155
vn 0.9753 -0.1901 0.1129
vn -0.3000 -0.5016 -0.8114
vn -0.3013 -0.5031 -0.8100
vn -0.2964 -0.4971 -0.8155
vn -0.9765 0.1925 -0.0968
vn -0.9759 0.1956 -0.0972
vn -0.9730 0.2086 -0.0990
vn 0.2838 0.5714 0.7700
vn 0.2839 0.5715 0.7699
vn 0.2879 0.5766 0.7646
vn 0.9838 -0.0399 -0.1750
vn 0.9837 -0.0408 -0.1750
vn 0.9841 -0.0294 -0.1754
vn -0.2911 -0.5552 -0.7791
vn -0.2915 -0.5558 -0.7785
vn -0.2871 -0.5497 -0.7845
vn -0.9818 0.0315 0.1871
vn -0.9818 0.0318 0.1871
vn -0.9815 0.0423 0.1869
vn 0.2820 0.5983 0.7500
vn 0.2823 0.5991 0.7492
vn 0.2846 0.6044 0.7441
vn 0.9092 0.1214 -0.3982
vn 0.9093 0.1207 -0.3982
vn 0.9088 0.1243 -0.3983
vn -0.2878 -0.5872 -0.7566
vn -0.2883 -0.5885 -0.7554
vn -0.2855 -0.5814 -0.7619
vn -0.9070 -0.1247 0.4022
vn -0.9071 -0.1242 0.4022
vn -0.9075 -0.1213 0.4021
vn 0.2749 0.6204 0.7345
vn 0.2748 0.6205 0.7345
vn 0.2753 0.6203 0.7345
vn 0.6568 0.3786 -0.6521
vn 0.6559 0.3807 -0.6518
vn 0.6599 0.3715 -0.6530
vn -0.2798 -0.6121 -0.7396
vn -0.2797 -0.6121 -0.7396
vn -0.2793 -0.6123 -0.7397
vn -0.6559 -0.3793 0.6527
vn -0.6549 -0.3814 0.6524
vn -0.6517 -0.3887 0.6514
vn 0.2969 0.5787 0.7596
vn 0.2983 0.5785 0.7591
vn 0.2080 0.6126 -0.7625
vn 0.2079 0.6128 -0.7624
vn 0.2172 0.5982 -0.7713
vn -0.3026 -0.5681 -0.7653
vn -0.3011 -0.5683 -0.7658
vn -0.1987 -0.6153 0.7629
vn -0.1985 -0.6156 0.7627
vn -0.1890 -0.6299 0.7533
vn 0.4102 0.3269 0.8514
vn 0.4122 0.3266 0.8506
vn 0.4040 0.3282 0.8539
vn -0.1321 0.6942 -0.7076
vn -0.1331 0.6953 -0.7062
vn -0.1250 0.6859 -0.7168
vn -0.4196 -0.2997 -0.8568
vn -0.4220 -0.2992 -0.8558
vn -0.4284 -0.2977 -0.8531
vn 0.1009 -0.6919 0.7149
vn 0.1017 -0.6929 0.7138
vn 0.1087 -0.7012 0.7046
vn 0.2001 0.5668 0.7992
vn 0.9476 0.0954 -0.3049
vn -0.2001 -0.5668 -0.7992
vn -0.9476 -0.0954 0.3049
vn 0.2490 -0.8183 0.5180
vn 0.0744 -0.6776 0.7317
vn -0.2839 -0.1305 -0.9499
vn -0.2834 -0.1307 -0.9500
vn -0.2752 -0.1341 -0.9520
vn 0.5232 0.6152 -0.5897
vn 0.5235 0.6145 -0.5902
vn 0.5159 0.6325 -0.5777
vn 0.2797 0.1627 0.9462
vn 0.2798 0.1627 0.9462
vn 0.2877 0.1597 0.9443
vn -0.5447 -0.6011 0.5848
vn -0.5447 -0.6010 0.5849
vn -0.5512 -0.5838 0.5962
vn -0.2422 -0.3518 -0.9042
vn -0.2414 -0.3524 -0.9042
vn -0.2378 -0.3553 -0.9040
vn 0.9034 0.1977 -0.3806
vn 0.9035 0.1968 -0.3808
vn 0.9028 0.2020 -0.3796
vn 0.2399 0.3652 0.8995
vn 0.2394 0.3655 0.8995
vn 0.2435 0.3625 0.8996
vn -0.9053 -0.1939 0.3780
vn -0.9054 -0.1932 0.3782
vn -0.9058 -0.1890 0.3792
vn -0.2239 -0.4165 -0.8811
vn -0.2228 -0.4148 -0.8822
vn -0.2270 -0.4212 -0.8781
vn 0.9656 0.0318 -0.2582
vn 0.9656 0.0317 -0.2582
vn 0.2220 0.4274 0.8764
vn 0.2212 0.4261 0.8772
vn 0.2179 0.4215 0.8802
vn -0.9655 -0.0320 0.2583
vn -0.9655 -0.0321 0.2583
vn -0.1984 -0.5157 -0.8335
vn -0.1976 -0.5150 -0.8341
vn -0.2025 -0.5197 -0.8300
vn 0.9857 -0.1257 -0.1119
vn 0.9859 -0.1248 -0.1119
vn 0.9850 -0.1311 -0.1121
vn 0.1968 0.5250 0.8280
vn 0.1964 0.5246 0.8284
vn 0.1922 0.5207 0.8318
vn -0.9858 0.1184 0.1187
vn -0.9859 0.1179 0.1187
vn -0.9865 0.1129 0.1184
vn -0.1639 -0.6978 -0.6973
vn -0.1636 -0.6976 -0.6976
vn -0.1645 -0.6981 -0.6968
vn 0.8461 -0.4543 0.2787
vn 0.8488 -0.4496 0.2782
vn 0.8369 -0.4701 0.2803
vn 0.1637 0.6991 0.6961
vn 0.1635 0.6990 0.6962
vn 0.1628 0.6986 0.6967
vn -0.8668 0.4314 -0.2503
vn -0.8684 0.4282 -0.2500
vn -0.8761 0.4130 -0.2487
vn -0.1044 -0.9609 -0.2564
vn -0.1070 -0.9612 -0.2543
vn -0.0990 -0.9603 -0.2607
vn 0.5376 -0.6153 0.5765
vn 0.5356 -0.6137 0.5801
vn 0.5262 -0.6062 0.5963
vn 0.1094 0.9513 0.2881
vn 0.1114 0.9516 0.2866
vn 0.1168 0.9521 0.2826
vn -0.5660 0.6058 -0.5591
vn -0.5644 0.6045 -0.5622
vn -0.5745 0.6127 -0.5427
vn 0.0260 -0.8132 0.5814
vn -0.1572 0.6521 -0.7417
vn -0.0260 0.8132 -0.5814
vn -0.6725 -0.7295 -0.1246
vn -0.6779 -0.7246 -0.1243
vn -0.6928 -0.7105 -0.1235
vn -0.3786 -0.0882 0.9214
vn -0.3873 -0.0862 0.9179
vn -0.3485 -0.0948 0.9325
vn 0.6865 0.7112 0.1514
vn 0.6890 0.7088 0.1511
vn 0.6720 0.7245 0.1531
vn 0.4286 0.0098 -0.9034
vn 0.4315 0.0093 -0.9021
vn 0.4573 0.0050 -0.8893
vn 0.2190 0.7341 0.6427
vn 0.9636 -0.0593 -0.2605
vn -0.2190 -0.7341 -0.6427
vn -0.9636 0.0593 0.2605
vn 0.1531 -0.6764 0.7204
vn -0.0633 0.4160 -0.9072
vn -0.2492 -0.5010 -0.8288
vn -0.2483 -0.5005 -0.8294
vn -0.2542 -0.5041 -0.8254
vn 0.9187 -0.3713 0.1347
vn 0.9197 -0.3689 0.1347
vn 0.9108 -0.3900 0.1351
vn 0.2471 0.5233 0.8155
vn 0.2468 0.5231 0.8157
vn 0.2418 0.5204 0.8189
vn -0.9249 0.3606 -0.1201
vn -0.9255 0.3592 -0.1201
vn -0.9323 0.3412 -0.1200
vn -0.2103 -0.7712 -0.6008
vn -0.2102 -0.7712 -0.6008
vn -0.2098 -0.7716 -0.6006
vn 0.9686 -0.0825 -0.2344
vn 0.9687 -0.0820 -0.2345
vn 0.2100 0.7728 0.5990
vn 0.2105 0.7725 0.5992
vn -0.9687 0.0827 0.2342
vn -0.9686 0.0832 0.2341
vn -0.1786 -0.9038 -0.3889
vn -0.1795 -0.9041 -0.3878
vn -0.1763 -0.9030 -0.3917
vn 0.9419 -0.3101 0.1290
vn 0.9417 -0.3094 0.1324
vn 0.9409 -0.3071 0.1430
vn 0.1799 0.9002 0.3966
vn 0.1806 0.9004 0.3959
vn 0.1829 0.9011 0.3932
vn -0.9467 0.3013 -0.1139
vn -0.9466 0.3008 -0.1164
vn -0.9471 0.3036 -0.1040
vn -0.1562 -0.9734 -0.1676
vn -0.1555 -0.9734 -0.1681
vn -0.1503 -0.9737 -0.1713
vn 0.8211 -0.4072 0.3999
vn 0.8216 -0.4088 0.3974
vn 0.8173 -0.3940 0.4204
vn 0.1598 0.9684 0.1915
vn 0.1588 0.9684 0.1922
vn 0.1645 0.9681 0.1888
vn -0.8323 0.4003 -0.3835
vn -0.8328 0.4023 -0.3804
vn -0.8354 0.4144 -0.3611
vn -0.1423 -0.9898 0.0014
vn -0.1421 -0.9899 0.0013
vn -0.1388 -0.9903 -0.0004
vn 0.6792 -0.4287 0.5957
vn 0.6796 -0.4297 0.5945
vn 0.6727 -0.4130 0.6140
vn 0.1468 0.9887 0.0299
vn 0.1464 0.9888 0.0301
vn 0.1498 0.9883 0.0284
vn -0.6884 0.4263 -0.5868
vn -0.6889 0.4275 -0.5854
vn -0.6946 0.4425 -0.5673
vn 0.2720 0.9176 0.2900
vn 0.9622 -0.2634 -0.0691
vn -0.2720 -0.9176 -0.2900
vn -0.9622 0.2634 0.0691
vn 0.1939 -0.5026 0.8425
vn 0.0130 0.2978 -0.9545
vn 0.2553 0.9643 -0.0705
vn 0.2564 0.9640 -0.0708
vn 0.2532 0.9649 -0.0699
vn 0.7050 -0.3927 0.5906
vn 0.7050 -0.3933 0.5901
vn 0.7048 -0.3909 0.5921
vn -0.2555 -0.9644 0.0679
vn -0.2566 -0.9641 0.0682
vn -0.2588 -0.9635 0.0689
vn -0.7109 0.3923 -0.5838
vn -0.7109 0.3929 -0.5833
vn -0.7111 0.3947 -0.5819
vn 0.2576 0.9661 -0.0152
vn 0.2576 0.9661 -0.0151
vn 0.2570 0.9663 -0.0148
vn 0.7067 -0.3951 0.5870
vn 0.7068 -0.3955 0.5865
vn 0.7082 -0.3997 0.5820
vn -0.2571 -0.9662 0.0217
vn -0.2570 -0.9662 0.0216
vn -0.2576 -0.9660 0.0221
vn -0.7088 0.3950 -0.5845
vn -0.7089 0.3953 -0.5841
vn -0.7074 0.3907 -0.5890
vn 0.2566 0.9665 0.0093
vn 0.2565 0.9665 0.0094
vn 0.2542 0.9671 0.0110
vn 0.7783 -0.3950 0.4880
vn 0.7784 -0.3952 0.4878
vn 0.7792 -0.3990 0.4834
vn -0.2561 -0.9666 -0.0034
vn -0.2560 -0.9667 -0.0035
vn -0.2584 -0.9660 -0.0018
vn -0.7844 0.3939 -0.4791
vn -0.7844 0.3940 -0.4790
vn -0.7836 0.3901 -0.4835
vn 0.2570 0.9647 0.0577
vn 0.2571 0.9647 0.0576
vn 0.2556 0.9650 0.0588
vn 0.8791 -0.3714 0.2987
vn 0.8791 -0.3712 0.2989
vn 0.8792 -0.3752 0.2936
vn -0.2563 -0.9653 -0.0505
vn -0.2564 -0.9653 -0.0504
vn -0.2578 -0.9649 -0.0493
vn -0.8811 0.3704 -0.2941
vn -0.8811 0.3701 -0.2944
vn -0.8810 0.3663 -0.2994
vn 0.2501 0.9681 0.0173
vn 0.2499 0.9681 0.0175
vn 0.2489 0.9683 0.0186
vn 0.9161 -0.3512 0.1937
vn 0.9160 -0.3514 0.1933
vn 0.9160 -0.3526 0.1913
vn -0.2496 -0.9683 -0.0127
vn -0.2494 -0.9683 -0.0129
vn -0.2506 -0.9680 -0.0116
vn -0.9169 0.3504 -0.1909
vn -0.9169 0.3506 -0.1906
vn -0.9170 0.3492 -0.1929
vn 0.2397 0.9708 -0.0118
vn 0.2349 0.9720 -0.0057
vn 0.9618 -0.2602 -0.0851
vn 0.9618 -0.2602 -0.0852
vn 0.9617 -0.2604 -0.0856
vn -0.2389 -0.9709 0.0173
vn -0.2438 -0.9695 0.0237
vn -0.9618 0.2595 0.0869
vn -0.9619 0.2592 0.0865
vn 0.2187 0.9717 -0.0892
vn 0.2178 0.9719 -0.0897
vn 0.2217 0.9712 -0.0874
vn 0.8223 -0.0209 -0.5686
vn 0.8226 -0.0207 -0.5682
vn 0.8235 -0.0200 -0.5669
vn -0.2181 -0.9715 0.0929
vn -0.2171 -0.9717 0.0935
vn -0.2141 -0.9722 0.0953
vn -0.8265 0.0247 0.5624
vn -0.8268 0.0245 0.5620
vn -0.8256 0.0253 0.5636
vn 0.1864 0.9668 -0.1748
vn 0.1849 0.9670 -0.1752
vn 0.1992 0.9648 -0.1718
vn 0.4759 0.2113 -0.8537
vn 0.4764 0.2116 -0.8534
vn 0.4813 0.2147 -0.8499
vn -0.1839 -0.9651 0.1864
vn -0.1821 -0.9654 0.1869
vn -0.1691 -0.9671 0.1900
vn -0.5120 -0.1932 0.8370
vn -0.5122 -0.1934 0.8368
vn -0.5073 -0.1901 0.8405
vn 0.2424 0.9493 0.2003
vn 0.2405 0.9498 0.1999
vn 0.2503 0.9468 0.2021
vn 0.4333 0.2505 -0.8657
vn 0.4361 0.2516 -0.8640
vn 0.4503 0.2573 -0.8550
vn -0.2402 -0.9523 -0.1880
vn -0.2376 -0.9531 -0.1874
vn -0.2293 -0.9556 -0.1852
vn -0.4946 -0.2205 0.8407
vn -0.4961 -0.2211 0.8397
vn -0.4813 -0.2147 0.8499
vn 0.2955 0.8221 0.4866
vn 0.2959 0.8220 0.4867
vn 0.2944 0.8226 0.4865
vn 0.3536 0.3171 -0.8800
vn 0.3518 0.3206 -0.8795
vn 0.3636 0.2981 -0.8825
vn -0.2964 -0.8189 -0.4915
vn -0.2969 -0.8187 -0.4915
vn -0.2980 -0.8182 -0.4917
vn -0.3815 -0.3047 0.8727
vn -0.3800 -0.3075 0.8724
vn -0.3702 -0.3265 0.8697
vn -0.2367 0.7454 -0.6232
vn 0.9714 0.1952 -0.1354
vn 0.2367 -0.7454 0.6232
vn -0.9714 -0.1952 0.1354
vn 0.2214 0.4389 0.8709
vn 0.0207 -0.6374 -0.7703
vn -0.1772 0.2185 -0.9596
vn -0.1768 0.2184 -0.9597
vn 0.6508 0.5969 0.4692
vn 0.6518 0.5955 0.4696
vn 0.1767 -0.2154 0.9604
vn 0.1772 -0.2155 0.9603
vn -0.6500 -0.5972 -0.4700
vn -0.6490 -0.5986 -0.4696
vn -0.1914 0.2951 -0.9361
vn -0.1925 0.2956 -0.9357
vn -0.1950 0.2968 -0.9348
vn 0.6834 0.5787 0.4450
vn 0.6849 0.5769 0.4451
vn 0.6890 0.5719 0.4453
vn 0.1894 -0.2820 0.9405
vn 0.1906 -0.2825 0.9401
vn 0.1869 -0.2807 0.9414
vn -0.6902 -0.5756 -0.4386
vn -0.6916 -0.5738 -0.4386
vn -0.6862 -0.5805 -0.4384
vn -0.2149 0.4133 -0.8849
vn -0.2157 0.4136 -0.8845
vn -0.2203 0.4155 -0.8825
vn 0.8158 0.4913 0.3052
vn 0.8166 0.4900 0.3052
vn 0.8205 0.4832 0.3053
vn 0.2134 -0.4005 0.8911
vn 0.2144 -0.4009 0.8907
vn 0.2087 -0.3984 0.8932
vn -0.8232 -0.4852 -0.2947
vn -0.8239 -0.4842 -0.2947
vn -0.8193 -0.4919 -0.2946
vn -0.2339 0.5271 -0.8170
vn -0.2379 0.5291 -0.8145
vn 0.9545 0.2979 0.0147
vn 0.9546 0.2976 0.0146
vn 0.9561 0.2926 0.0146
vn 0.2330 -0.5148 0.8250
vn 0.2332 -0.5149 0.8249
vn 0.2289 -0.5126 0.8276
vn -0.9555 -0.2948 -0.0102
vn -0.9555 -0.2947 -0.0102
vn -0.9539 -0.2998 -0.0102
vn -0.2434 0.6297 -0.7377
vn -0.2444 0.6287 -0.7383
vn -0.2409 0.6325 -0.7361
vn 0.9603 0.1045 -0.2588
vn 0.9602 0.1053 -0.2586
vn 0.9601 0.1071 -0.2582
vn 0.2433 -0.6208 0.7453
vn 0.2445 -0.6194 0.7460
vn 0.2471 -0.6164 0.7476
vn -0.9607 -0.1062 0.2565
vn -0.9606 -0.1069 0.2564
vn -0.9608 -0.1045 0.2569
vn -0.2509 0.6963 -0.6724
vn -0.2498 0.6971 -0.6721
vn -0.2443 0.7005 -0.6706
vn 0.9301 0.0351 -0.3655
vn 0.9302 0.0343 -0.3655
vn 0.9300 0.0404 -0.3653
vn 0.2514 -0.6891 0.6796
vn 0.2506 -0.6897 0.6794
vn 0.2574 -0.6851 0.6814
vn -0.9326 -0.0402 0.3585
vn -0.9327 -0.0391 0.3586
vn -0.9328 -0.0342 0.3586
vn -0.2423 0.7846 -0.5707
vn -0.2425 0.7845 -0.5708
vn -0.2415 0.7851 -0.5703
vn 0.8275 -0.0885 -0.5545
vn 0.8281 -0.0859 -0.5539
vn 0.8302 -0.0772 -0.5521
vn 0.2431 -0.7809 0.5755
vn 0.2434 -0.7807 0.5756
vn 0.2442 -0.7802 0.5760
vn -0.8308 0.0851 0.5500
vn -0.8314 0.0827 0.5495
vn -0.8287 0.0938 0.5517
vn -0.2258 0.8490 -0.4778
vn -0.2260 0.8489 -0.4778
vn 0.6097 -0.2326 -0.7578
vn 0.6114 -0.2292 -0.7574
vn 0.6168 -0.2183 -0.7563
vn 0.2262 -0.8479 0.4795
vn 0.2261 -0.8480 0.4794
vn 0.2260 -0.8480 0.4794
vn -0.6052 0.2352 0.7606
vn -0.6070 0.2316 0.7602
vn -0.5995 0.2462 0.7616
vn -0.2127 0.8865 -0.4110
vn -0.2127 0.8864 -0.4110
vn 0.4866 -0.2720 -0.8302
vn 0.4837 -0.2709 -0.8323
vn 0.5015 -0.2777 -0.8194
vn 0.2127 -0.8865 0.4109
vn 0.2126 -0.8866 0.4109
vn 0.2126 -0.8866 0.4108
vn -0.5178 0.2575 0.8158
vn -0.5158 0.2567 0.8174
vn -0.5012 0.2508 0.8282
vn 0.1716 0.8427 0.5102
vn 0.9638 -0.0364 -0.2642
vn -0.1716 -0.8427 -0.5102
vn -0.9638 0.0364 0.2642
vn 0.3174 -0.7871 0.5289
vn -0.2041 0.5371 -0.8185
vn 0.1307 0.9249 0.3571
vn 0.1311 0.9249 0.3569
vn 0.1293 0.9247 0.3580
vn 0.8985 -0.3552 0.2581
vn 0.8982 -0.3540 0.2605
vn 0.8996 -0.3610 0.2456
vn -0.1285 -0.9283 -0.3490
vn -0.1289 -0.9283 -0.3487
vn -0.1303 -0.9285 -0.3477
vn -0.9022 0.3512 -0.2504
vn -0.9020 0.3499 -0.2530
vn -0.9007 0.3441 -0.2653
vn 0.1704 0.8434 0.5095
vn 0.1698 0.8433 0.5099
vn 0.7950 -0.4564 0.3997
vn 0.7955 -0.4569 0.3981
vn 0.8007 -0.4624 0.3808
vn -0.1696 -0.8455 -0.5064
vn -0.1695 -0.8454 -0.5065
vn -0.1701 -0.8456 -0.5060
vn -0.8046 0.4502 -0.3873
vn -0.8050 0.4506 -0.3861
vn -0.7992 0.4444 -0.4046
vn 0.2274 0.6757 0.7012
vn 0.2276 0.6759 0.7010
vn 0.2284 0.6763 0.7003
vn 0.8984 -0.3817 0.2173
vn 0.8969 -0.3849 0.2179
vn 0.9047 -0.3679 0.2149
vn -0.2292 -0.6687 -0.7073
vn -0.2295 -0.6689 -0.7071
vn -0.2284 -0.6682 -0.7081
vn -0.9021 0.3771 -0.2099
vn -0.9007 0.3801 -0.2104
vn -0.8942 0.3939 -0.2127
vn 0.2647 0.5306 0.8052
vn 0.2652 0.5310 0.8048
vn 0.2680 0.5334 0.8023
vn 0.9674 -0.2532 -0.0053
vn 0.9667 -0.2558 -0.0051
vn 0.9700 -0.2429 -0.0061
vn -0.2674 -0.5158 -0.8139
vn -0.2682 -0.5165 -0.8132
vn -0.2646 -0.5132 -0.8164
vn -0.9690 0.2465 0.0144
vn -0.9685 0.2486 0.0143
vn -0.9658 0.2589 0.0137
vn 0.2739 0.5345 0.7996
vn 0.2734 0.5348 0.7995
vn 0.2667 0.5391 0.7989
vn 0.9240 0.0647 -0.3770
vn 0.9240 0.0629 -0.3772
vn -0.2763 -0.5235 -0.8060
vn -0.2837 -0.5184 -0.8067
vn -0.9248 -0.0629 0.3752
vn -0.9248 -0.0628 0.3752
vn -0.9248 -0.0646 0.3749
vn 0.2858 0.5209 0.8043
vn 0.2869 0.5202 0.8044
vn 0.2824 0.5233 0.8040
vn 0.8483 0.2020 -0.4894
vn 0.8480 0.2040 -0.4892
vn 0.8493 0.1971 -0.4897
vn -0.2883 -0.5114 -0.8096
vn -0.2897 -0.5103 -0.8097
vn -0.2933 -0.5077 -0.8101
vn -0.8521 -0.1967 0.4850
vn -0.8518 -0.1982 0.4849
vn -0.8509 -0.2031 0.4845
vn 0.2854 0.5384 0.7929
vn 0.2855 0.5383 0.7929
vn 0.2840 0.5391 0.7929
vn 0.7104 0.3770 -0.5943
vn 0.7099 0.3784 -0.5940
vn 0.7136 0.3661 -0.5972
vn -0.2875 -0.5315 -0.7968
vn -0.2878 -0.5313 -0.7968
vn -0.2892 -0.5306 -0.7967
vn -0.7155 -0.3721 0.5913
vn -0.7152 -0.3732 0.5910
vn -0.7119 -0.3841 0.5880
vn 0.3036 0.4897 0.8173
vn 0.3037 0.4897 0.8173
vn 0.3015 0.4906 0.8175
vn 0.6811 0.4229 -0.5978
vn 0.6807 0.4240 -0.5974
vn 0.6848 0.4103 -0.6022
vn -0.3061 -0.4813 -0.8214
vn -0.3063 -0.4812 -0.8214
vn -0.3085 -0.4801 -0.8212
vn -0.6886 -0.4158 0.5941
vn -0.6884 -0.4165 0.5939
vn -0.6846 -0.4290 0.5892
vn -0.0933 0.9327 0.3484
vn 0.7142 0.3065 -0.6292
vn 0.0933 -0.9327 -0.3484
vn -0.7142 -0.3065 0.6292
vn 0.6937 -0.1901 0.6948
vn -0.5974 0.0588 -0.7998
vn -0.6750 0.1254 -0.7271
vn -0.6735 0.1246 -0.7286
vn -0.6619 0.1188 -0.7401
vn -0.5679 0.2207 -0.7929
vn -0.5654 0.2160 -0.7961
vn -0.5755 0.2350 -0.7833
vn 0.6674 -0.0802 0.7404
vn 0.6659 -0.0795 0.7418
vn 0.6791 -0.0860 0.7290
vn 0.4991 -0.2424 0.8319
vn 0.4966 -0.2378 0.8348
vn 0.4886 -0.2234 0.8434
vn -0.5050 -0.3447 -0.7913
vn -0.4975 -0.3480 -0.7946
vn 0.5959 0.3234 -0.7351
vn 0.5949 0.3263 -0.7346
vn 0.4931 0.3679 0.7883
vn 0.4933 0.3679 0.7883
vn 0.5007 0.3647 0.7851
vn -0.6004 -0.3228 0.7317
vn -0.6003 -0.3230 0.7317
vn -0.6013 -0.3201 0.7321
vn -0.5767 -0.1604 -0.8011
vn -0.5766 -0.1604 -0.8011
vn -0.5755 -0.1611 -0.8018
vn 0.5485 0.3226 -0.7714
vn 0.5490 0.3217 -0.7714
vn 0.5476 0.3243 -0.7713
vn 0.5705 0.1774 0.8019
vn 0.5704 0.1774 0.8020
vn 0.5716 0.1767 0.8013
vn -0.5502 -0.3225 0.7703
vn -0.5506 -0.3216 0.7703
vn -0.5516 -0.3199 0.7704
vn -0.5908 -0.1024 -0.8003
vn -0.5907 -0.1022 -0.8004
vn -0.5933 -0.1084 -0.7976
vn 0.9796 0.1863 -0.0749
vn 0.9795 0.1871 -0.0749
vn 0.9806 0.1808 -0.0751
vn 0.5843 0.1224 0.8022
vn 0.5843 0.1222 0.8023
vn 0.5818 0.1163 0.8050
vn -0.9767 -0.1920 0.0962
vn -0.9765 -0.1927 0.0962
vn -0.9755 -0.1980 0.0959
vn -0.5718 -0.1176 -0.8119
vn -0.5721 -0.1181 -0.8116
vn -0.5779 -0.1279 -0.8060
vn 0.9304 0.0692 0.3601
vn 0.9305 0.0685 0.3600
vn 0.9313 0.0619 0.3590
vn 0.5666 0.1333 0.8131
vn 0.5670 0.1338 0.8128
vn 0.5608 0.1236 0.8187
vn -0.9438 -0.0827 -0.3200
vn -0.9439 -0.0819 -0.3199
vn -0.9429 -0.0891 -0.3210
vn -0.5711 -0.0960 -0.8153
vn -0.5711 -0.0961 -0.8152
vn -0.5701 -0.0946 -0.8161
vn 0.8559 0.0262 0.5165
vn 0.8559 0.0265 0.5165
vn 0.8561 0.0205 0.5164
vn 0.5670 0.1089 0.8165
vn 0.5680 0.1104 0.8156
vn -0.8527 -0.0242 -0.5219
vn -0.8527 -0.0245 -0.5219
vn -0.8524 -0.0302 -0.5220
vn -0.5951 -0.0168 -0.8035
vn 0.7310 -0.0345 0.6816
vn -0.7310 0.0345 -0.6816
vn -0.7309 0.0345 -0.6816
vn -0.3347 0.2698 -0.9029
vn -0.3332 0.2810 -0.9000
vn -0.3266 0.3264 -0.8870
vn 0.8218 -0.4117 0.3939
vn 0.8018 -0.4518 0.3911
vn 0.7747 -0.5004 0.3865
vn 0.4785 -0.1481 0.8655
vn 0.4766 -0.1658 0.8633
vn 0.4831 -0.0979 0.8701
vn -0.8166 0.5190 -0.2525
vn -0.8013 0.5428 -0.2517
vn -0.8430 0.4744 -0.2536
vn 0.5505 -0.1432 0.8225
vn -0.7474 0.6574 -0.0959
vn -0.7372 -0.1497 -0.6589
vn -0.7359 -0.1497 -0.6603
vn -0.7440 -0.1495 -0.6512
vn 0.7687 -0.6391 0.0247
vn 0.7744 -0.6324 0.0173
vn 0.7439 -0.6660 0.0553
vn 0.7909 0.2812 0.5435
vn 0.7907 0.2812 0.5438
vn 0.7850 0.2820 0.5516
vn -0.7658 0.6431 -0.0051
vn -0.7705 0.6374 0.0009
vn -0.7923 0.6094 0.0300
vn -0.3338 0.9410 0.0552
vn 0.9133 0.3374 -0.2283
vn 0.3338 -0.9410 -0.0552
vn -0.9133 -0.3374 0.2283
vn 0.2335 0.0258 0.9720
vn 0.0889 -0.3404 -0.9361
vn 0.3691 -0.9219 0.1179
vn 0.3683 -0.9223 0.1176
vn 0.6992 0.2681 -0.6627
vn 0.6993 0.2683 -0.6626
vn 0.6953 0.2482 -0.6745
vn -0.3672 0.9239 -0.1072
vn -0.3673 0.9239 -0.1072
vn -0.3680 0.9236 -0.1075
vn -0.7028 -0.2692 0.6585
vn -0.7028 -0.2696 0.6583
vn -0.7060 -0.2884 0.6468
vn 0.3458 -0.9383 -0.0020
vn 0.3458 -0.9383 -0.0021
vn 0.3457 -0.9383 -0.0021
vn 0.8169 0.2913 -0.4979
vn 0.8181 0.2903 -0.4964
vn 0.8124 0.2947 -0.5031
vn -0.3462 0.9382 0.0003
vn -0.8164 -0.2911 0.4988
vn -0.8176 -0.2901 0.4973
vn -0.8219 -0.2867 0.4921
vn 0.3480 -0.9375 0.0071
vn 0.3481 -0.9374 0.0072
vn 0.3485 -0.9373 0.0074
vn 0.8137 0.2781 -0.5105
vn 0.8146 0.2774 -0.5093
vn 0.8100 0.2808 -0.5149
vn -0.3484 0.9373 -0.0093
vn -0.3485 0.9372 -0.0094
vn -0.3481 0.9374 -0.0091
vn -0.8158 -0.2791 0.5066
vn -0.8167 -0.2785 0.5055
vn -0.8202 -0.2757 0.5013
vn 0.3615 -0.9292 0.0767
vn 0.3616 -0.9292 0.0768
vn 0.3619 -0.9290 0.0770
vn 0.8240 0.2722 -0.4969
vn 0.8252 0.2714 -0.4954
vn 0.8195 0.2754 -0.5026
vn -0.3616 0.9291 -0.0777
vn -0.3617 0.9290 -0.0778
vn -0.3613 0.9292 -0.0775
vn -0.8289 -0.2750 0.4872
vn -0.8298 -0.2744 0.4860
vn -0.8340 -0.2712 0.4806
vn 0.3730 -0.9121 0.1703
vn 0.3728 -0.9122 0.1702
vn 0.3721 -0.9126 0.1696
vn 0.8933 0.3110 -0.3246
vn 0.8933 0.3100 -0.3254
vn 0.8936 0.3060 -0.3285
vn -0.3728 0.9125 -0.1687
vn -0.3727 0.9125 -0.1686
vn -0.3735 0.9121 -0.1692
vn -0.8955 -0.3129 0.3165
vn -0.8955 -0.3123 0.3170
vn -0.8952 -0.3167 0.3137
vn 0.3751 -0.8658 0.3313
vn 0.3744 -0.8658 0.3321
vn 0.3776 -0.8658 0.3285
vn 0.9178 0.3896 0.0771
vn 0.9173 0.3906 0.0779
vn 0.9154 0.3943 0.0810
vn -0.3751 0.8684 -0.3243
vn -0.3746 0.8684 -0.3248
vn -0.3721 0.8685 -0.3276
vn -0.9189 -0.3885 -0.0688
vn -0.9185 -0.3893 -0.0693
vn -0.9206 -0.3849 -0.0660
vn 0.3609 -0.8155 0.4524
vn 0.3603 -0.8155 0.4528
vn 0.3644 -0.8152 0.4502
vn 0.7413 0.4283 0.5167
vn 0.7403 0.4293 0.5173
vn 0.7317 0.4378 0.5225
vn -0.3619 0.8204 -0.4427
vn -0.3615 0.8205 -0.4429
vn -0.3580 0.8208 -0.4450
vn -0.7521 -0.4291 -0.5002
vn -0.7514 -0.4298 -0.5006
vn -0.7601 -0.4207 -0.4952
vn 0.3367 -0.7527 0.5658
vn 0.3372 -0.7525 0.5657
vn 0.3396 -0.7519 0.5651
vn 0.5132 0.4191 0.7490
vn 0.5144 0.4180 0.7488
vn 0.5027 0.4277 0.7512
vn -0.3391 0.7607 -0.5536
vn -0.3396 0.7605 -0.5534
vn -0.3368 0.7613 -0.5541
vn -0.5223 -0.4209 -0.7416
vn -0.5236 -0.4198 -0.7414
vn -0.5337 -0.4111 -0.7390
vn 0.2998 -0.6527 0.6958
vn 0.2999 -0.6527 0.6958
vn 0.3014 -0.6524 0.6954
vn 0.4943 0.4368 0.7516
vn 0.4948 0.4364 0.7515
vn 0.4845 0.4451 0.7531
vn -0.3040 0.6651 -0.6820
vn -0.3041 0.6651 -0.6820
vn -0.3026 0.6654 -0.6824
vn -0.4985 -0.4376 -0.7484
vn -0.4990 -0.4371 -0.7483
vn -0.5086 -0.4289 -0.7466
vn 0.2580 -0.5475 0.7960
vn 0.2576 -0.5476 0.7961
vn 0.2608 -0.5474 0.7952
vn 0.3975 0.4364 0.8072
vn 0.3967 0.4370 0.8073
vn 0.3873 0.4437 0.8081
vn -0.2642 0.5646 -0.7819
vn -0.2639 0.5647 -0.7820
vn -0.2611 0.5649 -0.7828
vn -0.4055 -0.4382 -0.8022
vn -0.4048 -0.4387 -0.8023
vn -0.4147 -0.4313 -0.8012
vn 0.2687 -0.5888 0.7623
vn 0.2682 -0.5888 0.7625
vn 0.2700 -0.5889 0.7618
vn 0.4846 0.4704 0.7375
vn 0.4824 0.4720 0.7379
vn 0.4728 0.4790 0.7396
vn -0.2745 0.6047 -0.7476
vn -0.2741 0.6047 -0.7478
vn -0.2728 0.6046 -0.7483
vn -0.4890 -0.4711 -0.7341
vn -0.4869 -0.4727 -0.7345
vn -0.4984 -0.4640 -0.7323
vn 0.2672 -0.5809 0.7689
vn 0.2693 -0.5812 0.7679
vn 0.2637 -0.5804 0.7705
vn 0.4870 0.4874 0.7247
vn 0.4843 0.4893 0.7253
vn 0.4764 0.4947 0.7269
vn -0.2724 0.5948 -0.7563
vn -0.2743 0.5950 -0.7554
vn -0.2777 0.5954 -0.7539
vn -0.4737 -0.4856 -0.7347
vn -0.4707 -0.4876 -0.7353
vn -0.4816 -0.4803 -0.7331
vn -0.2968 0.9525 0.0682
vn 0.9283 0.3046 -0.2132
vn 0.2968 -0.9525 -0.0682
vn -0.9283 -0.3046 0.2132
vn 0.2239 -0.0000 0.9746
vn 0.0536 -0.2772 -0.9593
vn 0.2408 -0.9279 -0.2846
vn 0.2406 -0.9280 -0.2846
vn 0.2423 -0.9277 -0.2842
vn 0.6809 0.2441 -0.6905
vn 0.6798 0.2452 -0.6912
vn 0.6671 0.2579 -0.6989
vn -0.2454 0.9313 0.2691
vn -0.2452 0.9314 0.2691
vn -0.2438 0.9317 0.2694
vn -0.6849 -0.2451 0.6861
vn -0.6837 -0.2463 0.6869
vn -0.6968 -0.2327 0.6785
vn 0.2640 -0.9422 -0.2063
vn 0.2639 -0.9422 -0.2063
vn 0.8474 0.2756 -0.4539
vn 0.8480 0.2750 -0.4532
vn 0.8444 0.2789 -0.4574
vn -0.2661 0.9434 0.1981
vn -0.8474 -0.2756 0.4539
vn -0.8479 -0.2750 0.4532
vn -0.8508 -0.2717 0.4497
vn 0.2803 -0.9487 -0.1464
vn 0.2806 -0.9486 -0.1462
vn 0.2820 -0.9484 -0.1452
vn 0.9144 0.2958 -0.2763
vn 0.9146 0.2955 -0.2761
vn 0.9135 0.2971 -0.2779
vn -0.2824 0.9494 0.1377
vn -0.2826 0.9493 0.1376
vn -0.2810 0.9496 0.1387
vn -0.9148 -0.2959 0.2751
vn -0.9149 -0.2957 0.2749
vn -0.9158 -0.2944 0.2734
vn 0.2942 -0.9506 -0.0989
vn 0.2946 -0.9504 -0.0997
vn 0.2929 -0.9513 -0.0963
vn 0.9352 0.3080 -0.1746
vn -0.2959 0.9509 0.0911
vn -0.2962 0.9507 0.0917
vn -0.2975 0.9500 0.0942
vn -0.9352 -0.3080 0.1746
vn -0.9352 -0.3080 0.1747
vn 0.3205 -0.9468 0.0279
vn 0.3205 -0.9468 0.0280
vn 0.3185 -0.9474 0.0302
vn 0.9427 0.3335 0.0021
vn 0.9428 0.3335 0.0022
vn 0.9437 0.3307 0.0055
vn -0.3211 0.9465 -0.0320
vn -0.3210 0.9465 -0.0322
vn -0.3230 0.9459 -0.0300
vn -0.9430 -0.3328 0.0045
vn -0.9431 -0.3326 0.0043
vn -0.9421 -0.3353 0.0074
vn 0.3360 -0.9053 0.2598
vn 0.3361 -0.9053 0.2597
vn 0.3376 -0.9050 0.2588
vn 0.7965 0.3742 0.4749
vn 0.7970 0.3736 0.4745
vn 0.7864 0.3858 0.4825
vn -0.3359 0.9067 -0.2553
vn -0.3361 0.9066 -0.2552
vn -0.3345 0.9069 -0.2561
vn -0.8059 -0.3748 -0.4584
vn -0.8067 -0.3738 -0.4578
vn -0.8156 -0.3628 -0.4507
vn 0.3175 -0.8113 0.4909
vn 0.3186 -0.8110 0.4906
vn 0.3215 -0.8103 0.4899
vn 0.6295 0.3919 0.6710
vn 0.6329 0.3881 0.6699
vn 0.6153 0.4068 0.6753
vn -0.3193 0.8199 -0.4752
vn -0.3205 0.8196 -0.4749
vn -0.3167 0.8206 -0.4758
vn -0.6401 -0.3933 -0.6600
vn -0.6437 -0.3893 -0.6588
vn -0.6568 -0.3747 -0.6544
vn 0.2808 -0.6904 0.6668
vn 0.2794 -0.6902 0.6675
vn 0.2828 -0.6906 0.6656
vn 0.5149 0.4042 0.7560
vn 0.5103 0.4074 0.7573
vn 0.4973 0.4164 0.7611
vn -0.2858 0.7084 -0.6453
vn -0.2848 0.7083 -0.6459
vn -0.2828 0.7081 -0.6470
vn -0.5237 -0.4056 -0.7491
vn -0.5194 -0.4087 -0.7505
vn -0.5363 -0.3965 -0.7451
vn 0.0705 -0.0613 0.9956
vn 0.0690 -0.0606 0.9958
vn 0.0717 -0.0618 0.9955
vn 0.0940 0.3241 0.9413
vn 0.0933 0.3245 0.9413
vn 0.0917 0.3253 0.9412
vn -0.0736 0.0700 -0.9948
vn -0.0720 0.0693 -0.9950
vn -0.0708 0.0688 -0.9951
vn -0.0983 -0.3255 -0.9404
vn -0.0976 -0.3258 -0.9404
vn -0.0999 -0.3247 -0.9405
vn -0.8012 0.5543 0.2256
vn 0.4147 0.7860 -0.4586
vn 0.8012 -0.5543 -0.2256
vn -0.4147 -0.7860 0.4586
vn 0.4315 0.2739 0.8595
vn 0.1239 -0.3548 -0.9267
vn 0.7618 -0.5745 -0.2994
vn 0.7618 -0.5747 -0.2992
vn 0.7617 -0.5755 -0.2977
vn 0.4897 0.8347 -0.2520
vn 0.4922 0.8336 -0.2507
vn 0.5042 0.8283 -0.2445
vn -0.7687 0.5714 0.2875
vn -0.7686 0.5716 0.2872
vn -0.7688 0.5706 0.2887
vn -0.4885 -0.8343 0.2557
vn -0.4912 -0.8331 0.2543
vn -0.4774 -0.8390 0.2612
vn 0.8178 -0.5427 -0.1915
vn 0.4446 0.8150 -0.3717
vn 0.4440 0.8151 -0.3723
vn 0.4466 0.8146 -0.3701
vn -0.8202 0.5409 0.1860
vn -0.8202 0.5409 0.1859
vn -0.8202 0.5410 0.1859
vn -0.4446 -0.8150 0.3717
vn -0.4440 -0.8151 0.3722
vn -0.4421 -0.8154 0.3738
vn 0.8633 -0.4996 -0.0710
vn 0.8633 -0.4996 -0.0711
vn 0.8633 -0.4997 -0.0707
vn 0.4640 0.8441 -0.2687
vn 0.4630 0.8443 -0.2697
vn 0.4681 0.8431 -0.2646
vn -0.8636 0.4993 0.0701
vn -0.8636 0.4993 0.0702
vn -0.8636 0.4991 0.0705
vn -0.4627 -0.8428 0.2750
vn -0.4620 -0.8430 0.2757
vn -0.4581 -0.8438 0.2794
vn 0.8882 -0.4578 0.0382
vn 0.8882 -0.4579 0.0384
vn 0.8885 -0.4574 0.0371
vn 0.4613 0.8567 -0.2309
vn 0.4606 0.8573 -0.2301
vn 0.4567 0.8608 -0.2246
vn -0.8878 0.4589 -0.0354
vn -0.8877 0.4590 -0.0355
vn -0.8875 0.4594 -0.0365
vn -0.4603 -0.8553 0.2380
vn -0.4599 -0.8556 0.2375
vn -0.4640 -0.8519 0.2429
vn 0.8975 -0.4026 0.1802
vn 0.8975 -0.4025 0.1801
vn 0.8987 -0.4012 0.1773
vn 0.4549 0.8794 -0.1406
vn 0.4552 0.8792 -0.1408
vn 0.4481 0.8838 -0.1346
vn -0.8975 0.4060 -0.1724
vn -0.8976 0.4059 -0.1721
vn -0.8964 0.4073 -0.1748
vn -0.4547 -0.8781 0.1489
vn -0.4553 -0.8777 0.1495
vn -0.4614 -0.8736 0.1547
vn 0.8793 -0.3408 0.3326
vn 0.8791 -0.3411 0.3331
vn 0.8821 -0.3384 0.3276
vn 0.4330 0.9013 -0.0097
vn 0.4323 0.9017 -0.0092
vn 0.4227 0.9063 -0.0021
vn -0.8817 0.3474 -0.3191
vn -0.8790 0.3500 -0.3239
vn -0.4342 -0.9005 0.0238
vn -0.4341 -0.9006 0.0237
vn -0.4433 -0.8959 0.0302
vn 0.8281 -0.2717 0.4904
vn 0.8277 -0.2719 0.4909
vn 0.8315 -0.2693 0.4860
vn 0.4052 0.9129 0.0492
vn 0.4043 0.9133 0.0496
vn 0.3933 0.9177 0.0558
vn -0.8357 0.2821 -0.4712
vn -0.8357 0.2822 -0.4712
vn -0.8324 0.2846 -0.4754
vn -0.4069 -0.9126 -0.0389
vn -0.4066 -0.9128 -0.0391
vn -0.4175 -0.9081 -0.0332
vn 0.7293 -0.1726 0.6621
vn 0.7295 -0.1725 0.6618
vn 0.7283 -0.1732 0.6630
vn 0.3608 0.9206 0.1494
vn 0.3588 0.9212 0.1503
vn 0.3478 0.9246 0.1552
vn -0.7443 0.1868 -0.6411
vn -0.7445 0.1868 -0.6410
vn -0.7454 0.1862 -0.6401
vn -0.3601 -0.9204 -0.1520
vn -0.3579 -0.9211 -0.1530
vn -0.3709 -0.9169 -0.1472
vn -0.4556 -0.2749 0.8467
vn 0.8613 0.1043 0.4973
vn 0.4556 0.2749 -0.8467
vn -0.8613 -0.1043 -0.4973
vn 0.2250 -0.9558 -0.1893
vn 0.0171 0.9998 -0.0054
vn -0.2007 0.9606 0.1923
vn -0.1998 0.9605 0.1936
vn -0.2150 0.9616 0.1707
vn 0.1792 -0.9638 -0.1977
vn 0.1790 -0.9640 -0.1964
vn 0.1809 -0.9599 -0.2143
vn 0.1804 -0.9713 -0.1550
vn 0.1796 -0.9713 -0.1563
vn 0.1652 -0.9701 -0.1778
vn -0.2466 0.9560 0.1589
vn -0.2465 0.9562 0.1576
vn -0.2446 0.9593 0.1409
vn 0.1180 0.9410 -0.3172
vn 0.1187 0.9416 -0.3150
vn 0.1166 0.9399 -0.3209
vn 0.6918 -0.6982 0.1842
vn 0.6918 -0.6966 0.1903
vn 0.6918 -0.7005 0.1752
vn -0.1332 -0.9299 0.3429
vn -0.1339 -0.9305 0.3410
vn -0.1353 -0.9316 0.3373
vn -0.6989 0.6894 -0.1905
vn -0.6988 0.6878 -0.1963
vn -0.6987 0.6854 -0.2051
vn 0.1573 0.9211 -0.3561
vn 0.1591 0.9221 -0.3528
vn 0.1522 0.9180 -0.3662
vn 0.6318 -0.7583 0.1610
vn 0.6316 -0.7576 0.1649
vn 0.6321 -0.7602 0.1499
vn -0.1722 -0.9081 0.3816
vn -0.1738 -0.9091 0.3787
vn -0.1790 -0.9121 0.3689
vn -0.6516 0.7376 -0.1770
vn -0.6514 0.7370 -0.1804
vn -0.6507 0.7348 -0.1912
vn 0.2172 0.8762 -0.4303
vn 0.2177 0.8764 -0.4295
vn 0.2154 0.8752 -0.4331
vn 0.5725 -0.8070 0.1451
vn 0.5725 -0.8064 0.1482
vn 0.5725 -0.8092 0.1320
vn -0.2322 -0.8588 0.4567
vn -0.2326 -0.8591 0.4560
vn -0.2344 -0.8600 0.4532
vn -0.5790 0.8014 -0.1499
vn -0.5790 0.8009 -0.1528
vn -0.5788 0.7985 -0.1657
vn 0.2652 0.8245 -0.4999
vn 0.2666 0.8254 -0.4976
vn 0.2628 0.8228 -0.5039
vn 0.5008 -0.8567 0.1238
vn 0.5013 -0.8557 0.1286
vn 0.4993 -0.8593 0.1109
vn -0.2800 -0.8029 0.5263
vn -0.2813 -0.8037 0.5244
vn -0.2837 -0.8053 0.5205
vn -0.5129 0.8483 -0.1320
vn -0.5133 0.8473 -0.1365
vn -0.5146 0.8444 -0.1492
vn 0.3718 0.6376 -0.6747
vn 0.3721 0.6378 -0.6744
vn 0.3694 0.6365 -0.6771
vn 0.5726 -0.7931 0.2078
vn 0.5726 -0.7927 0.2092
vn 0.5722 -0.7983 0.1878
vn -0.3823 -0.6100 0.6941
vn -0.3824 -0.6100 0.6940
vn -0.3848 -0.6111 0.6917
vn -0.5800 0.7863 -0.2129
vn -0.5801 0.7859 -0.2141
vn -0.5800 0.7804 -0.2337
vn 0.4624 0.2726 -0.8437
vn 0.4622 0.2723 -0.8440
vn 0.4628 0.2729 -0.8434
vn 0.6575 -0.6914 0.2995
vn 0.6582 -0.6882 0.3052
vn 0.6551 -0.7005 0.2831
vn -0.4641 -0.2587 0.8472
vn -0.4639 -0.2585 0.8473
vn -0.4635 -0.2582 0.8476
vn -0.6542 0.6954 -0.2974
vn -0.6550 0.6921 -0.3033
vn -0.6571 0.6828 -0.3193
vn 0.4449 -0.3533 -0.8229
vn 0.4444 -0.3537 -0.8230
vn 0.4459 -0.3527 -0.8226
vn 0.5753 -0.7631 0.2944
vn 0.5691 -0.7666 0.2973
vn 0.5448 -0.7799 0.3081
vn -0.4513 0.3171 0.8341
vn -0.4510 0.3173 0.8342
vn -0.4501 0.3178 0.8345
vn -0.5793 0.7592 -0.2968
vn -0.5733 0.7626 -0.2995
vn -0.6023 0.7453 -0.2858
vn -0.0264 -0.7980 0.6020
vn 0.9675 -0.1720 -0.1855
vn 0.0264 0.7980 -0.6020
vn -0.9675 0.1720 0.1855
vn -0.1114 -0.3216 -0.9403
vn 0.2516 0.5776 0.7766
vn -0.1051 -0.9404 0.3236
vn -0.1050 -0.9404 0.3236
vn 0.8602 -0.3216 -0.3958
vn 0.8603 -0.3217 -0.3956
vn 0.8616 -0.3236 -0.3911
vn 0.1073 0.9431 -0.3147
vn -0.8602 0.3215 0.3957
vn -0.8603 0.3216 0.3955
vn -0.8589 0.3196 0.4003
vn -0.0212 -0.7849 0.6192
vn -0.0217 -0.7850 0.6191
vn 0.7609 -0.3883 -0.5198
vn 0.7611 -0.3880 -0.5198
vn 0.7674 -0.3762 -0.5192
vn 0.0202 0.7825 -0.6223
vn 0.0203 0.7826 -0.6223
vn 0.0198 0.7825 -0.6224
vn -0.7640 0.3864 0.5168
vn -0.7641 0.3861 0.5168
vn -0.7575 0.3983 0.5173
vn -0.0251 -0.7921 0.6099
vn -0.0252 -0.7921 0.6099
vn -0.0257 -0.7922 0.6097
vn 0.7123 -0.3983 -0.5780
vn 0.7135 -0.3963 -0.5778
vn 0.7216 -0.3834 -0.5764
vn 0.0235 0.7883 -0.6149
vn 0.0237 0.7883 -0.6148
vn 0.0229 0.7881 -0.6151
vn -0.7164 0.3962 0.5743
vn -0.7175 0.3944 0.5742
vn -0.7080 0.4093 0.5755
vn -0.0400 -0.8246 0.5643
vn -0.0403 -0.8246 0.5642
vn -0.0414 -0.8249 0.5638
vn 0.7328 -0.3703 -0.5709
vn 0.7346 -0.3676 -0.5704
vn 0.7418 -0.3563 -0.5681
vn 0.0388 0.8217 -0.5686
vn 0.0392 0.8218 -0.5685
vn 0.0376 0.8214 -0.5691
vn -0.7425 0.3654 0.5614
vn -0.7439 0.3632 0.5610
vn -0.7352 0.3768 0.5635
vn -0.0456 -0.8287 0.5579
vn -0.0460 -0.8288 0.5576
vn -0.0490 -0.8295 0.5563
vn 0.8305 -0.3004 -0.4691
vn 0.8317 -0.2981 -0.4685
vn 0.8371 -0.2874 -0.4655
vn 0.0440 0.8244 -0.5644
vn 0.0447 0.8246 -0.5640
vn 0.0409 0.8235 -0.5658
vn -0.8414 0.2932 0.4539
vn -0.8421 0.2918 0.4536
vn -0.8361 0.3039 0.4566
vn -0.0548 -0.8458 0.5307
vn -0.0550 -0.8459 0.5306
vn -0.0560 -0.8462 0.5300
vn 0.9425 -0.1983 -0.2689
vn 0.9430 -0.1970 -0.2683
vn 0.9447 -0.1914 -0.2662
vn 0.0533 0.8408 -0.5387
vn 0.0536 0.8409 -0.5385
vn 0.0523 0.8405 -0.5393
vn -0.9434 0.1973 0.2665
vn -0.9438 0.1961 0.2660
vn -0.9416 0.2030 0.2686
vn -0.0640 -0.8681 0.4923
vn -0.0642 -0.8679 0.4926
vn -0.0627 -0.8689 0.4909
vn 0.9950 -0.0576 0.0820
vn 0.9949 -0.0590 0.0813
vn 0.9948 -0.0640 0.0789
vn 0.0626 0.8636 -0.5003
vn 0.0630 0.8633 -0.5007
vn 0.0643 0.8623 -0.5022
vn -0.9952 0.0594 -0.0777
vn -0.9952 0.0606 -0.0771
vn -0.9953 0.0543 -0.0800
vn -0.0279 -0.7645 0.6440
vn 0.9908 -0.1065 -0.0835
vn 0.0279 0.7645 -0.6440
vn -0.9908 0.1065 0.0835
vn 0.0069 -0.3968 -0.9179
vn 0.1324 0.6358 0.7604
vn -0.1243 -0.8705 -0.4762
vn -0.1280 -0.8699 -0.4764
vn -0.1187 -0.8715 -0.4758
vn 0.2804 -0.5958 -0.7526
vn 0.2808 -0.6082 -0.7425
vn 0.2811 -0.6243 -0.7289
vn 0.1252 0.8412 0.5260
vn 0.1289 0.8405 0.5262
vn 0.1346 0.8394 0.5265
vn -0.2958 0.5933 0.7487
vn -0.2962 0.6057 0.7385
vn -0.2953 0.5769 0.7616
vn -0.1159 -0.7333 -0.6699
vn -0.1147 -0.7340 -0.6694
vn -0.1114 -0.7358 -0.6679
vn 0.0911 -0.5878 -0.8039
vn 0.0887 -0.5847 -0.8064
vn 0.0968 -0.5950 -0.7979
vn 0.1153 0.7091 0.6956
vn 0.1141 0.7099 0.6950
vn 0.1186 0.7072 0.6970
vn -0.1045 0.5874 0.8025
vn -0.1022 0.5844 0.8050
vn -0.0965 0.5771 0.8109
vn -0.1057 -0.7003 -0.7060
vn -0.1033 -0.7019 -0.7047
vn -0.0985 -0.7051 -0.7022
vn 0.1005 -0.5701 -0.8154
vn 0.0963 -0.5654 -0.8192
vn 0.1066 -0.5768 -0.8099
vn 0.1049 0.6741 0.7311
vn 0.1025 0.6758 0.7299
vn 0.1097 0.6707 0.7335
vn -0.1248 0.5693 0.8126
vn -0.1207 0.5647 0.8164
vn -0.1147 0.5579 0.8219
vn -0.0919 -0.5680 -0.8179
vn -0.0916 -0.5682 -0.8177
vn -0.0904 -0.5691 -0.8173
vn -0.0616 -0.5505 -0.8326
vn -0.0634 -0.5478 -0.8342
vn -0.0587 -0.5548 -0.8299
vn 0.0912 0.5538 0.8276
vn 0.0909 0.5541 0.8275
vn 0.0924 0.5529 0.8281
vn 0.0547 0.5510 0.8327
vn 0.0564 0.5483 0.8344
vn 0.0593 0.5440 0.8370
vn -0.0925 -0.6152 -0.7829
vn 0.2231 -0.5410 -0.8109
vn 0.0925 0.6152 0.7829
vn -0.1862 -0.4050 -0.8952
vn -0.1890 -0.4081 -0.8931
vn -0.2056 -0.4269 -0.8806
vn 0.1840 -0.4663 -0.8653
vn 0.1916 -0.4824 -0.8547
vn 0.1538 -0.4021 -0.9026
vn 0.0936 0.5638 0.8206
vn 0.0957 0.5662 0.8187
vn 0.0766 0.5446 0.8352
vn -0.1021 0.5133 0.8521
vn -0.1093 0.5286 0.8418
vn -0.1389 0.5903 0.7951
vn -0.1767 -0.3725 -0.9110
vn 0.0036 0.4847 0.8747
vn 0.1767 0.3725 0.9110
vn -0.1363 0.0202 0.9905
vn 0.7413 0.6653 0.0884
vn 0.1363 -0.0202 -0.9905
vn -0.7413 -0.6653 -0.0884
vn 0.6572 -0.7463 0.1056
vn -0.4433 0.7778 -0.4455
vn 0.2148 -0.1131 -0.9701
vn 0.2149 -0.1127 -0.9701
vn 0.2153 -0.1109 -0.9702
vn 0.7996 0.5918 0.1020
vn 0.7994 0.5922 0.1011
vn 0.8005 0.5899 0.1056
vn -0.2112 0.1087 0.9714
vn -0.2113 0.1082 0.9714
vn -0.2108 0.1103 0.9713
vn -0.7981 -0.5938 -0.1017
vn -0.7979 -0.5943 -0.1007
vn -0.7971 -0.5959 -0.0975
vn 0.3344 -0.2726 -0.9022
vn 0.3343 -0.2731 -0.9020
vn 0.3347 -0.2710 -0.9025
vn 0.8970 0.4169 0.1471
vn 0.8972 0.4158 0.1487
vn 0.8981 0.4116 0.1548
vn -0.3280 0.2641 0.9070
vn -0.3279 0.2644 0.9069
vn -0.3276 0.2660 0.9066
vn -0.8955 -0.4202 -0.1465
vn -0.8957 -0.4193 -0.1479
vn -0.8946 -0.4242 -0.1406
vn 0.4049 -0.3824 -0.8306
vn 0.4047 -0.3827 -0.8305
vn 0.4072 -0.3768 -0.8320
vn 0.9486 0.2456 0.1995
vn 0.9486 0.2453 0.1999
vn 0.9477 0.2392 0.2113
vn -0.3969 0.3709 0.8396
vn -0.3969 0.3708 0.8396
vn -0.3945 0.3762 0.8383
vn -0.9456 -0.2590 -0.1969
vn -0.9456 -0.2591 -0.1968
vn -0.9463 -0.2646 -0.1858
vn 0.4367 -0.4582 -0.7741
vn 0.4370 -0.4579 -0.7742
vn 0.4417 -0.4504 -0.7759
vn 0.9634 0.0565 0.2622
vn 0.9635 0.0568 0.2615
vn 0.9599 0.0502 0.2760
vn -0.4293 0.4460 0.7854
vn -0.4298 0.4452 0.7856
vn -0.4248 0.4528 0.7839
vn -0.9629 -0.0804 -0.2576
vn -0.9632 -0.0810 -0.2563
vn -0.9660 -0.0865 -0.2435
vn 0.4629 -0.5330 -0.7083
vn 0.4630 -0.5328 -0.7084
vn 0.4658 -0.5290 -0.7093
vn 0.9546 0.0078 0.2976
vn 0.9549 0.0081 0.2967
vn 0.9505 0.0028 0.3106
vn -0.4563 0.5203 0.7218
vn -0.4566 0.5199 0.7219
vn -0.4537 0.5238 0.7210
vn -0.9553 -0.0194 -0.2951
vn -0.9556 -0.0199 -0.2940
vn -0.9592 -0.0245 -0.2815
vn 0.4785 -0.5760 -0.6628
vn 0.4787 -0.5757 -0.6629
vn 0.9445 -0.0265 0.3275
vn 0.9444 -0.0267 0.3278
vn 0.9403 -0.0311 0.3389
vn -0.4732 0.5648 0.6761
vn -0.4730 0.5651 0.6760
vn -0.9446 0.0256 -0.3273
vn -0.9445 0.0257 -0.3276
vn -0.9484 0.0212 -0.3162
vn 0.5330 -0.6987 -0.4772
vn 0.5340 -0.6974 -0.4779
vn 0.5308 -0.7016 -0.4755
vn 0.9066 -0.1835 0.3801
vn 0.9053 -0.1847 0.3824
vn 0.9017 -0.1880 0.3895
vn -0.5296 0.6892 0.4945
vn -0.5304 0.6881 0.4951
vn -0.5327 0.6852 0.4967
vn -0.9030 0.1956 -0.3825
vn -0.9017 0.1968 -0.3850
vn -0.9067 0.1922 -0.3754
vn 0.5625 -0.8064 -0.1829
vn 0.5626 -0.8062 -0.1829
vn 0.5653 -0.8042 -0.1835
vn 0.7833 -0.4373 0.4418
vn 0.7838 -0.4372 0.4411
vn 0.7753 -0.4391 0.4540
vn -0.5621 0.7980 0.2172
vn -0.5623 0.7979 0.2173
vn -0.5595 0.8000 0.2167
vn -0.7877 0.4302 -0.4410
vn -0.7881 0.4301 -0.4403
vn -0.7959 0.4282 -0.4281
vn 0.1966 0.8568 0.4767
vn 0.9740 -0.1148 -0.1955
vn -0.1966 -0.8568 -0.4767
vn -0.9740 0.1148 0.1955
vn 0.1326 -0.4715 0.8719
vn -0.1128 0.5027 -0.8571
vn -0.0443 0.7722 -0.6338
vn -0.0449 0.7727 -0.6332
vn -0.0512 0.7772 -0.6272
vn 0.7572 -0.4338 0.4883
vn 0.7571 -0.4323 0.4897
vn 0.7566 -0.4247 0.4972
vn 0.0371 -0.7916 0.6099
vn 0.0377 -0.7920 0.6094
vn 0.0309 -0.7872 0.6159
vn -0.7735 0.4267 -0.4686
vn -0.7734 0.4255 -0.4698
vn -0.7738 0.4342 -0.4612
vn -0.0100 0.8741 -0.4856
vn -0.0101 0.8742 -0.4855
vn 0.7653 -0.4181 0.4894
vn 0.7651 -0.4151 0.4923
vn 0.0075 -0.8790 0.4767
vn 0.0075 -0.8790 0.4768
vn -0.7654 0.4180 -0.4893
vn -0.7654 0.4181 -0.4892
vn -0.7656 0.4211 -0.4863
vn 0.0219 0.9280 -0.3719
vn 0.0222 0.9278 -0.3723
vn 0.0232 0.9272 -0.3738
vn 0.9541 -0.2711 0.1272
vn 0.9541 -0.2708 0.1276
vn 0.9542 -0.2701 0.1288
vn -0.0235 -0.9305 0.3655
vn -0.0238 -0.9303 0.3659
vn -0.0225 -0.9311 0.3641
vn -0.9535 0.2721 -0.1295
vn -0.9535 0.2718 -0.1300
vn -0.9535 0.2728 -0.1283
vn 0.0133 0.9099 -0.4147
vn 0.0134 0.9098 -0.4148
vn 0.0139 0.9095 -0.4155
vn 0.9650 -0.2483 0.0840
vn 0.9651 -0.2480 0.0845
vn 0.9652 -0.2469 0.0861
vn -0.0158 -0.9142 0.4050
vn -0.0159 -0.9141 0.4051
vn -0.0153 -0.9145 0.4043
vn -0.9648 0.2488 -0.0850
vn -0.9649 0.2484 -0.0855
vn -0.9647 0.2499 -0.0834
vn -0.0096 0.8681 -0.4964
vn -0.0097 0.8681 -0.4962
vn -0.0111 0.8690 -0.4946
vn 0.9343 -0.2928 0.2033
vn 0.9343 -0.2925 0.2036
vn 0.9345 -0.2902 0.2062
vn 0.0064 -0.8747 0.4846
vn 0.0065 -0.8748 0.4845
vn 0.0050 -0.8738 0.4862
vn -0.9353 0.2916 -0.2002
vn -0.9354 0.2913 -0.2006
vn -0.9352 0.2939 -0.1977
vn 0.0355 0.9441 -0.3278
vn 0.0354 0.9441 -0.3278
vn 0.0327 0.9437 -0.3293
vn 0.9599 -0.0767 -0.2696
vn -0.0355 -0.9441 0.3278
vn -0.0354 -0.9441 0.3279
vn -0.0382 -0.9445 0.3264
vn -0.9598 0.0764 0.2702
vn 0.0691 0.9767 -0.2033
vn 0.0690 0.9767 -0.2033
vn 0.0674 0.9766 -0.2040
vn 0.8816 0.0340 -0.4707
vn 0.8816 0.0339 -0.4708
vn 0.8822 0.0350 -0.4696
vn -0.0678 -0.9756 0.2090
vn -0.0677 -0.9756 0.2090
vn -0.0694 -0.9756 0.2083
vn -0.8808 -0.0348 0.4722
vn -0.8802 -0.0337 0.4734
vn 0.1176 0.9927 0.0260
vn 0.1177 0.9927 0.0261
vn 0.1195 0.9925 0.0266
vn 0.7821 0.1302 -0.6094
vn 0.7819 0.1300 -0.6097
vn 0.7859 0.1342 -0.6036
vn -0.1150 -0.9933 -0.0134
vn -0.1151 -0.9933 -0.0134
vn -0.1132 -0.9935 -0.0128
vn -0.7845 -0.1284 0.6067
vn -0.7843 -0.1281 0.6070
vn -0.7805 -0.1241 0.6127
vn 0.0402 0.9724 0.2299
vn 0.8984 0.0655 -0.4343
vn -0.0402 -0.9724 -0.2299
vn -0.8984 -0.0655 0.4343
vn 0.4728 -0.3141 0.8233
vn -0.4374 0.2240 -0.8709
vn -0.4121 0.4652 -0.7834
vn -0.4123 0.4652 -0.7833
vn -0.4118 0.4653 -0.7836
vn 0.5790 -0.1980 0.7909
vn 0.5800 -0.2014 0.7893
vn 0.5766 -0.1896 0.7947
vn 0.4068 -0.4944 0.7682
vn 0.4070 -0.4944 0.7681
vn 0.4073 -0.4943 0.7679
vn -0.5783 0.1980 -0.7914
vn -0.5793 0.2015 -0.7898
vn -0.5816 0.2099 -0.7859
vn -0.3228 0.7699 -0.5504
vn -0.3232 0.7702 -0.5499
vn -0.3240 0.7707 -0.5486
vn 0.9437 -0.0984 0.3157
vn 0.9438 -0.0987 0.3154
vn 0.9439 -0.0992 0.3148
vn 0.3236 -0.7683 0.5523
vn 0.3240 -0.7685 0.5518
vn 0.3228 -0.7677 0.5536
vn -0.9452 0.0975 -0.3116
vn -0.9453 0.0978 -0.3113
vn -0.9451 0.0970 -0.3122
vn -0.3047 0.8114 -0.4988
vn -0.3058 0.8121 -0.4970
vn 0.9988 -0.0210 -0.0446
vn 0.9989 -0.0196 -0.0436
vn 0.3027 -0.8149 0.4943
vn 0.3016 -0.8143 0.4960
vn -0.9987 0.0205 0.0473
vn -0.9987 0.0204 0.0473
vn -0.9986 0.0218 0.0483
vn -0.1949 0.9496 -0.2454
vn -0.1952 0.9496 -0.2455
vn -0.1918 0.9505 -0.2446
vn 0.7851 0.1073 -0.6100
vn 0.7852 0.1075 -0.6099
vn 0.7858 0.1087 -0.6088
vn 0.1983 -0.9470 0.2526
vn 0.1986 -0.9469 0.2527
vn 0.2018 -0.9460 0.2535
vn -0.7867 -0.1068 0.6081
vn -0.7867 -0.1070 0.6080
vn -0.7860 -0.1056 0.6091
vn -0.1182 0.9899 -0.0788
vn -0.1188 0.9898 -0.0790
vn -0.1166 0.9901 -0.0784
vn 0.5992 0.1588 -0.7847
vn 0.6004 0.1600 -0.7835
vn 0.6035 0.1630 -0.7805
vn 0.1225 -0.9886 0.0874
vn 0.1231 -0.9885 0.0876
vn 0.1247 -0.9883 0.0881
vn -0.6031 -0.1581 0.7819
vn -0.6042 -0.1592 0.7808
vn -0.6000 -0.1550 0.7849
vn -0.0362 0.9958 0.0846
vn -0.0361 0.9958 0.0846
vn 0.3797 0.2089 -0.9012
vn 0.3808 0.2098 -0.9006
vn 0.3865 0.2147 -0.8970
vn 0.0387 -0.9961 -0.0798
vn 0.0386 -0.9961 -0.0798
vn -0.3795 -0.2090 0.9013
vn -0.3805 -0.2098 0.9006
vn -0.3737 -0.2040 0.9049
vn 0.0064 0.9861 0.1660
vn 0.0063 0.9861 0.1659
vn 0.0066 0.9861 0.1660
vn 0.2313 0.2404 -0.9427
vn 0.2326 0.2413 -0.9422
vn 0.2380 0.2453 -0.9398
vn -0.0051 -0.9865 -0.1635
vn -0.0050 -0.9865 -0.1635
vn -0.0048 -0.9865 -0.1635
vn -0.2346 -0.2400 0.9420
vn -0.2358 -0.2409 0.9415
vn -0.2292 -0.2360 0.9444
vn 0.0805 0.9497 0.3027
vn 0.0806 0.9496 0.3028
vn 0.0802 0.9497 0.3027
vn 0.2098 0.2554 -0.9438
vn 0.2067 0.2583 -0.9437
vn 0.2177 0.2478 -0.9440
vn -0.0811 -0.9492 -0.3039
vn -0.0813 -0.9492 -0.3039
vn -0.0815 -0.9492 -0.3040
vn -0.2241 -0.2537 0.9410
vn -0.2212 -0.2564 0.9409
vn -0.2133 -0.2640 0.9406
vn 0.2003 0.8389 0.5061
vn 0.2001 0.8389 0.5062
vn 0.2086 0.2772 -0.9379
vn 0.2092 0.2763 -0.9380
vn 0.2174 0.2635 -0.9398
vn -0.2059 -0.8319 -0.5153
vn -0.2058 -0.8319 -0.5153
vn -0.2061 -0.8319 -0.5152
vn -0.2097 -0.2770 0.9377
vn -0.2103 -0.2761 0.9378
vn -0.2013 -0.2898 0.9357
vn 0.1560 0.9494 0.2726
vn 0.9593 -0.0798 -0.2710
vn -0.1560 -0.9494 -0.2726
vn -0.9593 0.0798 0.2710
vn 0.2970 -0.4381 0.8484
vn 0.2970 -0.4382 0.8484
vn -0.2356 0.3038 -0.9232
vn -0.0965 0.8262 -0.5551
vn -0.0948 0.8252 -0.5568
vn -0.1011 0.8286 -0.5507
vn 0.9868 -0.1615 0.0079
vn 0.9867 -0.1625 0.0075
vn 0.9871 -0.1599 0.0084
vn 0.0940 -0.8313 0.5478
vn 0.0922 -0.8304 0.5495
vn 0.0876 -0.8279 0.5539
vn -0.9871 0.1598 -0.0017
vn -0.9870 0.1608 -0.0014
vn -0.9867 0.1623 -0.0009
vn -0.0853 0.8662 -0.4923
vn -0.0856 0.8664 -0.4919
vn -0.0888 0.8685 -0.4877
vn 0.9654 -0.2004 0.1667
vn 0.9654 -0.2005 0.1666
vn 0.9654 -0.2013 0.1659
vn 0.0862 -0.8645 0.4951
vn 0.0866 -0.8647 0.4947
vn 0.0830 -0.8624 0.4993
vn -0.9672 0.1985 -0.1584
vn -0.9672 0.1986 -0.1584
vn -0.9673 0.1977 -0.1591
vn -0.0095 0.9698 -0.2435
vn -0.0091 0.9697 -0.2441
vn -0.0126 0.9708 -0.2395
vn 0.9875 -0.1493 -0.0514
vn 0.9875 -0.1488 -0.0511
vn 0.9869 -0.1523 -0.0541
vn 0.0141 -0.9663 0.2572
vn 0.0138 -0.9661 0.2576
vn 0.0106 -0.9650 0.2619
vn -0.9874 0.1479 0.0562
vn -0.9875 0.1474 0.0557
vn -0.9881 0.1445 0.0531
vn 0.0499 0.9969 -0.0605
vn 0.0505 0.9969 -0.0602
vn 0.0484 0.9969 -0.0614
vn 0.8696 0.0053 -0.4937
vn 0.8703 0.0059 -0.4926
vn 0.8717 0.0073 -0.4900
vn -0.0455 -0.9962 0.0737
vn -0.0462 -0.9962 0.0733
vn -0.0477 -0.9962 0.0724
vn -0.8686 -0.0060 0.4954
vn -0.8693 -0.0066 0.4942
vn -0.8672 -0.0045 0.4980
vn 0.0618 0.9976 -0.0326
vn 0.0617 0.9976 -0.0326
vn 0.0607 0.9976 -0.0327
vn 0.6332 0.1502 -0.7592
vn 0.6327 0.1496 -0.7598
vn 0.6383 0.1556 -0.7539
vn -0.0581 -0.9973 0.0440
vn -0.0580 -0.9973 0.0440
vn -0.0592 -0.9973 0.0439
vn -0.6309 -0.1512 0.7610
vn -0.6304 -0.1506 0.7615
vn -0.6252 -0.1451 0.7668
vn 0.1198 0.9797 0.1605
vn 0.1231 0.9794 0.1603
vn 0.2270 0.3073 -0.9242
vn 0.2271 0.3074 -0.9241
vn 0.2372 0.3141 -0.9193
vn -0.1170 -0.9815 -0.1518
vn -0.1169 -0.9815 -0.1518
vn -0.1135 -0.9818 -0.1520
vn -0.2532 -0.3005 0.9196
vn -0.2531 -0.3005 0.9196
vn -0.2432 -0.2938 0.9244
vn 0.2849 0.6686 0.6869
vn 0.2867 0.6678 0.6870
vn 0.2824 0.6698 0.6867
vn 0.0314 0.3696 -0.9287
vn 0.0295 0.3721 -0.9277
vn 0.0395 0.3588 -0.9326
vn -0.2905 -0.6452 -0.7066
vn -0.2926 -0.6441 -0.7067
vn -0.2951 -0.6428 -0.7069
vn -0.0485 -0.3664 0.9292
vn -0.0467 -0.3688 0.9283
vn -0.0387 -0.3796 0.9243
vn 0.3475 0.2722 0.8973
vn 0.3489 0.2713 0.8970
vn 0.3452 0.2736 0.8978
vn -0.0601 0.4042 -0.9127
vn -0.0613 0.4061 -0.9118
vn -0.0545 0.3959 -0.9167
vn -0.3493 -0.2297 -0.9084
vn -0.3509 -0.2286 -0.9081
vn -0.3532 -0.2271 -0.9076
vn 0.0507 -0.4027 0.9139
vn 0.0519 -0.4046 0.9130
vn 0.0575 -0.4129 0.9090
vn 0.0314 -0.1568 -0.9871
vn -0.0239 -0.7614 -0.6478
vn -0.0096 -0.9735 -0.2285
vn -0.0298 -0.9890 0.1449
vn -0.0028 -0.7597 0.6503
vn 0.0038 -0.2578 0.9662
vn 0.0933 0.0949 0.9911
vn -0.0143 0.6732 0.7394
vn -0.0073 0.9659 0.2588
vn -0.0325 0.9545 -0.2966
vn 0.0075 0.7071 -0.7071
vn -0.0015 0.3606 -0.9327
vn -0.5417 -0.5176 0.6624
vn 0.6949 -0.0942 -0.7130
vn 0.5222 -0.6192 -0.5865
vn 0.6944 -0.7131 -0.0959
vn 0.6851 -0.7036 0.1885
vn 0.6791 -0.5191 0.5191
vn 0.6851 -0.1885 0.7036
vn 0.6851 0.1885 0.7036
vn 0.5998 0.5658 0.5658
vn 0.6004 0.7725 0.2070
vn 0.0732 0.9776 -0.1973
vn 0.6851 0.5151 -0.5151
vn 0.6827 0.1722 -0.7101
vn 0.5398 -0.1281 -0.8320
vn 0.6907 -0.4993 -0.5232
vn 0.6918 -0.4991 -0.5219
vn 0.6843 -0.5001 -0.5307
vn 0.7224 -0.6859 -0.0878
vn 0.5793 -0.7873 0.2110
vn 0.5793 -0.7874 0.2110
vn 0.5953 -0.5682 0.5682
vn 0.4778 -0.2274 0.8485
vn 0.5182 0.2214 0.8261
vn 0.7126 0.4961 0.4961
vn 0.7244 0.5816 0.3702
vn 0.9015 0.3927 -0.1820
vn 0.8610 0.1765 -0.4770
vn 0.4580 0.2301 -0.8586
vn 0.8316 -0.1323 -0.5394
vn 0.9254 -0.2680 -0.2680
vn 0.9690 -0.1687 -0.1805
vn 0.8302 -0.5385 0.1443
vn 0.8390 -0.4671 0.2792
vn 0.8302 -0.1443 0.5385
vn 0.7802 0.3677 0.5060
vn 0.6477 0.3541 0.6747
vn 0.6821 0.7063 0.1893
vn 0.8323 0.4153 -0.3671
vn 0.9029 0.2988 -0.3090
vn 0.8302 0.1443 -0.5385
vn 0.6371 0.1885 -0.7474
vn 0.8738 -0.3439 -0.3439
vn 0.8806 -0.4578 -0.1227
vn 0.9424 -0.3230 0.0865
vn 0.6143 -0.0278 0.7886
vn 0.9760 -0.0564 0.2106
vn 0.9005 0.1126 0.4201
vn 0.9039 0.2489 0.3479
vn 0.9756 0.2119 0.0568
vn 0.8867 0.4408 -0.1396
vn 0.8775 0.3391 -0.3391
vn 0.8782 0.1238 -0.4621
vn 0.6374 0.1994 -0.7443
vn 0.0247 -0.9348 -0.3542
vn 0.0176 -0.9499 0.3120
vn -0.7668 0.6219 0.1589
vn 0.0026 -0.6988 -0.7153
vn -0.6394 0.7568 0.1357
vn -0.0455 -0.3793 -0.9242
vn -0.9616 -0.2310 -0.1484
vn 0.0666 0.5553 -0.8290
vn -0.9132 -0.3454 -0.2163
vn 0.0217 0.7448 -0.6669
vn -0.9918 -0.1198 0.0446
vn 0.0191 0.9917 -0.1269
vn -0.9916 -0.1244 0.0363
vn 0.0025 0.9557 0.2942
vn -0.8096 0.0129 0.5869
vn -0.9451 -0.0059 -0.3268
vn 0.0169 0.4340 0.9008
vn 0.0455 0.7841 0.6190
vn -0.9737 -0.1565 0.1655
vn 0.0769 -0.4941 0.8660
vn -0.0209 -0.7046 0.7093
vn 0.6096 -0.2587 0.7493
vn 0.6289 -0.7390 0.2417
vn 0.5881 -0.6393 0.4954
vn 0.5892 -0.5483 -0.5934
vn 0.6596 -0.7402 -0.1304
vn 0.6061 -0.0366 -0.7945
vn 0.5889 0.1359 -0.7967
vn 0.7320 0.1390 0.6670
vn 0.5967 0.5654 0.5694
vn 0.6815 0.3004 0.6673
vn 0.6126 0.6076 0.5056
vn 0.8702 0.2349 0.4332
vn 0.8677 0.3976 0.2983
vn 0.4612 -0.6842 0.5650
vn 0.8153 -0.4688 0.3399
vn 0.9295 0.2909 0.2267
vn 0.9595 -0.2659 0.0935
vn 0.5804 -0.7765 -0.2454
vn 0.8348 -0.5414 -0.0998
vn 0.9103 -0.3384 -0.2385
vn 0.5469 -0.1217 -0.8283
vn 0.9023 0.0751 -0.4244
vn 0.4078 0.7378 -0.5379
vn 0.8353 0.3516 -0.4226
vn 0.8603 -0.1054 -0.4988
vn 0.8825 0.3423 -0.3226
vn 0.5061 0.2396 -0.8285
vn 0.3166 0.8318 0.4559
vn 0.5946 0.7259 0.3455
vn 0.2178 0.4668 -0.8571
vn 0.7987 0.5029 0.3303
vn 0.2726 0.9316 -0.2406
vn 0.6029 0.7977 -0.0102
vn 0.9250 0.3497 -0.1485
vn 0.9309 0.0231 0.3644
vn 0.9301 0.2020 -0.3068
vn 0.9941 0.1051 0.0281
vn 0.7841 -0.5564 -0.2749
vn 0.8167 -0.5574 -0.1494
vn 0.5947 -0.6571 -0.4632
vn 0.7622 0.5241 0.3800
vn 0.9537 -0.0779 0.2907
vn 0.9571 0.0750 0.2798
vn 0.8984 0.4242 0.1137
vn 0.7870 0.4362 -0.4362
vn 0.5431 -0.7397 -0.3973
vn 0.9630 -0.0677 -0.2608
vn -0.0071 -0.2588 -0.9659
vn -0.0174 -0.7070 -0.7070
vn -0.0061 -0.9659 -0.2588
vn -0.0127 -0.9658 0.2588
vn -0.0000 -0.7071 0.7071
vn -0.0000 -0.2588 0.9659
vn 0.0226 0.2588 0.9657
vn -0.0000 0.7071 0.7071
vn -0.0000 0.9659 0.2588
vn -0.0000 0.9659 -0.2588
vn -0.0000 0.7071 -0.7071
vn -0.0057 0.2588 -0.9659
vn -0.9996 -0.0135 -0.0233
vn 1.0000 -0.0000 -0.0000
vn -0.9462 0.1617 0.2802
vn -0.9519 0.3056 0.0208
vn -0.7521 0.5894 -0.2949
vn -0.9994 -0.0092 -0.0343
vn -0.9563 -0.2533 -0.1462
vn -0.9248 -0.3295 -0.1902
vn -0.9558 0.2839 -0.0761
vn -0.9479 -0.2926 -0.1263
vn -0.9719 0.1665 0.1665
vn -0.9645 -0.0444 0.2604
vn -0.7238 0.0104 -0.6900
vn -0.0000 -0.9659 0.2588
vn -0.0000 -0.9659 -0.2588
vn -0.0075 -0.7071 -0.7071
vn -0.0035 -0.2588 -0.9659
vn 0.0012 0.2585 -0.9660
vn 0.0006 0.2584 -0.9660
vn 0.0013 0.2581 -0.9661
vn 0.3857 0.8912 -0.2388
vn 0.5652 0.7968 0.2135
vn 0.4325 0.6376 0.6376
vn 0.1441 0.2561 0.9558
vn 0.0836 -0.2579 0.9625
vn -0.9266 -0.3207 -0.1962
vn -0.9468 0.2998 -0.1172
vn -0.9128 0.3155 0.2594
vn -0.7919 -0.0691 -0.6067
vn -0.9848 -0.0771 -0.1556
vn -0.8015 0.2902 -0.5228
vn 0.0172 0.3714 -0.9283
vn -0.9848 -0.0772 -0.1556
vn -0.0256 -0.7336 -0.6791
vn -0.0160 -0.9504 -0.3107
vn -0.9387 -0.3009 -0.1684
vn 0.0101 -0.9885 0.1511
vn -0.0039 -0.7216 0.6923
vn -0.9044 -0.3607 0.2280
vn 0.0136 -0.3286 0.9444
vn 0.0261 0.2777 0.9603
vn -0.9578 -0.0262 0.2862
vn -0.8968 -0.2707 0.3499
vn -0.8910 -0.4530 -0.0308
vn 0.8177 -0.4815 -0.3154
vn 0.7111 -0.6794 0.1810
vn 0.0028 0.9621 0.2725
vn 0.0050 0.9586 -0.2847
vn 0.1201 -0.6537 0.7472
vn 0.1331 0.2582 0.9569
vn -0.0056 -0.2670 -0.9637
vn -0.0054 0.6866 -0.7271
vn 0.0192 0.7722 0.6351
vn 0.4692 0.8480 0.2466
vn 0.2564 0.7759 -0.5763
vn -0.2464 -0.4211 0.8729
vn -0.9837 0.0465 0.1735
vn -0.9837 0.1270 0.1270
vn -0.9837 0.1735 0.0465
vn -0.9837 0.1735 -0.0465
vn -0.9837 0.1270 -0.1270
vn -0.9837 0.0465 -0.1735
vn -0.9837 -0.0465 -0.1735
vn -0.9837 -0.1270 -0.1270
vn -0.9837 -0.1735 -0.0465
vn -0.9837 -0.1735 0.0465
vn -0.9837 -0.1270 0.1270
vn -0.9837 -0.0465 0.1735
vn -0.8584 0.1328 0.4956
vn -0.8584 0.3628 0.3628
vn -0.8584 0.4956 0.1328
vn -0.8584 0.4956 -0.1328
vn -0.8584 0.3628 -0.3628
vn -0.8584 0.1328 -0.4956
vn -0.8584 -0.1328 -0.4956
vn -0.8584 -0.3628 -0.3628
vn -0.8584 -0.4956 -0.1328
vn -0.8584 -0.4956 0.1328
vn -0.8584 -0.3628 0.3628
vn -0.8584 -0.1328 0.4956
vn -0.6297 0.2011 0.7504
vn -0.6297 0.5493 0.5493
vn -0.6297 0.7504 0.2011
vn -0.6297 0.7504 -0.2011
vn -0.6297 0.5493 -0.5493
vn -0.6297 0.2011 -0.7504
vn -0.6297 -0.2011 -0.7504
vn -0.6297 -0.5493 -0.5493
vn -0.6297 -0.7504 -0.2011
vn -0.6297 -0.7504 0.2011
vn -0.6297 -0.5493 0.5493
vn -0.6297 -0.2011 0.7504
vn -0.3317 0.2442 0.9113
vn -0.3317 0.6671 0.6671
vn -0.3317 0.9113 0.2442
vn -0.3317 0.9113 -0.2442
vn -0.3317 0.6671 -0.6671
vn -0.3317 0.2442 -0.9113
vn -0.3317 -0.2442 -0.9113
vn -0.3317 -0.6671 -0.6671
vn -0.3317 -0.9113 -0.2442
vn -0.3317 -0.9113 0.2442
vn -0.3317 -0.6671 0.6671
vn -0.3317 -0.2442 0.9113
vn -0.0000 0.2588 0.9659
vn -0.0000 0.2588 -0.9659
vn -0.0000 -0.2588 -0.9659
vn -0.0000 -0.7071 -0.7071
vn 0.3317 0.2442 0.9113
vn 0.3317 0.6671 0.6671
vn 0.3317 0.9113 0.2442
vn 0.3317 0.9113 -0.2442
vn 0.3317 0.6671 -0.6671
vn 0.3317 0.2442 -0.9113
vn 0.3317 -0.2442 -0.9113
vn 0.3317 -0.6671 -0.6671
vn 0.3317 -0.9113 -0.2442
vn 0.3317 -0.9113 0.2442
vn 0.3317 -0.6671 0.6671
vn 0.3317 -0.2442 0.9113
vn 0.6297 0.2011 0.7504
vn 0.6297 0.5493 0.5493
vn 0.6297 0.7504 0.2011
vn 0.6297 0.7504 -0.2011
vn 0.6297 0.5493 -0.5493
vn 0.6297 0.2011 -0.7504
vn 0.6297 -0.2011 -0.7504
vn 0.6297 -0.5493 -0.5493
vn 0.6297 -0.7504 -0.2011
vn 0.6297 -0.7504 0.2011
vn 0.6297 -0.5493 0.5493
vn 0.6297 -0.2011 0.7504
vn 0.8584 0.1328 0.4956
vn 0.8584 0.3628 0.3628
vn 0.8584 0.4956 0.1328
vn 0.8584 0.4956 -0.1328
vn 0.8584 0.3628 -0.3628
vn 0.8584 0.1328 -0.4956
vn 0.8584 -0.1328 -0.4956
vn 0.8584 -0.3628 -0.3628
vn 0.8584 -0.4956 -0.1328
vn 0.8584 -0.4956 0.1328
vn 0.8584 -0.3628 0.3628
vn 0.8584 -0.1328 0.4956
vn 0.9837 0.0465 0.1735
vn 0.9837 0.1270 0.1270
vn 0.9837 0.1735 0.0465
vn 0.9837 0.1735 -0.0465
vn 0.9837 0.1270 -0.1270
vn 0.9837 0.0465 -0.1735
vn 0.9837 -0.0465 -0.1735
vn 0.9837 -0.1270 -0.1270
vn 0.9837 -0.1735 -0.0465
vn 0.9837 -0.1735 0.0465
vn 0.9837 -0.1270 0.1270
vn 0.9837 -0.0465 0.1735
vn -0.9824 -0.1439 -0.1191
vn -0.9691 0.1900 0.1572
vn -0.9363 -0.3457 0.0622
vn -0.8656 -0.4363 -0.2458
vn -0.9492 -0.0525 -0.3101
vn -0.9436 -0.1773 0.2796
vn -0.9041 0.3333 0.2673
vn -0.9239 0.0758 -0.3750
vn -0.5983 0.7607 0.2517
vn -0.9839 0.0795 0.1601
vn -0.5960 -0.0817 0.7988
vn -0.9208 0.2088 -0.3294
vn -0.9851 -0.1488 -0.0867
vn -0.8214 -0.5688 -0.0413
vn -0.5399 0.7991 0.2645
vn -0.8981 -0.3234 -0.2982
vn -0.9893 0.1032 -0.1032
vn -0.9815 -0.0379 0.1874
vn -0.9919 0.1203 -0.0410
vn 0.7972 0.5392 0.2716
vn 0.0462 -0.0895 0.9949
vn -0.9914 0.0880 -0.0970
vn -0.0247 0.0758 -0.9968
vn 0.9722 0.2261 0.0604
vn -0.8937 -0.4440 0.0643
vn -0.9588 -0.2429 -0.1473
vn 0.8974 0.4256 -0.1168
vn 0.9615 0.2212 0.1633
vn -0.8529 -0.4733 0.2206
vn -0.9916 0.0006 -0.1292
vn 0.8511 0.4460 -0.2769
vn 0.9890 -0.0360 0.1435
vn -0.8624 -0.4740 0.1776
vn -0.9843 -0.0695 -0.1620
vn 0.8554 0.4735 -0.2100
vn 0.9799 0.0812 0.1823
vn 0.9134 0.3901 0.1164
vn 0.8556 0.4796 0.1946
vn 0.2722 -0.3152 0.9092
vn -0.9835 0.0861 0.1592
vn -0.2522 0.3028 -0.9191
vn 0.9667 0.2275 -0.1174
vn -0.8686 -0.4665 0.1670
vn -0.9743 -0.2235 0.0283
vn 0.8594 0.4607 -0.2217
vn 0.9799 0.1988 -0.0188
vn -0.7937 -0.5300 0.2986
vn -0.9940 0.0085 0.1088
vn 0.7780 0.5165 -0.3577
vn 0.9936 -0.0462 -0.1028
vn -0.9968 -0.0520 0.0601
vn 0.9976 0.0586 -0.0372
vn 0.2304 0.7365 0.6360
vn -0.2696 -0.3418 0.9003
vn -0.7750 -0.3445 -0.5297
vn 0.2941 0.3405 -0.8931
vn 0.6063 0.6118 0.5080
vn -0.4743 -0.7964 -0.3751
vn -0.5563 -0.5949 -0.5802
vn 0.5055 0.7977 0.3289
vn 0.5642 0.5731 0.5943
vn -0.4827 -0.8478 -0.2194
vn -0.7174 -0.4092 -0.5638
vn 0.5158 0.8403 0.1668
vn 0.7291 0.3740 0.5732
vn -0.4744 -0.8404 -0.2619
vn -0.6629 -0.4556 -0.5941
vn 0.4808 0.8461 0.2299
vn 0.6461 0.4577 0.6109
vn 0.3834 0.4974 0.7782
vn -0.0404 -0.6439 0.7640
vn -0.8833 -0.2092 -0.4196
vn 0.0658 0.6423 -0.7636
vn 0.7155 0.4538 0.5311
vn -0.5556 -0.6608 -0.5046
vn -0.6848 -0.4096 -0.6027
vn 0.5744 0.6800 0.4557
vn 0.6959 0.3851 0.6061
vn -0.5255 -0.7618 -0.3787
vn -0.8361 -0.2538 -0.4863
vn 0.5445 0.7751 0.3205
vn 0.8496 0.2187 0.4800
vn -0.5279 -0.7400 -0.4168
vn -0.7910 -0.2829 -0.5425
vn 0.7788 0.2779 0.5624
vn 0.1261 -0.9898 0.0660
vn 0.9902 0.1216 -0.0690
vn 0.3908 -0.7580 0.5222
vn -0.7620 0.2239 0.6076
vn -0.3816 0.7475 -0.5436
vn 0.8869 0.0278 -0.4611
vn -0.8833 -0.2772 0.3780
vn -0.9196 0.0192 0.3924
vn 0.8560 0.3001 -0.4209
vn 0.9174 -0.0461 -0.3953
vn -0.8034 -0.4104 0.4314
vn -0.8180 0.1838 0.5450
vn 0.7660 0.4302 -0.4776
vn 0.8044 -0.2187 -0.5524
vn -0.8284 -0.3803 0.4113
vn -0.8600 0.1557 0.4859
vn 0.8097 0.4030 -0.4266
vn 0.8705 -0.1610 -0.4652
vn 0.8914 0.3573 -0.2789
vn 0.6624 -0.4781 0.5767
vn -0.7110 0.1561 0.6857
vn -0.6533 0.4655 -0.5970
vn 0.7723 0.1473 -0.6180
vn -0.7047 -0.3995 0.5864
vn -0.8260 -0.1287 0.5488
vn 0.6666 0.4032 -0.6270
vn 0.8315 0.1024 -0.5459
vn -0.5825 -0.4898 0.6487
vn -0.7599 0.0887 0.6440
vn 0.5354 0.4872 -0.6899
vn 0.7565 -0.1267 -0.6416
vn -0.6177 -0.4731 0.6282
vn -0.7987 0.0371 0.6006
vn 0.5913 0.4858 -0.6438
vn 0.8127 -0.0343 -0.5816
vn 0.8148 -0.2166 0.5377
vn -0.3449 -0.2389 0.9077
vn -0.6110 0.7671 -0.1957
vn 0.3520 0.2146 -0.9111
vn 0.8081 -0.5279 0.2615
vn -0.9309 0.3022 -0.2055
vn -0.7812 0.5193 -0.3464
vn 0.9387 -0.3100 0.1508
vn 0.7642 -0.5387 0.3546
vn -0.9710 0.2305 -0.0633
vn -0.6561 0.7106 -0.2543
vn 0.9707 -0.2402 0.0014
vn 0.6273 -0.7356 0.2558
vn -0.9644 0.2428 -0.1050
vn -0.6847 0.6610 -0.3070
vn 0.6824 -0.6526 0.3292
vn 0.6578 -0.5647 0.4985
vn 0.6844 -0.4560 0.5689
vn -0.4680 -0.1944 0.8621
vn -0.3740 0.9114 -0.1717
vn 0.4688 0.1693 -0.8669
vn 0.6201 -0.7371 0.2687
vn -0.8012 0.5487 -0.2388
vn -0.5895 0.7269 -0.3522
vn 0.8111 -0.5550 0.1843
vn 0.5674 -0.7416 0.3578
vn -0.8700 0.4817 -0.1057
vn -0.4271 0.8725 -0.2374
vn 0.8722 -0.4872 0.0433
vn 0.3928 -0.8891 0.2351
vn -0.4632 0.8355 -0.2956
vn 0.4614 -0.8282 0.3182
vn 0.2793 0.4649 0.8401
vn -0.5143 -0.4517 0.7290
vn -0.7193 0.0316 -0.6939
vn 0.5359 0.4417 -0.7196
vn 0.6298 0.2704 0.7282
vn -0.5761 -0.5114 -0.6377
vn -0.5642 -0.2521 -0.7862
vn 0.6149 0.5144 0.5978
vn 0.5636 0.2263 0.7944
vn -0.6268 -0.5935 -0.5049
vn -0.6741 -0.0369 -0.7377
vn 0.6665 0.5893 0.4566
vn 0.6747 -0.0012 0.7381
vn -0.6281 -0.0887 -0.7730
vn 0.6094 0.0915 0.7875
vn 0.6838 -0.2667 -0.6792
vn -0.0234 0.7244 -0.6890
vn -0.9821 -0.0745 0.1730
vn 0.0468 -0.7166 0.6959
vn 0.9199 -0.1831 -0.3467
vn -0.8207 0.4240 0.3830
vn -0.8971 0.1372 0.4201
vn 0.8313 -0.4453 -0.3326
vn 0.9016 -0.1106 -0.4183
vn -0.7890 0.5472 0.2793
vn -0.9668 -0.0306 0.2537
vn 0.7959 -0.5642 -0.2194
vn 0.9682 0.0666 -0.2410
vn -0.7947 0.5199 0.3132
vn -0.9466 -0.0005 0.3225
vn 0.9388 0.0055 -0.3444
vn 0.8166 0.4726 -0.3314
vn -0.3412 0.6877 -0.6408
vn -0.6077 -0.7536 -0.2508
vn 0.3481 -0.6690 0.6567
vn 0.8065 0.5873 0.0686
vn -0.9302 -0.3669 0.0042
vn -0.7802 -0.6255 0.0079
vn 0.9377 0.3443 0.0463
vn 0.7631 0.6463 -0.0046
vn -0.9700 -0.2303 -0.0778
vn -0.6534 -0.7374 -0.1714
vn 0.9693 0.2053 0.1352
vn 0.6244 0.7593 0.1833
vn -0.9635 -0.2630 -0.0491
vn -0.6826 -0.7238 -0.1006
vn 0.6805 0.7286 0.0774
vn 0.7598 0.0937 -0.6434
vn -0.3635 0.5508 -0.7513
vn -0.8011 -0.5751 0.1658
vn 0.3788 -0.5314 0.7578
vn 0.8954 0.3130 -0.3166
vn -0.9415 -0.0545 0.3325
vn -0.8561 -0.3344 0.3941
vn 0.9588 0.0457 -0.2803
vn 0.8456 0.3594 -0.3946
vn -0.9740 0.0592 0.2186
vn -0.8162 -0.5245 0.2424
vn 0.9853 -0.0657 -0.1574
vn 0.7975 0.5565 -0.2330
vn -0.9663 0.0354 0.2548
vn -0.8191 -0.4836 0.3085
vn 0.8112 0.4821 -0.3309
vn 0.9105 0.4100 0.0543
vn -0.1615 0.9866 0.0245
vn -0.6924 -0.2488 -0.6772
vn 0.1698 -0.9855 -0.0003
vn 0.8792 0.2193 0.4230
vn -0.9727 -0.0907 -0.2135
vn -0.8670 -0.3035 -0.3951
vn 0.9714 0.0389 0.2341
vn 0.8533 0.3190 0.4125
vn -0.9818 0.0691 -0.1769
vn -0.7426 -0.2832 -0.6068
vn 0.9714 -0.1259 0.2013
vn 0.7165 0.2959 0.6317
vn -0.9835 0.0252 -0.1791
vn -0.7762 -0.3167 -0.5452
vn 0.7772 0.3363 0.5318
vn 0.9879 0.1175 -0.1016
vn 0.1201 0.9535 -0.2763
vn -0.8095 -0.2140 -0.5468
vn -0.1091 -0.9481 0.2987
vn 0.9494 0.0587 0.3086
vn -0.9784 0.1462 -0.1464
vn -0.9576 -0.1310 -0.2565
vn 0.9653 -0.1872 0.1820
vn 0.9508 0.1543 0.2687
vn -0.9387 0.3049 -0.1606
vn -0.8585 -0.2102 -0.4677
vn 0.9161 -0.3466 0.2016
vn 0.8400 0.2366 0.4882
vn -0.8924 -0.2130 -0.3978
vn 0.9423 -0.2951 0.1578
vn 0.8972 0.2268 0.3790
vn 0.8982 -0.3313 -0.2889
vn -0.0397 -0.0174 -0.9991
vn -0.9201 -0.3409 0.1928
vn 0.0566 0.0365 0.9977
vn 0.9914 0.0397 -0.1249
vn -0.9842 0.1752 -0.0264
vn -0.9780 -0.0100 0.2082
vn 0.9856 -0.1505 0.0764
vn 0.9736 0.0296 -0.2264
vn -0.9624 0.1961 -0.1878
vn -0.9428 -0.2537 0.2163
vn 0.9565 -0.1640 0.2413
vn 0.9296 0.2851 -0.2337
vn -0.9692 0.1993 -0.1445
vn -0.9534 -0.1810 0.2416
vn 0.9511 0.1662 -0.2602
vn 0.4720 -0.1169 0.8738
vn 0.2351 -0.9712 0.0392
vn -0.9137 -0.0826 -0.3978
vn -0.2103 0.9768 -0.0413
vn 0.7410 0.1188 0.6609
vn -0.5496 -0.2297 -0.8032
vn -0.7347 -0.0311 -0.6777
vn 0.5536 0.2818 0.7837
vn 0.7498 0.0156 0.6614
vn -0.4764 -0.3764 -0.7946
vn -0.8770 -0.0521 -0.4777
vn 0.4792 0.4312 0.7644
vn 0.8938 0.0371 0.4468
vn -0.4908 -0.3359 -0.8039
vn -0.8421 -0.0193 -0.5390
vn 0.4800 0.3665 0.7970
vn 0.8358 -0.0013 0.5491
vn 0.7191 -0.6664 0.1971
vn 0.0731 -0.5546 -0.8289
vn -0.9954 0.0900 0.0332
vn -0.0499 0.5643 0.8241
vn 0.9325 -0.3091 0.1868
vn -0.8228 0.3929 -0.4107
vn -0.9182 0.3749 -0.1279
vn 0.8281 -0.3462 0.4408
vn 0.9241 -0.3683 0.1023
vn -0.7759 0.3142 -0.5470
vn -0.9840 0.1778 0.0046
vn 0.7771 -0.2578 0.5742
vn 0.9865 -0.1591 -0.0377
vn -0.7859 0.3425 -0.5148
vn -0.9677 0.2520 -0.0122
vn 0.7785 -0.3212 0.5392
vn 0.9619 -0.2733 0.0031
vn 0.3458 0.4129 0.8426
vn -0.4646 -0.5215 -0.7157
vn -0.0781 -0.7184 0.6913
vn -0.8621 -0.1599 -0.4808
vn 0.1035 0.7165 -0.6898
vn 0.6895 0.3927 0.6086
vn -0.5312 -0.6024 -0.5958
vn -0.6553 -0.3417 -0.6737
vn 0.5524 0.6263 0.5501
vn 0.6661 0.3169 0.6752
vn -0.5074 -0.7159 -0.4796
vn -0.8119 -0.1977 -0.5494
vn 0.5292 0.7349 0.4240
vn 0.8256 0.1632 0.5401
vn -0.5080 -0.6903 -0.5153
vn -0.7641 -0.2211 -0.6061
vn 0.5077 0.7097 0.4885
vn 0.7509 0.2141 0.6247
vn 0.9007 -0.3232 -0.2902
vn 0.0397 0.1907 -0.9808
vn -0.9485 -0.3120 0.0541
vn -0.0218 -0.1729 0.9847
vn 0.9989 -0.0007 -0.0461
vn -0.9689 0.2412 -0.0559
vn -0.9908 0.0117 0.1345
vn 0.9676 -0.2274 0.1099
vn 0.9889 0.0115 -0.1485
vn -0.9332 0.2933 -0.2075
vn -0.9686 -0.2303 0.0938
vn 0.9246 -0.2726 0.2660
vn 0.9584 0.2653 -0.1050
vn -0.9433 0.2879 -0.1650
vn -0.9775 -0.1637 0.1329
vn 0.9359 -0.2920 0.1971
vn 0.9761 0.1533 -0.1543
vn 0.5851 -0.8072 0.0784
vn -0.0139 -0.4188 -0.9080
vn -0.9636 0.2603 0.0601
vn 0.0385 0.4248 0.9044
vn 0.8590 -0.4970 0.1227
vn -0.7325 0.5945 -0.3317
vn -0.8342 0.5489 -0.0542
vn 0.7456 -0.5550 0.3688
vn 0.8415 -0.5394 0.0299
vn -0.6983 0.5315 -0.4794
vn -0.9363 0.3482 0.0458
vn 0.7091 -0.4813 0.5153
vn 0.9427 -0.3251 -0.0756
vn -0.9067 0.4199 0.0409
vn 0.8974 -0.4380 -0.0533
vn 0.3805 -0.8928 0.2410
vn -0.0015 -0.5209 -0.8536
vn -0.8833 0.4577 -0.1018
vn 0.0270 0.5212 0.8530
vn 0.7090 -0.6422 0.2914
vn -0.5411 0.6839 -0.4894
vn -0.6813 0.6963 -0.2256
vn 0.5582 -0.6435 0.5238
vn 0.6933 -0.6918 0.2018
vn -0.5048 0.5967 -0.6238
vn -0.8359 0.5354 -0.1210
vn 0.5221 -0.5456 0.6555
vn 0.8505 -0.5182 0.0902
vn -0.5088 0.6259 -0.5911
vn -0.7908 0.5983 -0.1289
vn 0.5059 -0.6040 0.6158
vn 0.7792 -0.6156 0.1173
vn -0.0170 -0.8795 0.4756
vn -0.2395 -0.6697 -0.7029
vn -0.6170 0.7364 -0.2777
vn 0.2629 0.6595 0.7043
vn 0.3870 -0.7804 0.4912
vn -0.2222 0.6993 -0.6794
vn -0.3377 0.8330 -0.4382
vn 0.2554 -0.6622 0.7044
vn 0.3499 -0.8399 0.4149
vn -0.2288 0.5745 -0.7859
vn -0.5421 0.7806 -0.3110
vn 0.2666 -0.5287 0.8058
vn 0.5618 -0.7791 0.2783
vn -0.4753 0.8156 -0.3300
vn 0.2266 -0.5834 0.7800
vn 0.4573 -0.8290 0.3220
vn 0.1605 -0.8398 0.5187
vn -0.3080 -0.7379 -0.6005
vn -0.7267 0.6605 -0.1888
vn 0.3320 0.7297 0.5977
vn 0.5483 -0.7071 0.4465
vn -0.4167 0.6259 -0.6592
vn -0.4949 0.7674 -0.4077
vn 0.4506 -0.5844 0.6749
vn 0.5029 -0.7749 0.3829
vn -0.4322 0.4933 -0.7549
vn -0.6644 0.7081 -0.2390
vn 0.4687 -0.4432 0.7641
vn 0.6770 -0.7074 0.2030
vn -0.4217 0.5311 -0.7349
vn -0.6063 0.7469 -0.2731
vn 0.5884 -0.7623 0.2697
vn 0.3355 -0.8718 0.3569
vn -0.1952 -0.6665 -0.7195
vn -0.8434 0.5343 -0.0574
vn 0.2202 0.6636 0.7149
vn 0.6887 -0.6579 0.3048
vn -0.5545 0.6413 -0.5303
vn -0.6455 0.7195 -0.2564
vn 0.5809 -0.5976 0.5527
vn 0.6535 -0.7209 0.2306
vn -0.5499 0.5269 -0.6480
vn -0.7933 0.6008 -0.0990
vn 0.5770 -0.4733 0.6657
vn 0.8038 -0.5915 0.0635
vn -0.7448 0.6552 -0.1263
vn 0.5490 -0.5356 0.6417
vn 0.7300 -0.6728 0.1204
vn 0.4059 -0.8563 0.3195
vn 0.2826 -0.8931 0.3500
vn -0.2103 -0.6444 -0.7352
vn -0.8140 0.5769 -0.0685
vn 0.2352 0.6404 0.7311
vn 0.6473 -0.6964 0.3100
vn -0.5085 0.6766 -0.5325
vn -0.6022 0.7550 -0.2596
vn 0.5364 -0.6346 0.5563
vn 0.6108 -0.7564 0.2339
vn -0.5067 0.5640 -0.6520
vn -0.7596 0.6414 -0.1078
vn 0.5359 -0.5121 0.6712
vn 0.7715 -0.6321 0.0727
vn -0.7079 0.6937 -0.1330
vn 0.5055 -0.5726 0.6455
vn 0.6923 -0.7105 0.1264
vn 0.4610 0.1294 -0.8779
vn -0.8352 -0.0125 -0.5498
vn 0.1386 0.7646 0.6294
vn 0.8243 -0.3913 0.4091
vn -0.2325 -0.7206 -0.6532
vn -0.8670 0.3077 -0.3919
vn 0.1156 0.9555 0.2713
vn 0.7970 -0.3539 0.4894
vn -0.1111 -0.9572 -0.2671
vn -0.8117 0.3625 -0.4579
vn 0.1291 0.9202 0.3695
vn 0.8809 -0.3189 0.3498
vn -0.1262 -0.9209 -0.3688
vn -0.8947 0.3180 -0.3137
vn 0.1558 0.8402 0.5194
vn 0.9430 -0.2760 0.1857
vn -0.1579 -0.8400 -0.5192
vn -0.9562 0.2454 -0.1592
vn 0.1750 0.7898 0.5878
vn 0.9749 -0.2173 0.0496
vn -0.1787 -0.7892 -0.5876
vn -0.9805 0.1938 -0.0327
vn 0.2049 0.7083 0.6755
vn 0.9359 -0.3066 0.1734
vn -0.2148 -0.7082 -0.6725
vn -0.9515 0.2719 -0.1438
vn 0.2380 0.6375 0.7327
vn 0.9423 -0.3050 0.1381
vn -0.2629 -0.6474 -0.7154
vn -0.9667 0.2454 -0.0722
vn 0.2715 0.6279 0.7294
vn 0.9626 -0.0319 -0.2690
vn -0.2857 -0.6407 -0.7126
vn -0.9564 0.0044 0.2921
vn 0.3477 0.5988 0.7215
vn 0.7713 0.2535 -0.5839
vn -0.2959 -0.6221 -0.7248
vn -0.7822 -0.2411 0.5745
vn 0.3310 0.6348 0.6982
vn 0.4029 0.5088 -0.7608
vn -0.3236 -0.6323 -0.7038
vn -0.4380 -0.4799 0.7602
vn 0.3130 0.8843 0.3466
vn 0.6374 -0.4776 0.6046
vn -0.3119 -0.8852 -0.3451
vn -0.6615 0.4984 -0.5604
vn 0.3110 0.8740 0.3734
vn 0.8150 -0.4580 0.3549
vn -0.3099 -0.8747 -0.3727
vn -0.8239 0.4640 -0.3254
vn 0.3086 0.8459 0.4351
vn 0.8848 -0.4218 0.1981
vn -0.3083 -0.8459 -0.4351
vn -0.8906 0.4213 -0.1712
vn 0.3082 0.8533 0.4205
vn 0.9421 -0.3346 -0.0236
vn -0.3058 -0.8541 -0.4208
vn -0.9418 0.3342 0.0371
vn 0.3079 0.8301 0.4649
vn 0.9508 -0.2505 -0.1824
vn -0.3074 -0.8307 -0.4641
vn -0.9507 0.2505 0.1827
vn 0.3076 0.8115 0.4968
vn 0.9362 -0.1618 -0.3119
vn -0.3089 -0.8114 -0.4962
vn -0.9393 0.1645 0.3010
vn 0.3050 0.7912 0.5300
vn 0.9307 -0.1332 -0.3408
vn -0.3101 -0.7891 -0.5303
vn -0.9346 0.1381 0.3279
vn 0.1299 0.9428 0.3070
vn 0.7528 -0.4498 0.4806
vn -0.1208 -0.9468 -0.2984
vn -0.7721 0.4585 -0.4401
vn 0.1360 0.9066 0.3996
vn 0.8679 -0.3873 0.3111
vn -0.1280 -0.9095 -0.3955
vn -0.8818 0.3870 -0.2695
vn 0.1360 0.8881 0.4390
vn 0.9666 -0.2483 0.0631
vn -0.1259 -0.8887 -0.4410
vn -0.9709 0.2380 -0.0282
vn 0.1402 0.8536 0.5016
vn 0.9771 -0.0460 -0.2079
vn -0.1305 -0.8527 -0.5059
vn -0.9756 0.0437 0.2151
vn 0.1456 0.8120 0.5653
vn 0.8917 0.1628 -0.4223
vn -0.1477 -0.8141 -0.5617
vn -0.8979 -0.1602 0.4101
vn 0.1604 0.7607 0.6289
vn 0.7849 0.3118 -0.5355
vn -0.1668 -0.7610 -0.6270
vn -0.8083 -0.2978 0.5078
vn 0.2259 0.6111 0.7586
vn 0.4751 0.5924 -0.6507
vn -0.2216 -0.6094 -0.7613
vn -0.5379 -0.5311 0.6547
vn 0.2584 0.5291 0.8082
vn 0.8382 -0.3331 0.4318
vn -0.2798 -0.5072 -0.8152
vn -0.8637 0.2863 -0.4148
vn 0.2624 0.5543 0.7899
vn 0.9325 -0.2653 0.2449
vn -0.2786 -0.5429 -0.7923
vn -0.9510 0.2220 -0.2151
vn 0.2884 0.5182 0.8052
vn 0.9684 -0.2201 0.1175
vn -0.3049 -0.5075 -0.8059
vn -0.9791 0.1796 -0.0950
vn 0.2797 0.5662 0.7754
vn 0.9833 -0.0516 -0.1745
vn -0.2955 -0.5612 -0.7731
vn -0.9821 0.0213 0.1873
vn 0.2796 0.5929 0.7552
vn 0.9098 0.1177 -0.3981
vn -0.2905 -0.5940 -0.7501
vn -0.9066 -0.1275 0.4022
vn 0.2744 0.6206 0.7345
vn 0.6527 0.3879 -0.6508
vn -0.2802 -0.6119 -0.7396
vn -0.6590 -0.3722 0.6536
vn 0.2955 0.5789 0.7600
vn 0.1985 0.6271 -0.7532
vn -0.3041 -0.5679 -0.7649
vn -0.2081 -0.6009 0.7718
vn 0.4184 0.3253 0.8480
vn -0.1402 0.7035 -0.6968
vn -0.4132 -0.3011 -0.8594
vn 0.0939 -0.6835 0.7239
vn -0.2922 -0.1271 -0.9479
vn 0.5305 0.5971 -0.6017
vn 0.2718 0.1657 0.9480
vn -0.5379 -0.6183 0.5731
vn -0.2459 -0.3489 -0.9043
vn 0.9040 0.1926 -0.3818
vn 0.2358 0.3682 0.8994
vn -0.9048 -0.1981 0.3770
vn -0.2195 -0.4099 -0.8853
vn 0.9656 0.0320 -0.2581
vn 0.2252 0.4319 0.8734
vn -0.9655 -0.0319 0.2583
vn -0.1933 -0.5108 -0.8377
vn 0.9865 -0.1195 -0.1116
vn 0.2009 0.5288 0.8247
vn -0.9852 0.1236 0.1191
vn -0.1630 -0.6972 -0.6981
vn 0.8574 -0.4340 0.2765
vn 0.1643 0.6994 0.6956
vn -0.8586 0.4468 -0.2515
vn -0.1125 -0.9617 -0.2500
vn 0.5466 -0.6224 0.5602
vn 0.1040 0.9508 0.2919
vn -0.5555 0.5973 -0.5785
vn 0.1572 -0.6521 0.7417
vn -0.6568 -0.7436 -0.1253
vn -0.4159 -0.0798 0.9059
vn 0.7028 0.6956 0.1493
vn 0.4015 0.0143 -0.9157
vn -0.2432 -0.4974 -0.8327
vn 0.9269 -0.3506 0.1342
vn 0.2520 0.5259 0.8123
vn -0.9176 0.3789 -0.1202
vn -0.2108 -0.7709 -0.6011
vn 0.9686 -0.0830 -0.2343
vn 0.2095 0.7731 0.5987
vn -0.9687 0.0822 0.2343
vn -0.1818 -0.9048 -0.3850
vn 0.9425 -0.3123 0.1187
vn 0.1777 0.8995 0.3992
vn -0.9460 0.2984 -0.1266
vn -0.1615 -0.9731 -0.1644
vn 0.8248 -0.4215 0.3770
vn 0.1541 0.9686 0.1949
vn -0.8291 0.3877 -0.4030
vn -0.1457 -0.9893 0.0031
vn 0.6857 -0.4450 0.5761
vn 0.1434 0.9892 0.0316
vn -0.6822 0.4109 -0.6048
vn 0.2585 0.9634 -0.0715
vn 0.7052 -0.3951 0.5887
vn -0.2534 -0.9650 0.0673
vn -0.7107 0.3905 -0.5852
vn 0.2582 0.9660 -0.0156
vn 0.7053 -0.3908 0.5915
vn -0.2564 -0.9663 0.0212
vn -0.7103 0.3995 -0.5796
vn 0.2589 0.9659 0.0077
vn 0.7775 -0.3912 0.4925
vn -0.2536 -0.9673 -0.0052
vn -0.7852 0.3978 -0.4746
vn 0.2585 0.9644 0.0565
vn 0.8790 -0.3673 0.3040
vn -0.2548 -0.9656 -0.0516
vn -0.8811 0.3742 -0.2892
vn 0.2511 0.9678 0.0162
vn 0.9161 -0.3500 0.1957
vn -0.2484 -0.9686 -0.0141
vn -0.9169 0.3518 -0.1886
vn 0.2445 0.9695 -0.0181
vn 0.9619 -0.2599 -0.0847
vn -0.2341 -0.9721 0.0110
vn -0.9617 0.2597 0.0873
vn 0.2148 0.9724 -0.0916
vn 0.8214 -0.0215 -0.5699
vn -0.2211 -0.9710 0.0910
vn -0.8276 0.0239 0.5607
vn 0.1721 0.9688 -0.1782
vn 0.4710 0.2082 -0.8572
vn -0.1968 -0.9632 0.1833
vn -0.5169 -0.1965 0.8332
vn 0.2325 0.9522 0.1981
vn 0.4188 0.2447 -0.8745
vn -0.2483 -0.9498 -0.1901
vn -0.5090 -0.2267 0.8303
vn 0.2970 0.8215 0.4868
vn 0.3414 0.3397 -0.8764
vn -0.2953 -0.8194 -0.4913
vn -0.3909 -0.2858 0.8749
vn -0.1777 0.2186 -0.9595
vn 0.6498 0.5983 0.4689
vn 0.1763 -0.2153 0.9605
vn -0.6510 -0.5958 -0.4703
vn -0.1889 0.2939 -0.9370
vn 0.6793 0.5837 0.4448
vn 0.1931 -0.2838 0.9392
vn -0.6956 -0.5688 -0.4388
vn -0.2103 0.4113 -0.8869
vn 0.8117 0.4981 0.3052
vn 0.2190 -0.4030 0.8886
vn -0.8277 -0.4775 -0.2948
vn -0.2298 0.5250 -0.8195
vn 0.9529 0.3030 0.0147
vn 0.2373 -0.5171 0.8224
vn -0.9570 -0.2898 -0.0101
vn -0.2470 0.6258 -0.7398
vn 0.9603 0.1028 -0.2592
vn 0.2408 -0.6237 0.7436
vn -0.9605 -0.1086 0.2560
vn -0.2565 0.6928 -0.6740
vn 0.9303 0.0289 -0.3657
vn 0.2447 -0.6935 0.6776
vn -0.9325 -0.0450 0.3585
vn -0.2434 0.7840 -0.5711
vn 0.8253 -0.0974 -0.5563
vn 0.2422 -0.7814 0.5751
vn -0.8333 0.0742 0.5478
vn -0.2256 0.8490 -0.4777
vn 0.6041 -0.2436 -0.7588
vn 0.2263 -0.8479 0.4795
vn -0.6124 0.2208 0.7591
vn -0.2126 0.8865 -0.4110
vn 0.4683 -0.2650 -0.8429
vn -0.5319 0.2631 0.8049
vn 0.1325 0.9251 0.3560
vn 0.8968 -0.3480 0.2731
vn -0.1271 -0.9281 -0.3500
vn -0.9033 0.3569 -0.2382
vn 0.1709 0.8436 0.5091
vn 0.7893 -0.4505 0.4172
vn -0.1689 -0.8453 -0.5069
vn -0.8099 0.4561 -0.3689
vn 0.2266 0.6753 0.7019
vn 0.8902 -0.3988 0.2203
vn -0.2303 -0.6694 -0.7063
vn -0.9082 0.3635 -0.2075
vn 0.2619 0.5282 0.8077
vn 0.9639 -0.2663 -0.0043
vn -0.2710 -0.5190 -0.8107
vn -0.9715 0.2364 0.0151
vn 0.2807 0.5300 0.8002
vn 0.9239 0.0666 -0.3767
vn -0.2690 -0.5285 -0.8052
vn -0.9248 -0.0612 0.3754
vn 0.2903 0.5177 0.8048
vn 0.8469 0.2090 -0.4889
vn -0.2849 -0.5139 -0.8091
vn -0.8530 -0.1919 0.4854
vn 0.2870 0.5377 0.7928
vn 0.7065 0.3894 -0.5909
vn -0.2860 -0.5322 -0.7968
vn -0.7186 -0.3613 0.5942
vn 0.3058 0.4887 0.8171
vn 0.6767 0.4367 -0.5927
vn -0.3039 -0.4823 -0.8216
vn -0.6921 -0.4034 0.5985
vn -0.6864 0.1311 -0.7153
vn -0.5575 0.2016 -0.8053
vn 0.6540 -0.0737 0.7529
vn 0.5069 -0.2567 0.8229
vn -0.5126 -0.3414 -0.7879
vn 0.5969 0.3205 -0.7355
vn 0.4857 0.3710 0.7915
vn -0.5994 -0.3257 0.7312
vn -0.5778 -0.1597 -0.8004
vn 0.5500 0.3200 -0.7715
vn 0.5694 0.1781 0.8026
vn -0.5492 -0.3242 0.7702
vn -0.5882 -0.0962 -0.8030
vn 0.9785 0.1925 -0.0746
vn 0.5868 0.1283 0.7995
vn -0.9777 -0.1867 0.0965
vn -0.5659 -0.1078 -0.8174
vn 0.9295 0.0758 0.3610
vn 0.5727 0.1434 0.8071
vn -0.9447 -0.0755 -0.3190
vn -0.5720 -0.0976 -0.8144
vn 0.8556 0.0322 0.5166
vn 0.5661 0.1074 0.8173
vn -0.8529 -0.0185 -0.5218
vn 0.5951 0.0168 0.8035
vn -0.3405 0.2228 -0.9135
vn 0.8449 -0.3594 0.3963
vn 0.4704 -0.2149 0.8559
vn -0.7722 0.5843 -0.2497
vn 0.7474 -0.6574 0.0959
vn -0.7290 -0.1498 -0.6680
vn 0.7967 -0.6043 -0.0128
vn 0.7965 0.2804 0.5357
vn -0.7416 0.6699 -0.0347
vn 0.3700 -0.9215 0.1182
vn 0.7027 0.2875 -0.6509
vn -0.3665 0.9243 -0.1070
vn -0.6991 -0.2497 0.6700
vn 0.3459 -0.9383 -0.0020
vn 0.8224 0.2869 -0.4912
vn -0.3461 0.9382 0.0004
vn -0.8119 -0.2945 0.5041
vn 0.3476 -0.9376 0.0069
vn 0.8182 0.2747 -0.5050
vn -0.3489 0.9371 -0.0096
vn -0.8121 -0.2819 0.5109
vn 0.3612 -0.9294 0.0765
vn 0.8295 0.2683 -0.4898
vn -0.3620 0.9289 -0.0780
vn -0.8246 -0.2782 0.4927
vn 0.3736 -0.9117 0.1709
vn 0.8930 0.3148 -0.3215
vn -0.3720 0.9129 -0.1681
vn -0.8958 -0.3084 0.3199
vn 0.3718 -0.8657 0.3350
vn 0.9196 0.3859 0.0741
vn -0.3776 0.8683 -0.3216
vn -0.9167 -0.3930 -0.0722
vn 0.3568 -0.8158 0.4551
vn 0.7496 0.4199 0.5116
vn -0.3653 0.8201 -0.4405
vn -0.7432 -0.4382 -0.5056
vn 0.3343 -0.7533 0.5664
vn 0.5247 0.4093 0.7464
vn -0.3419 0.7599 -0.5529
vn -0.5121 -0.4295 -0.7438
vn 0.2983 -0.6529 0.6962
vn 0.5045 0.4281 0.7498
vn -0.3056 0.6648 -0.6816
vn -0.4887 -0.4458 -0.7499
vn 0.2547 -0.5477 0.7969
vn 0.4067 0.4296 0.8063
vn -0.2670 0.5644 -0.7811
vn -0.3956 -0.4455 -0.8032
vn 0.2668 -0.5887 0.7630
vn 0.4941 0.4634 0.7356
vn -0.2759 0.6048 -0.7471
vn -0.4773 -0.4796 -0.7363
vn 0.2728 -0.5817 0.7663
vn 0.4948 0.4820 0.7231
vn -0.2689 0.5944 -0.7579
vn -0.4627 -0.4929 -0.7368
vn 0.2391 -0.9282 -0.2850
vn 0.6931 0.2315 -0.6827
vn -0.2468 0.9311 0.2687
vn -0.6713 -0.2589 0.6945
vn 0.2640 -0.9422 -0.2062
vn 0.8508 0.2717 -0.4497
vn -0.8444 -0.2789 0.4574
vn 0.2789 -0.9489 -0.1474
vn 0.9155 0.2942 -0.2746
vn -0.2840 0.9490 0.1367
vn -0.9139 -0.2973 0.2766
vn 0.2960 -0.9497 -0.1024
vn -0.2945 0.9515 0.0885
vn 0.3225 -0.9462 0.0256
vn 0.9418 0.3362 -0.0012
vn -0.3191 0.9471 -0.0343
vn -0.9440 -0.3301 0.0013
vn 0.3345 -0.9056 0.2607
vn 0.8067 0.3622 0.4670
vn -0.3374 0.9063 -0.2544
vn -0.7965 -0.3859 -0.4655
vn 0.3146 -0.8120 0.4916
vn 0.6465 0.3732 0.6653
vn -0.3231 0.8190 -0.4743
vn -0.6265 -0.4079 -0.6642
vn 0.2775 -0.6899 0.6686
vn 0.5276 0.3952 0.7520
vn -0.2878 0.7086 -0.6442
vn -0.5065 -0.4177 -0.7543
vn 0.0678 -0.0601 0.9959
vn 0.0956 0.3234 0.9414
vn -0.0747 0.0705 -0.9947
vn -0.0961 -0.3266 -0.9403
vn 0.7619 -0.5736 -0.3008
vn 0.4782 0.8395 -0.2578
vn -0.7685 0.5723 0.2860
vn -0.5028 -0.8279 0.2485
vn 0.8178 -0.5427 -0.1914
vn 0.4421 0.8154 -0.3738
vn -0.4466 -0.8146 0.3701
vn 0.8634 -0.4995 -0.0715
vn 0.4591 0.8452 -0.2736
vn -0.8636 0.4994 0.0698
vn -0.4667 -0.8418 0.2712
vn 0.8879 -0.4583 0.0395
vn 0.4650 0.8533 -0.2361
vn -0.8880 0.4585 -0.0344
vn -0.4560 -0.8591 0.2324
vn 0.8963 -0.4040 0.1831
vn 0.4617 0.8748 -0.1467
vn -0.8986 0.4046 -0.1696
vn -0.4483 -0.8823 0.1435
vn 0.8761 -0.3436 0.3381
vn 0.4423 0.8967 -0.0166
vn -0.8844 0.3449 -0.3144
vn -0.4247 -0.9052 0.0171
vn 0.8243 -0.2743 0.4953
vn 0.4159 0.9084 0.0432
vn -0.8389 0.2797 -0.4670
vn -0.3957 -0.9173 -0.0449
vn 0.7305 -0.1720 0.6609
vn 0.3716 0.9171 0.1446
vn -0.7434 0.1874 -0.6421
vn -0.3469 -0.9245 -0.1579
vn -0.1853 0.9589 0.2150
vn 0.1773 -0.9676 -0.1797
vn 0.1946 -0.9718 -0.1334
vn -0.2484 0.9526 0.1756
vn 0.1201 0.9427 -0.3112
vn 0.6917 -0.6942 0.1991
vn -0.1318 -0.9287 0.3466
vn -0.6990 0.6917 -0.1816
vn 0.1643 0.9250 -0.3427
vn 0.6311 -0.7555 0.1759
vn -0.1670 -0.9050 0.3913
vn -0.6522 0.7396 -0.1661
vn 0.2195 0.8774 -0.4267
vn 0.5723 -0.8040 0.1612
vn -0.2303 -0.8579 0.4594
vn -0.5791 0.8037 -0.1368
vn 0.2690 0.8270 -0.4936
vn 0.5027 -0.8528 0.1414
vn -0.2776 -0.8012 0.5301
vn -0.5115 0.8510 -0.1192
vn 0.3745 0.6389 -0.6720
vn 0.5727 -0.7871 0.2290
vn -0.3799 -0.6089 0.6964
vn -0.5798 0.7916 -0.1930
vn 0.4618 0.2719 -0.8443
vn 0.6602 -0.6789 0.3212
vn -0.4645 -0.2590 0.8469
vn -0.6517 0.7045 -0.2808
vn 0.4435 -0.3543 -0.8233
vn 0.5985 -0.7493 0.2835
vn -0.4523 0.3165 0.8338
vn -0.5492 0.7759 -0.3104
vn -0.1051 -0.9404 0.3235
vn 0.8588 -0.3197 -0.4003
vn 0.1072 0.9431 -0.3147
vn -0.8616 0.3235 0.3910
vn -0.0208 -0.7848 0.6194
vn 0.7543 -0.4004 -0.5204
vn 0.0207 0.7826 -0.6221
vn -0.7703 0.3744 0.5162
vn -0.0245 -0.7920 0.6101
vn 0.7038 -0.4114 -0.5791
vn 0.0243 0.7884 -0.6146
vn -0.7254 0.3816 0.5729
vn -0.0388 -0.8243 0.5648
vn 0.7252 -0.3817 -0.5731
vn 0.0403 0.8221 -0.5680
vn -0.7508 0.3521 0.5589
vn -0.0426 -0.8279 0.5592
vn 0.8248 -0.3113 -0.4721
vn 0.0478 0.8254 -0.5625
vn -0.8471 0.2813 0.4509
vn -0.0539 -0.8455 0.5313
vn 0.9407 -0.2040 -0.2711
vn 0.0546 0.8413 -0.5379
vn -0.9455 0.1906 0.2639
vn -0.0655 -0.8670 0.4941
vn 0.9950 -0.0525 0.0845
vn 0.0614 0.8646 -0.4988
vn -0.9950 0.0655 -0.0748
vn -0.1335 -0.8689 -0.4767
vn 0.2798 -0.5792 -0.7656
vn 0.1195 0.8423 0.5257
vn -0.2965 0.6216 0.7251
vn -0.1191 -0.7315 -0.6714
vn 0.0830 -0.5774 -0.8122
vn 0.1109 0.7117 0.6936
vn -0.1102 0.5946 0.7965
vn -0.1105 -0.6970 -0.7085
vn 0.0902 -0.5585 -0.8246
vn 0.0977 0.6792 0.7275
vn -0.1308 0.5759 0.8070
vn -0.0931 -0.5671 -0.8184
vn -0.0662 -0.5435 -0.8368
vn 0.0897 0.5550 0.8270
vn 0.0518 0.5553 0.8301
vn -0.2231 0.5410 0.8109
vn -0.1695 -0.3859 -0.9068
vn 0.2203 -0.5427 -0.8105
vn 0.1126 0.5849 0.8033
vn -0.0717 0.4472 0.8916
vn -0.0036 -0.4847 -0.8747
vn 0.2144 -0.1149 -0.9700
vn 0.7985 0.5940 0.0977
vn -0.2117 0.1067 0.9715
vn -0.7990 -0.5921 -0.1050
vn 0.3340 -0.2747 -0.9017
vn 0.8961 0.4209 0.1412
vn -0.3283 0.2626 0.9073
vn -0.8966 -0.4152 -0.1539
vn 0.4024 -0.3884 -0.8290
vn 0.9494 0.2515 0.1883
vn -0.3992 0.3655 0.8409
vn -0.9448 -0.2533 -0.2080
vn 0.4319 -0.4657 -0.7724
vn 0.9667 0.0631 0.2478
vn -0.4342 0.4384 0.7869
vn -0.9598 -0.0748 -0.2705
vn 0.4601 -0.5367 -0.7073
vn 0.9588 0.0130 0.2839
vn -0.4592 0.5165 0.7227
vn -0.9514 -0.0147 -0.3077
vn 0.4782 -0.5763 -0.6627
vn 0.9483 -0.0221 0.3165
vn -0.4734 0.5645 0.6762
vn -0.9404 0.0302 -0.3387
vn 0.5363 -0.6945 -0.4796
vn 0.9101 -0.1802 0.3731
vn -0.5273 0.6921 0.4929
vn -0.8979 0.2002 -0.3920
vn 0.5598 -0.8084 -0.1822
vn 0.7916 -0.4353 0.4288
vn -0.5649 0.7959 0.2179
vn -0.7797 0.4320 -0.4532
vn -0.0380 0.7676 -0.6398
vn 0.7577 -0.4413 0.4807
vn 0.0439 -0.7963 0.6034
vn -0.7730 0.4180 -0.4772
vn -0.0099 0.8741 -0.4856
vn 0.7655 -0.4211 0.4865
vn 0.0076 -0.8790 0.4767
vn -0.7652 0.4150 -0.4922
vn 0.0209 0.9286 -0.3704
vn 0.9541 -0.2718 0.1260
vn -0.0248 -0.9297 0.3674
vn -0.9536 0.2711 -0.1312
vn 0.0128 0.9102 -0.4139
vn 0.9649 -0.2495 0.0825
vn -0.0165 -0.9138 0.4059
vn -0.9650 0.2473 -0.0871
vn -0.0082 0.8671 -0.4980
vn 0.9341 -0.2951 0.2007
vn 0.0079 -0.8756 0.4829
vn -0.9356 0.2890 -0.2031
vn 0.0382 0.9445 -0.3263
vn -0.0327 -0.9436 0.3294
vn 0.0707 0.9767 -0.2026
vn 0.8810 0.0329 -0.4720
vn -0.0661 -0.9755 0.2098
vn -0.8814 -0.0358 0.4710
vn 0.1159 0.9929 0.0255
vn 0.7780 0.1259 -0.6155
vn -0.1169 -0.9930 -0.0140
vn -0.7883 -0.1324 0.6009
vn -0.4126 0.4651 -0.7832
vn 0.5823 -0.2098 0.7854
vn 0.4065 -0.4944 0.7683
vn -0.5759 0.1896 -0.7952
vn -0.3220 0.7694 -0.5517
vn 0.9436 -0.0979 0.3163
vn 0.3248 -0.7691 0.5505
vn -0.9454 0.0983 -0.3107
vn -0.3035 0.8107 -0.5006
vn 0.9987 -0.0224 -0.0456
vn 0.3039 -0.8155 0.4925
vn -0.9987 0.0190 0.0463
vn -0.1983 0.9487 -0.2463
vn 0.7844 0.1061 -0.6111
vn 0.1951 -0.9479 0.2517
vn -0.7874 -0.1082 0.6069
vn -0.1203 0.9896 -0.0794
vn 0.5961 0.1558 -0.7877
vn 0.1209 -0.9888 0.0870
vn -0.6073 -0.1622 0.7778
vn 0.3739 0.2039 -0.9048
vn -0.3863 -0.2148 0.8970
vn 0.0061 0.9861 0.1659
vn 0.2259 0.2363 -0.9451
vn -0.0053 -0.9865 -0.1635
vn -0.2412 -0.2449 0.9391
vn 0.0809 0.9496 0.3028
vn 0.1986 0.2659 -0.9433
vn -0.0809 -0.9493 -0.3039
vn -0.2319 -0.2461 0.9411
vn 0.2005 0.8389 0.5061
vn 0.2002 0.2900 -0.9359
vn -0.2056 -0.8320 -0.5153
vn -0.2185 -0.2633 0.9396
vn -0.0901 0.8227 -0.5612
vn 0.9864 -0.1641 0.0070
vn 0.0985 -0.8336 0.5434
vn -0.9874 0.1583 -0.0022
vn -0.0820 0.8642 -0.4965
vn 0.9655 -0.1997 0.1674
vn 0.0898 -0.8668 0.4905
vn -0.9672 0.1993 -0.1577
vn -0.0060 0.9687 -0.2481
vn 0.9881 -0.1458 -0.0484
vn 0.0173 -0.9673 0.2530
vn -0.9868 0.1508 0.0588
vn 0.0519 0.9969 -0.0594
vn 0.8681 0.0038 -0.4963
vn -0.0440 -0.9962 0.0745
vn -0.8708 -0.0080 0.4916
vn 0.0629 0.9975 -0.0324
vn 0.6276 0.1441 -0.7651
vn -0.0569 -0.9974 0.0442
vn -0.6360 -0.1566 0.7556
vn 0.1165 0.9801 0.1607
vn 0.2167 0.3004 -0.9289
vn -0.1205 -0.9811 -0.1516
vn -0.2630 -0.3071 0.9146
vn 0.2891 0.6666 0.6871
vn 0.0214 0.3829 -0.9236
vn -0.2880 -0.6466 -0.7064
vn -0.0565 -0.3555 0.9330
vn 0.3512 0.2698 0.8966
vn -0.0669 0.4144 -0.9076
vn -0.3470 -0.2312 -0.9089
vn 0.0451 -0.3944 0.9178
vn 0.6986 -0.4982 -0.5135
vn 0.0015 0.2588 -0.9659
vn 0.9999 -0.0167 -0.0000
s 1
g model_mat21
usemtl mat21
f 3//1 2//1 1//1
f 6//2 5//2 4//2
f 9//3 8//3 7//3
f 12//4 11//4 10//4
f 15//5 14//5 13//5
f 18//6 17//6 16//6
f 21//7 20//7 19//7
f 24//8 23//8 22//8
f 27//9 26//9 25//9
f 30//10 29//10 28//10
f 33//11 32//11 31//11
f 36//12 35//12 34//12
f 40//13 38//13 37//13
f 43//14 41//14 44//14
f 47//15 45//15 48//15
f 51//16 49//16 52//16
f 55//17 53//17 56//17
f 59//18 58//18 57//18
f 62//19 60//19 63//19
f 66//20 65//20 64//20
f 69//21 68//21 67//21
f 72//22 71//22 70//22
f 75//23 73//23 76//23
f 79//24 77//24 80//24
f 83//25 81//25 84//25
f 87//26 85//26 88//26
f 92//27 90//27 89//27
f 95//28 93//28 96//28
f 100//29 98//29 97//29
f 103//30 102//30 101//30
f 107//31 105//31 104//31
f 110//32 109//32 108//32
f 113//33 112//33 111//33
f 116//34 115//34 114//34
f 120//35 118//35 117//35
f 124//36 122//36 121//36
f 128//37 126//37 125//37
f 132//38 130//38 129//38
f 135//39 133//39 136//39
f 139//40 137//40 140//40
f 143//41 141//41 144//41
f 147//42 145//42 148//42
f 151//43 149//43 152//43
f 155//44 154//44 153//44
f 158//45 157//45 156//45
f 162//46 160//46 159//46
f 165//47 163//47 166//47
f 170//48 168//48 167//48
f 174//49 172//49 171//49
f 178//50 176//50 175//50
f 182//51 180//51 179//51
f 186//52 184//52 183//52
f 190//53 188//53 187//53
f 194//54 192//54 191//54
f 197//55 195//55 198//55
f 201//56 200//56 199//56
f 205//57 203//57 202//57
f 208//58 207//58 206//58
f 211//59 209//59 212//59
f 215//60 213//60 216//60
f 220//61 218//61 217//61
f 223//62 221//62 224//62
f 227//63 225//63 228//63
f 231//64 229//64 232//64
f 235//65 233//65 236//65
f 239//66 238//66 237//66
f 242//67 241//67 240//67
f 245//68 244//68 243//68
f 249//69 247//69 246//69
f 252//70 251//70 250//70
f 255//71 253//71 256//71
f 260//72 258//72 257//72
f 263//73 261//73 264//73
f 267//74 265//74 268//74
f 272//75 270//75 269//75
f 275//76 273//76 276//76
f 279//77 277//77 280//77
f 283//78 282//78 281//78
f 286//79 285//79 284//79
f 289//80 288//80 287//80
f 292//81 291//81 290//81
f 295//82 294//82 293//82
f 298//83 296//83 299//83
f 303//84 301//84 300//84
f 306//85 304//85 307//85
f 311//86 309//86 308//86
f 315//87 313//87 312//87
f 319//88 317//88 316//88
f 323//89 321//89 320//89
f 326//90 325//90 324//90
f 329//91 328//91 327//91
f 332//92 331//92 330//92
f 335//93 334//93 333//93
f 339//94 337//94 336//94
f 343//95 341//95 340//95
f 347//96 345//96 344//96
f 350//97 349//97 348//97
f 353//98 352//98 351//98
f 356//99 355//99 354//99
f 359//100 358//100 357//100
f 362//101 361//101 360//101
f 365//102 364//102 363//102
f 368//103 367//103 366//103
f 371//104 370//104 369//104
f 374//105 373//105 372//105
f 377//106 376//106 375//106
f 380//107 379//107 378//107
f 383//108 382//108 381//108
f 386//109 385//109 384//109
f 389//110 388//110 387//110
f 392//111 391//111 390//111
f 395//112 394//112 393//112
f 398//113 397//113 396//113
f 401//114 400//114 399//114
f 404//115 403//115 402//115
f 407//116 406//116 405//116
f 410//117 409//117 408//117
f 413//118 412//118 411//118
f 416//119 415//119 414//119
f 419//120 418//120 417//120
f 422//121 421//121 420//121
f 425//122 424//122 423//122
f 428//123 427//123 426//123
f 431//124 430//124 429//124
f 434//125 433//125 432//125
f 437//126 436//126 435//126
f 440//127 439//127 438//127
f 443//128 442//128 441//128
f 446//129 445//129 444//129
f 449//130 448//130 447//130
f 452//131 451//131 450//131
f 455//132 454//132 453//132
f 458//133 457//133 456//133
f 40//13 39//13 38//13
f 43//14 42//14 41//14
f 47//15 46//15 45//15
f 51//16 50//16 49//16
f 55//17 54//17 53//17
f 62//19 61//19 60//19
f 75//23 74//23 73//23
f 79//24 78//24 77//24
f 83//25 82//25 81//25
f 87//26 86//26 85//26
f 92//27 91//27 90//27
f 95//28 94//28 93//28
f 100//29 99//29 98//29
f 107//31 106//31 105//31
f 120//35 119//35 118//35
f 124//36 123//36 122//36
f 128//37 127//37 126//37
f 132//38 131//38 130//38
f 135//39 134//39 133//39
f 139//40 138//40 137//40
f 143//41 142//41 141//41
f 147//42 146//42 145//42
f 151//43 150//43 149//43
f 162//46 161//46 160//46
f 165//47 164//47 163//47
f 170//48 169//48 168//48
f 174//49 173//49 172//49
f 178//50 177//50 176//50
f 182//51 181//51 180//51
f 186//52 185//52 184//52
f 190//53 189//53 188//53
f 194//54 193//54 192//54
f 197//55 196//55 195//55
f 205//57 204//57 203//57
f 211//59 210//59 209//59
f 215//60 214//60 213//60
f 220//61 219//61 218//61
f 223//62 222//62 221//62
f 227//63 226//63 225//63
f 231//64 230//64 229//64
f 235//65 234//65 233//65
f 249//69 248//69 247//69
f 255//71 254//71 253//71
f 260//72 259//72 258//72
f 263//73 262//73 261//73
f 267//74 266//74 265//74
f 272//75 271//75 270//75
f 275//76 274//76 273//76
f 279//77 278//77 277//77
f 298//83 297//83 296//83
f 303//84 302//84 301//84
f 306//85 305//85 304//85
f 311//86 310//86 309//86
f 315//87 314//87 313//87
f 319//88 318//88 317//88
f 323//89 322//89 321//89
f 339//94 338//94 337//94
f 343//95 342//95 341//95
f 347//96 346//96 345//96
g model_mat9
usemtl mat9
f 462//134 460//134 459//134
f 465//135 463//135 466//135
f 470//136 468//136 467//136
f 473//137 471//137 474//138
f 477//139 475//139 478//139
f 482//140 480//140 479//140
f 486//141 484//141 483//141
f 489//142 487//142 490//142
f 493//141 491//141 494//141
f 498//143 496//143 495//143
f 502//144 500//145 499//146
f 506//147 504//148 503//149
f 509//150 507//151 510//152
f 513//153 511//154 514//155
f 518//156 516//157 515//158
f 521//159 519//160 522//161
f 525//162 523//163 526//164
f 530//165 528//166 527//167
f 534//168 532//169 531//170
f 537//171 535//172 538//173
f 541//174 539//175 542//176
f 546//177 544//178 543//179
f 550//180 548//180 547//181
f 553//182 551//183 554//184
f 557//185 555//185 558//186
f 562//187 560//188 559//189
f 566//190 564//190 563//190
f 570//190 568//190 567//190
f 574//190 572//190 571//190
f 578//190 576//190 575//190
f 797//191 795//191 798//191
f 801//192 799//192 802//192
f 805//193 803//193 806//193
f 810//194 808//194 807//194
f 814//195 812//195 811//195
f 818//196 816//196 815//196
f 822//197 820//197 819//197
f 825//198 823//198 826//198
f 829//199 827//199 830//199
f 834//200 832//200 831//200
f 838//201 836//202 835//203
f 842//204 840//205 839//206
f 845//207 843//208 846//209
f 849//210 847//211 850//212
f 854//213 852//214 851//215
f 857//216 855//217 858//218
f 861//219 859//220 862//221
f 866//222 864//223 863//224
f 870//225 868//226 867//227
f 873//228 871//229 874//230
f 877//231 875//232 878//233
f 882//234 880//235 879//236
f 886//237 884//237 883//238
f 889//239 887//240 890//241
f 893//242 891//243 894//244
f 898//245 896//246 895//247
f 902//190 900//190 899//190
f 906//190 904//190 903//190
f 910//190 908//190 907//190
f 914//190 912//190 911//190
f 918//248 916//248 915//248
f 922//249 920//249 919//249
f 925//250 923//250 926//250
f 929//251 927//251 930//251
f 934//252 932//252 931//252
f 938//253 936//253 935//253
f 942//254 940//254 939//254
f 946//255 944//255 943//255
f 949//254 947//254 950//254
f 954//256 952//256 951//256
f 958//257 956//258 955//259
f 962//260 960//261 959//262
f 965//263 963//264 966//265
f 969//266 967//267 970//268
f 974//269 972//270 971//271
f 977//272 975//273 978//274
f 981//275 979//276 982//277
f 986//278 984//279 983//280
f 990//281 988//282 987//283
f 993//284 991//285 994//286
f 997//287 995//288 998//289
f 1002//290 1000//291 999//292
f 1006//293 1004//293 1003//294
f 1009//295 1007//296 1010//297
f 1013//298 1011//299 1014//299
f 1018//300 1016//301 1015//302
f 1022//190 1020//190 1019//190
f 1026//190 1024//190 1023//190
f 1030//190 1028//190 1027//190
f 1034//190 1032//190 1031//190
f 1038//303 1036//303 1035//303
f 1042//304 1040//304 1039//304
f 1046//305 1044//305 1043//305
f 1049//306 1047//306 1050//306
f 1053//307 1051//307 1054//307
f 1057//308 1055//308 1058//308
f 1062//309 1060//309 1059//309
f 1065//310 1063//310 1066//311
f 1069//309 1067//309 1070//309
f 1074//312 1072//312 1071//312
f 1078//313 1076//314 1075//315
f 1082//316 1080//317 1079//318
f 1085//319 1083//320 1086//321
f 1089//322 1087//323 1090//324
f 1094//325 1092//326 1091//327
f 1097//328 1095//329 1098//330
f 1101//331 1099//332 1102//333
f 1106//334 1104//335 1103//336
f 1110//337 1108//338 1107//339
f 1113//340 1111//341 1114//342
f 1117//343 1115//344 1118//345
f 1122//346 1120//347 1119//348
f 1126//349 1124//350 1123//349
f 1129//351 1127//352 1130//353
f 1133//354 1131//355 1134//355
f 1138//356 1136//357 1135//358
f 1142//190 1140//190 1139//190
f 1146//190 1144//190 1143//190
f 1150//190 1148//190 1147//190
f 1154//190 1152//190 1151//190
f 1157//359 1155//359 1158//359
f 1161//360 1159//360 1162//360
f 1165//361 1163//361 1166//361
f 1170//362 1168//362 1167//363
f 1174//364 1172//364 1171//364
f 1178//365 1176//365 1175//365
f 1182//366 1180//366 1179//366
f 1185//367 1183//367 1186//367
f 1190//366 1188//366 1187//366
f 1194//368 1192//368 1191//368
f 1198//369 1196//370 1195//371
f 1202//372 1200//373 1199//374
f 1205//375 1203//376 1206//377
f 1209//378 1207//379 1210//380
f 1214//381 1212//382 1211//383
f 1217//384 1215//385 1218//386
f 1221//387 1219//388 1222//389
f 1226//390 1224//391 1223//392
f 1230//393 1228//394 1227//395
f 1233//396 1231//397 1234//398
f 1237//399 1235//400 1238//401
f 1242//402 1240//403 1239//404
f 1246//405 1244//405 1243//406
f 1249//407 1247//408 1250//409
f 1253//410 1251//410 1254//411
f 1258//412 1256//413 1255//414
f 1262//190 1260//190 1259//190
f 1266//190 1264//190 1263//190
f 1270//190 1268//190 1267//190
f 1274//190 1272//190 1271//190
f 1277//415 1275//415 1278//415
f 1282//416 1280//416 1279//416
f 1285//417 1283//417 1286//417
f 1290//418 1288//418 1287//418
f 1294//419 1292//419 1291//419
f 1297//420 1295//420 1298//420
f 1302//421 1300//421 1299//421
f 1305//422 1303//422 1306//422
f 1310//421 1308//421 1307//421
f 1314//423 1312//423 1311//423
f 1318//424 1316//425 1315//426
f 1322//427 1320//428 1319//429
f 1325//430 1323//431 1326//432
f 1329//433 1327//434 1330//435
f 1334//436 1332//437 1331//438
f 1337//439 1335//440 1338//441
f 1341//442 1339//443 1342//444
f 1346//445 1344//446 1343//447
f 1350//448 1348//449 1347//450
f 1353//451 1351//452 1354//453
f 1357//454 1355//455 1358//456
f 1362//457 1360//458 1359//459
f 1366//460 1364//461 1363//460
f 1369//462 1367//463 1370//464
f 1373//465 1371//465 1374//466
f 1378//467 1376//468 1375//469
f 1382//190 1380//190 1379//190
f 1386//190 1384//190 1383//190
f 1390//190 1388//190 1387//190
f 1394//190 1392//190 1391//190
f 1397//470 1395//470 1398//470
f 1402//471 1400//471 1399//471
f 1405//472 1403//472 1406//472
f 1410//473 1408//473 1407//473
f 1414//474 1412//474 1411//474
f 1417//475 1415//475 1418//475
f 1422//476 1420//476 1419//476
f 1425//477 1423//477 1426//477
f 1429//476 1427//476 1430//476
f 1434//478 1432//478 1431//478
f 1438//479 1436//480 1435//481
f 1442//482 1440//483 1439//484
f 1445//485 1443//486 1446//487
f 1449//488 1447//489 1450//490
f 1454//491 1452//492 1451//493
f 1457//494 1455//495 1458//496
f 1461//497 1459//498 1462//499
f 1466//500 1464//501 1463//502
f 1470//503 1468//504 1467//505
f 1473//506 1471//507 1474//508
f 1477//509 1475//510 1478//511
f 1482//512 1480//513 1479//514
f 1486//515 1484//516 1483//517
f 1489//518 1487//519 1490//520
f 1493//521 1491//521 1494//522
f 1498//523 1496//524 1495//525
f 1502//190 1500//190 1499//190
f 1506//190 1504//190 1503//190
f 1510//190 1508//190 1507//190
f 1514//190 1512//190 1511//190
f 1517//526 1515//526 1518//526
f 1521//527 1519//527 1522//527
f 1526//528 1524//528 1523//528
f 1530//529 1528//529 1527//529
f 1533//530 1531//530 1534//530
f 1537//531 1535//531 1538//531
f 1542//532 1540//532 1539//532
f 1546//533 1544//534 1543//534
f 1549//532 1547//532 1550//532
f 1554//535 1552//535 1551//535
f 1558//536 1556//537 1555//538
f 1562//539 1560//540 1559//541
f 1565//542 1563//543 1566//544
f 1569//545 1567//546 1570//547
f 1574//548 1572//549 1571//550
f 1577//551 1575//552 1578//553
f 1581//554 1579//555 1582//556
f 1586//557 1584//558 1583//559
f 1590//560 1588//561 1587//562
f 1593//563 1591//564 1594//565
f 1597//566 1595//567 1598//568
f 1602//569 1600//570 1599//571
f 1606//572 1604//573 1603//574
f 1609//575 1607//576 1610//577
f 1613//578 1611//578 1614//579
f 1618//580 1616//581 1615//582
f 1622//190 1620//190 1619//190
f 1626//190 1624//190 1623//190
f 1630//190 1628//190 1627//190
f 1634//190 1632//190 1631//190
f 1637//583 1635//583 1638//583
f 1642//584 1640//584 1639//584
f 1646//585 1644//585 1643//585
f 1650//586 1648//586 1647//586
f 1654//587 1652//587 1651//587
f 1657//588 1655//588 1658//588
f 1662//589 1660//589 1659//589
f 1666//590 1664//590 1663//590
f 1669//589 1667//589 1670//589
f 1674//591 1672//591 1671//591
f 1678//592 1676//593 1675//594
f 1682//595 1680//596 1679//597
f 1685//598 1683//599 1686//600
f 1689//601 1687//602 1690//603
f 1694//604 1692//605 1691//606
f 1697//607 1695//608 1698//609
f 1701//610 1699//611 1702//612
f 1706//613 1704//614 1703//615
f 1710//616 1708//617 1707//618
f 1713//619 1711//620 1714//621
f 1717//622 1715//623 1718//624
f 1722//625 1720//626 1719//627
f 1726//628 1724//629 1723//630
f 1729//631 1727//632 1730//633
f 1733//634 1731//635 1734//636
f 1738//637 1736//638 1735//639
f 1742//190 1740//190 1739//190
f 1746//190 1744//190 1743//190
f 1750//190 1748//190 1747//190
f 1754//190 1752//190 1751//190
f 1757//640 1755//640 1758//640
f 1761//641 1759//641 1762//641
f 1766//642 1764//642 1763//642
f 1769//643 1767//643 1770//643
f 1773//644 1771//644 1774//644
f 1778//645 1776//645 1775//645
f 1782//646 1780//646 1779//646
f 1786//647 1784//647 1783//647
f 1790//646 1788//646 1787//646
f 1794//648 1792//648 1791//648
f 1798//649 1796//650 1795//651
f 1802//652 1800//653 1799//654
f 1805//655 1803//656 1806//657
f 1809//658 1807//659 1810//660
f 1814//661 1812//662 1811//663
f 1817//664 1815//665 1818//666
f 1821//667 1819//668 1822//669
f 1826//670 1824//671 1823//672
f 1830//673 1828//674 1827//675
f 1833//676 1831//677 1834//678
f 1837//679 1835//680 1838//681
f 1842//682 1840//683 1839//684
f 1846//685 1844//686 1843//685
f 1849//687 1847//688 1850//689
f 1853//690 1851//691 1854//692
f 1858//693 1856//694 1855//695
f 1862//190 1860//190 1859//190
f 1866//190 1864//190 1863//190
f 1870//190 1868//190 1867//190
f 1874//190 1872//190 1871//190
f 1877//696 1875//696 1878//696
f 1882//697 1880//697 1879//697
f 1885//698 1883//698 1886//698
f 1890//699 1888//699 1887//699
f 1894//700 1892//700 1891//700
f 1898//701 1896//701 1895//701
f 1902//702 1900//702 1899//702
f 1905//703 1903//703 1906//703
f 1910//702 1908//702 1907//702
f 1914//704 1912//704 1911//704
f 1918//705 1916//706 1915//707
f 1922//708 1920//709 1919//710
f 1925//711 1923//712 1926//713
f 1929//714 1927//715 1930//716
f 1934//717 1932//718 1931//719
f 1937//720 1935//721 1938//722
f 1941//723 1939//724 1942//725
f 1946//726 1944//727 1943//728
f 1950//729 1948//730 1947//731
f 1953//732 1951//733 1954//734
f 1957//735 1955//736 1958//737
f 1962//738 1960//739 1959//740
f 1966//741 1964//741 1963//742
f 1969//743 1967//744 1970//745
f 1973//746 1971//747 1974//747
f 1978//748 1976//749 1975//750
f 1982//190 1980//190 1979//190
f 1986//190 1984//190 1983//190
f 1990//190 1988//190 1987//190
f 1994//190 1992//190 1991//190
f 1998//751 1996//751 1995//751
f 2002//752 2000//752 1999//752
f 2006//753 2004//753 2003//753
f 2010//754 2008//754 2007//754
f 2013//755 2011//755 2014//755
f 2018//756 2016//756 2015//756
f 2022//757 2020//757 2019//757
f 2025//758 2023//758 2026//758
f 2029//757 2027//757 2030//757
f 2034//759 2032//759 2031//759
f 2038//760 2036//761 2035//762
f 2042//763 2040//764 2039//765
f 2045//766 2043//767 2046//768
f 2049//769 2047//770 2050//771
f 2054//772 2052//773 2051//774
f 2057//775 2055//776 2058//777
f 2061//778 2059//779 2062//780
f 2066//781 2064//782 2063//783
f 2070//784 2068//785 2067//786
f 2073//787 2071//788 2074//789
f 2077//790 2075//791 2078//792
f 2082//793 2080//794 2079//795
f 2086//796 2084//796 2083//797
f 2089//798 2087//799 2090//800
f 2093//801 2091//802 2094//802
f 2098//803 2096//804 2095//805
f 2102//190 2100//190 2099//190
f 2106//190 2104//190 2103//190
f 2110//190 2108//190 2107//190
f 2114//190 2112//190 2111//190
f 2118//806 2116//806 2115//806
f 2121//807 2119//807 2122//807
f 2126//808 2124//808 2123//808
f 2129//809 2127//809 2130//809
f 2133//810 2131//810 2134//810
f 2137//811 2135//811 2138//811
f 2142//812 2140//812 2139//812
f 2146//813 2144//813 2143//813
f 2149//812 2147//812 2150//812
f 2154//814 2152//814 2151//814
f 2158//815 2156//816 2155//817
f 2162//818 2160//819 2159//820
f 2165//821 2163//822 2166//823
f 2169//824 2167//825 2170//826
f 2174//827 2172//828 2171//829
f 2177//830 2175//831 2178//832
f 2181//833 2179//834 2182//835
f 2186//836 2184//837 2183//838
f 2190//839 2188//840 2187//841
f 2193//842 2191//843 2194//844
f 2197//845 2195//846 2198//847
f 2202//848 2200//849 2199//850
f 2206//851 2204//851 2203//852
f 2209//853 2207//854 2210//855
f 2213//856 2211//857 2214//858
f 2218//859 2216//860 2215//861
f 2222//190 2220//190 2219//190
f 2226//190 2224//190 2223//190
f 2230//190 2228//190 2227//190
f 2234//190 2232//190 2231//190
f 2237//862 2235//862 2238//862
f 2241//863 2239//863 2242//863
f 2246//864 2244//864 2243//864
f 2250//865 2248//865 2247//865
f 2254//866 2252//866 2251//866
f 2257//867 2255//867 2258//867
f 2262//868 2260//868 2259//868
f 2266//869 2264//869 2263//869
f 2270//868 2268//868 2267//868
f 2274//870 2272//870 2271//870
f 2278//871 2276//872 2275//873
f 2282//874 2280//875 2279//876
f 2285//877 2283//878 2286//879
f 2289//880 2287//881 2290//882
f 2294//883 2292//884 2291//885
f 2297//886 2295//887 2298//888
f 2301//889 2299//890 2302//891
f 2306//892 2304//893 2303//894
f 2310//895 2308//896 2307//897
f 2313//898 2311//899 2314//900
f 2317//901 2315//902 2318//903
f 2322//904 2320//905 2319//906
f 2326//907 2324//907 2323//908
f 2329//909 2327//910 2330//911
f 2333//912 2331//912 2334//913
f 2338//914 2336//915 2335//916
f 2342//190 2340//190 2339//190
f 2346//190 2344//190 2343//190
f 2350//190 2348//190 2347//190
f 2354//190 2352//190 2351//190
f 2357//917 2355//917 2358//917
f 2361//918 2359//918 2362//918
f 2365//919 2363//919 2366//919
f 2369//920 2367//920 2370//920
f 2374//921 2372//921 2371//921
f 2378//922 2376//922 2375//922
f 2382//923 2380//923 2379//923
f 2386//924 2384//924 2383//924
f 2389//923 2387//923 2390//923
f 2394//925 2392//925 2391//925
f 2398//926 2396//927 2395//928
f 2402//929 2400//930 2399//931
f 2405//932 2403//933 2406//934
f 2409//935 2407//936 2410//937
f 2414//938 2412//939 2411//940
f 2417//941 2415//942 2418//943
f 2421//944 2419//945 2422//946
f 2426//947 2424//948 2423//949
f 2430//950 2428//951 2427//952
f 2433//953 2431//954 2434//955
f 2437//956 2435//957 2438//958
f 2442//959 2440//960 2439//961
f 2446//962 2444//962 2443//963
f 2449//964 2447//965 2450//966
f 2453//967 2451//968 2454//968
f 2458//969 2456//970 2455//971
f 2462//190 2460//190 2459//190
f 2466//190 2464//190 2463//190
f 2470//190 2468//190 2467//190
f 2474//190 2472//190 2471//190
f 2478//972 2476//972 2475//972
f 2481//973 2479//973 2482//973
f 2486//974 2484//974 2483//974
f 2490//975 2488//975 2487//975
f 2494//976 2492//976 2491//976
f 2498//977 2496//977 2495//977
f 2502//978 2500//978 2499//978
f 2506//979 2504//979 2503//979
f 2509//978 2507//978 2510//978
f 2514//980 2512//980 2511//980
f 2518//981 2516//982 2515//983
f 2522//984 2520//985 2519//986
f 2525//987 2523//988 2526//989
f 2529//990 2527//991 2530//992
f 2534//993 2532//994 2531//995
f 2537//996 2535//997 2538//998
f 2541//999 2539//1000 2542//1001
f 2546//1002 2544//1003 2543//1004
f 2550//1005 2548//1006 2547//1007
f 2553//1008 2551//1009 2554//1010
f 2557//1011 2555//1012 2558//1013
f 2562//1014 2560//1015 2559//1016
f 2566//1017 2564//1017 2563//1018
f 2569//1019 2567//1020 2570//1021
f 2573//1022 2571//1023 2574//1023
f 2578//1024 2576//1025 2575//1026
f 2582//190 2580//190 2579//190
f 2586//190 2584//190 2583//190
f 2590//190 2588//190 2587//190
f 2594//190 2592//190 2591//190
f 2597//1027 2595//1027 2598//1027
f 2602//1028 2600//1028 2599//1028
f 2605//1029 2603//1029 2606//1029
f 2609//1030 2607//1030 2610//1030
f 2613//1031 2611//1031 2614//1031
f 2617//1032 2615//1032 2618//1032
f 2622//1033 2620//1033 2619//1033
f 2626//1034 2624//1034 2623//1034
f 2630//1033 2628//1033 2627//1033
f 2634//1035 2632//1035 2631//1035
f 2638//1036 2636//1037 2635//1038
f 2642//1039 2640//1040 2639//1041
f 2645//1042 2643//1043 2646//1044
f 2649//1045 2647//1046 2650//1047
f 2654//1048 2652//1049 2651//1050
f 2657//1051 2655//1052 2658//1053
f 2661//1054 2659//1055 2662//1056
f 2666//1057 2664//1058 2663//1059
f 2670//1060 2668//1061 2667//1062
f 2673//1063 2671//1064 2674//1065
f 2677//1066 2675//1067 2678//1068
f 2682//1069 2680//1070 2679//1071
f 2686//1072 2684//1072 2683//1072
f 2689//1073 2687//1074 2690//1075
f 2693//1076 2691//1077 2694//1078
f 2698//1079 2696//1080 2695//1081
f 2702//190 2700//190 2699//190
f 2706//190 2704//190 2703//190
f 2710//190 2708//190 2707//190
f 2714//190 2712//190 2711//190
f 2717//1082 2715//1082 2718//1082
f 2721//1083 2719//1083 2722//1083
f 2726//1084 2724//1084 2723//1084
f 2729//1085 2727//1085 2730//1085
f 2733//1086 2731//1086 2734//1086
f 2737//1087 2735//1087 2738//1087
f 2742//1088 2740//1088 2739//1088
f 2745//1089 2743//1089 2746//1089
f 2750//1088 2748//1088 2747//1088
f 2754//1090 2752//1090 2751//1090
f 2758//1091 2756//1092 2755//1093
f 2762//1094 2760//1095 2759//1096
f 2765//1097 2763//1098 2766//1099
f 2769//1100 2767//1101 2770//1102
f 2774//1103 2772//1104 2771//1105
f 2777//1106 2775//1107 2778//1108
f 2781//1109 2779//1110 2782//1111
f 2786//1112 2784//1113 2783//1114
f 2790//1115 2788//1116 2787//1117
f 2793//1118 2791//1119 2794//1120
f 2797//1121 2795//1122 2798//1123
f 2802//1124 2800//1125 2799//1126
f 2806//1127 2804//1127 2803//1128
f 2809//1129 2807//1130 2810//1131
f 2813//1132 2811//1132 2814//1133
f 2818//1134 2816//1135 2815//1136
f 2822//190 2820//190 2819//190
f 2826//190 2824//190 2823//190
f 2830//190 2828//190 2827//190
f 2834//190 2832//190 2831//190
f 2837//1137 2835//1137 2838//1137
f 2841//1138 2839//1138 2842//1138
f 2845//1139 2843//1139 2846//1139
f 2850//1140 2848//1140 2847//1140
f 2854//1141 2852//1141 2851//1141
f 2857//1142 2855//1142 2858//1142
f 2862//1143 2860//1143 2859//1143
f 2865//1144 2863//1144 2866//1144
f 2870//1143 2868//1143 2867//1143
f 2874//1145 2872//1145 2871//1145
f 2878//1146 2876//1147 2875//1148
f 2882//1149 2880//1150 2879//1151
f 2885//1152 2883//1153 2886//1154
f 2889//1155 2887//1156 2890//1157
f 2894//1158 2892//1159 2891//1160
f 2897//1161 2895//1162 2898//1163
f 2901//1164 2899//1165 2902//1166
f 2906//1167 2904//1168 2903//1169
f 2910//1170 2908//1171 2907//1172
f 2913//1173 2911//1174 2914//1175
f 2917//1176 2915//1177 2918//1178
f 2922//1179 2920//1180 2919//1181
f 2926//1182 2924//1182 2923//1183
f 2929//1184 2927//1185 2930//1186
f 2933//1187 2931//1188 2934//1189
f 2938//1190 2936//1191 2935//1192
f 2942//190 2940//190 2939//190
f 2946//190 2944//190 2943//190
f 2950//190 2948//190 2947//190
f 2954//190 2952//190 2951//190
f 2958//1193 2956//1193 2955//1193
f 2961//1194 2959//1194 2962//1194
f 2966//1195 2964//1195 2963//1195
f 2969//1196 2967//1196 2970//1196
f 2973//1197 2971//1197 2974//1197
f 2978//1198 2976//1198 2975//1198
f 2982//1199 2980//1199 2979//1199
f 2986//1200 2984//1200 2983//1200
f 2989//1199 2987//1199 2990//1199
f 2994//1201 2992//1201 2991//1201
f 2998//1202 2996//1203 2995//1204
f 3002//1205 3000//1206 2999//1207
f 3005//1208 3003//1209 3006//1210
f 3009//1211 3007//1212 3010//1213
f 3014//1214 3012//1215 3011//1216
f 3017//1217 3015//1218 3018//1219
f 3021//1220 3019//1221 3022//1222
f 3026//1223 3024//1224 3023//1225
f 3030//1226 3028//1227 3027//1228
f 3033//1229 3031//1230 3034//1231
f 3037//1232 3035//1233 3038//1234
f 3042//1235 3040//1236 3039//1237
f 3046//1238 3044//1239 3043//1238
f 3049//1240 3047//1241 3050//1242
f 3053//1243 3051//1243 3054//1244
f 3058//1245 3056//1246 3055//1247
f 3062//190 3060//190 3059//190
f 3066//190 3064//190 3063//190
f 3070//190 3068//190 3067//190
f 3074//190 3072//190 3071//190
f 3077//1248 3075//1248 3078//1248
f 3081//1249 3079//1249 3082//1249
f 3086//1250 3084//1250 3083//1250
f 3089//1251 3087//1251 3090//1251
f 3093//1252 3091//1252 3094//1252
f 3098//1253 3096//1253 3095//1253
f 3102//1254 3100//1254 3099//1254
f 3106//1255 3104//1255 3103//1255
f 3110//1254 3108//1254 3107//1254
f 3114//1256 3112//1256 3111//1256
f 3118//1257 3116//1258 3115//1259
f 3122//1260 3120//1261 3119//1262
f 3125//1263 3123//1264 3126//1265
f 3129//1266 3127//1267 3130//1268
f 3134//1269 3132//1270 3131//1271
f 3137//1272 3135//1273 3138//1274
f 3141//1275 3139//1276 3142//1277
f 3146//1278 3144//1279 3143//1280
f 3150//1281 3148//1282 3147//1283
f 3153//1284 3151//1285 3154//1286
f 3157//1287 3155//1288 3158//1289
f 3162//1290 3160//1291 3159//1292
f 3166//1293 3164//1293 3163//1294
f 3169//1295 3167//1296 3170//1297
f 3173//1298 3171//1299 3174//1299
f 3178//1300 3176//1301 3175//1302
f 3182//190 3180//190 3179//190
f 3186//190 3184//190 3183//190
f 3190//190 3188//190 3187//190
f 3194//190 3192//190 3191//190
f 3197//1303 3195//1303 3198//1303
f 3202//1304 3200//1304 3199//1304
f 3206//1305 3204//1305 3203//1305
f 3210//1306 3208//1306 3207//1306
f 3214//1307 3212//1307 3211//1307
f 3218//1308 3216//1308 3215//1308
f 3222//1309 3220//1309 3219//1309
f 3226//1310 3224//1310 3223//1310
f 3230//1309 3228//1309 3227//1309
f 3234//1311 3232//1311 3231//1311
f 3238//1312 3236//1313 3235//1314
f 3242//1315 3240//1316 3239//1317
f 3245//1318 3243//1319 3246//1320
f 3249//1321 3247//1322 3250//1323
f 3254//1324 3252//1325 3251//1326
f 3257//1327 3255//1328 3258//1329
f 3261//1330 3259//1331 3262//1332
f 3266//1333 3264//1334 3263//1335
f 3270//1336 3268//1337 3267//1338
f 3273//1339 3271//1340 3274//1341
f 3277//1342 3275//1343 3278//1344
f 3282//1345 3280//1346 3279//1347
f 3286//1348 3284//1349 3283//1350
f 3289//1351 3287//1352 3290//1353
f 3293//1354 3291//1354 3294//1355
f 3298//1356 3296//1357 3295//1358
f 3302//190 3300//190 3299//190
f 3306//190 3304//190 3303//190
f 3310//190 3308//190 3307//190
f 3314//190 3312//190 3311//190
f 3318//1359 3316//1359 3315//1359
f 3321//1360 3319//1360 3322//1360
f 3326//1361 3324//1361 3323//1361
f 3330//1362 3328//1362 3327//1362
f 3333//1363 3331//1363 3334//1363
f 3338//1364 3336//1364 3335//1364
f 3342//1365 3340//1365 3339//1365
f 3345//1366 3343//1366 3346//1366
f 3349//1365 3347//1365 3350//1365
f 3354//1367 3352//1367 3351//1367
f 3358//1368 3356//1369 3355//1370
f 3362//1371 3360//1372 3359//1373
f 3365//1374 3363//1375 3366//1376
f 3369//1377 3367//1378 3370//1379
f 3374//1380 3372//1381 3371//1382
f 3377//1383 3375//1384 3378//1385
f 3381//1386 3379//1387 3382//1388
f 3386//1389 3384//1390 3383//1391
f 3390//1392 3388//1393 3387//1394
f 3393//1395 3391//1396 3394//1397
f 3397//1398 3395//1399 3398//1400
f 3402//1401 3400//1402 3399//1403
f 3406//1404 3404//1404 3403//1405
f 3409//1406 3407//1407 3410//1408
f 3413//1409 3411//1410 3414//1411
f 3418//1412 3416//1413 3415//1414
f 3422//190 3420//190 3419//190
f 3426//190 3424//190 3423//190
f 3430//190 3428//190 3427//190
f 3434//190 3432//190 3431//190
f 3437//1415 3435//1415 3438//1415
f 3441//1416 3439//1416 3442//1416
f 3446//1417 3444//1417 3443//1417
f 3450//1418 3448//1419 3447//1418
f 3453//1420 3451//1420 3454//1420
f 3458//1421 3456//1421 3455//1421
f 3462//1422 3460//1422 3459//1422
f 3466//1423 3464//1423 3463//1423
f 3470//1422 3468//1422 3467//1422
f 3474//1424 3472//1424 3471//1424
f 3478//1425 3476//1426 3475//1427
f 3482//1428 3480//1429 3479//1430
f 3485//1431 3483//1432 3486//1433
f 3489//1434 3487//1435 3490//1436
f 3494//1437 3492//1438 3491//1439
f 3497//1440 3495//1441 3498//1442
f 3501//1443 3499//1444 3502//1445
f 3506//1446 3504//1447 3503//1448
f 3510//1449 3508//1450 3507//1451
f 3513//1452 3511//1453 3514//1454
f 3517//1455 3515//1456 3518//1457
f 3522//1458 3520//1459 3519//1460
f 3526//1461 3524//1462 3523//1463
f 3529//1464 3527//1465 3530//1466
f 3533//1467 3531//1467 3534//1468
f 3538//1469 3536//1470 3535//1471
f 3542//190 3540//190 3539//190
f 3546//190 3544//190 3543//190
f 3550//190 3548//190 3547//190
f 3554//190 3552//190 3551//190
f 3557//1472 3555//1472 3558//1472
f 3562//1473 3560//1473 3559//1473
f 3566//1474 3564//1474 3563//1474
f 3570//1475 3568//1475 3567//1475
f 3574//1476 3572//1476 3571//1476
f 3578//1477 3576//1477 3575//1477
f 3582//1478 3580//1478 3579//1478
f 3585//1479 3583//1479 3586//1479
f 3589//1478 3587//1478 3590//1478
f 3594//1480 3592//1480 3591//1480
f 3598//1481 3596//1482 3595//1483
f 3602//1484 3600//1485 3599//1486
f 3605//1487 3603//1488 3606//1489
f 3609//1490 3607//1491 3610//1492
f 3614//1493 3612//1494 3611//1495
f 3617//1496 3615//1497 3618//1498
f 3621//1499 3619//1500 3622//1501
f 3626//1502 3624//1503 3623//1504
f 3630//1505 3628//1506 3627//1507
f 3633//1508 3631//1509 3634//1510
f 3637//1511 3635//1512 3638//1513
f 3642//1514 3640//1515 3639//1516
f 3646//1517 3644//1518 3643//1519
f 3649//1520 3647//1521 3650//1522
f 3653//1523 3651//1524 3654//1524
f 3658//1525 3656//1526 3655//1527
f 3662//190 3660//190 3659//190
f 3666//190 3664//190 3663//190
f 3670//190 3668//190 3667//190
f 3674//190 3672//190 3671//190
f 7855//1528 7853//1528 7851//1528
f 462//134 461//134 460//134
f 465//135 464//135 463//135
f 470//136 469//136 468//136
f 473//137 472//137 471//137
f 477//139 476//139 475//139
f 482//140 481//140 480//140
f 486//3914 485//3914 484//3914
f 489//142 488//142 487//142
f 493//141 492//141 491//141
f 498//142 497//142 496//142
f 502//144 501//3915 500//145
f 506//147 505//3916 504//148
f 509//150 508//3917 507//151
f 513//153 512//3918 511//154
f 518//156 517//3919 516//157
f 521//159 520//3920 519//160
f 525//162 524//3921 523//163
f 530//165 529//3922 528//166
f 534//168 533//3923 532//169
f 537//171 536//3924 535//172
f 541//174 540//3925 539//175
f 546//177 545//3926 544//178
f 550//180 549//3927 548//180
f 553//182 552//3928 551//183
f 557//185 556//3929 555//185
f 562//187 561//3930 560//188
f 566//190 565//190 564//190
f 570//190 569//190 568//190
f 574//190 573//190 572//190
f 578//190 577//190 576//190
f 797//191 796//191 795//191
f 801//192 800//192 799//192
f 805//193 804//193 803//193
f 810//194 809//194 808//194
f 814//195 813//195 812//195
f 818//196 817//3931 816//196
f 822//3932 821//3932 820//3932
f 825//198 824//198 823//198
f 829//199 828//199 827//199
f 834//198 833//198 832//198
f 838//201 837//3933 836//202
f 842//204 841//3934 840//205
f 845//207 844//3935 843//208
f 849//210 848//3936 847//211
f 854//213 853//3937 852//214
f 857//216 856//3938 855//217
f 861//219 860//3939 859//220
f 866//222 865//3940 864//223
f 870//225 869//3941 868//226
f 873//228 872//3942 871//229
f 877//231 876//3943 875//232
f 882//234 881//3944 880//235
f 886//237 885//237 884//237
f 889//239 888//3945 887//240
f 893//242 892//242 891//243
f 898//245 897//3946 896//246
f 902//190 901//190 900//190
f 906//190 905//190 904//190
f 910//190 909//190 908//190
f 914//190 913//190 912//190
f 918//248 917//248 916//248
f 922//249 921//249 920//249
f 925//250 924//250 923//250
f 929//251 928//251 927//251
f 934//252 933//252 932//252
f 938//253 937//253 936//253
f 942//3947 941//3947 940//3947
f 946//255 945//255 944//255
f 949//254 948//254 947//254
f 954//255 953//255 952//255
f 958//257 957//3948 956//258
f 962//260 961//3949 960//261
f 965//263 964//3950 963//264
f 969//266 968//3951 967//267
f 974//269 973//3952 972//270
f 977//272 976//3953 975//273
f 981//275 980//3954 979//276
f 986//278 985//3955 984//279
f 990//281 989//3956 988//282
f 993//284 992//3957 991//285
f 997//287 996//3958 995//288
f 1002//290 1001//3959 1000//291
f 1006//293 1005//3960 1004//293
f 1009//295 1008//3961 1007//296
f 1013//298 1012//3962 1011//299
f 1018//300 1017//3963 1016//301
f 1022//190 1021//190 1020//190
f 1026//190 1025//190 1024//190
f 1030//190 1029//190 1028//190
f 1034//190 1033//190 1032//190
f 1038//303 1037//303 1036//303
f 1042//304 1041//304 1040//304
f 1046//305 1045//305 1044//305
f 1049//306 1048//306 1047//306
f 1053//307 1052//307 1051//307
f 1057//308 1056//308 1055//308
f 1062//3964 1061//3964 1060//3964
f 1065//310 1064//310 1063//310
f 1069//309 1068//309 1067//309
f 1074//310 1073//310 1072//310
f 1078//313 1077//3965 1076//314
f 1082//316 1081//3966 1080//317
f 1085//319 1084//3967 1083//320
f 1089//322 1088//3968 1087//323
f 1094//325 1093//3969 1092//326
f 1097//328 1096//3970 1095//329
f 1101//331 1100//3971 1099//332
f 1106//334 1105//3972 1104//335
f 1110//337 1109//3973 1108//338
f 1113//340 1112//3974 1111//341
f 1117//343 1116//3975 1115//344
f 1122//346 1121//3976 1120//347
f 1126//349 1125//3977 1124//350
f 1129//351 1128//3978 1127//352
f 1133//354 1132//354 1131//355
f 1138//356 1137//3979 1136//357
f 1142//190 1141//190 1140//190
f 1146//190 1145//190 1144//190
f 1150//190 1149//190 1148//190
f 1154//190 1153//190 1152//190
f 1157//359 1156//359 1155//359
f 1161//360 1160//3980 1159//360
f 1165//361 1164//361 1163//361
f 1170//362 1169//362 1168//362
f 1174//364 1173//364 1172//364
f 1178//365 1177//365 1176//365
f 1182//3981 1181//3981 1180//3981
f 1185//367 1184//367 1183//367
f 1190//366 1189//366 1188//366
f 1194//367 1193//367 1192//367
f 1198//369 1197//3982 1196//370
f 1202//372 1201//3983 1200//373
f 1205//375 1204//3984 1203//376
f 1209//378 1208//3985 1207//379
f 1214//381 1213//3986 1212//382
f 1217//384 1216//3987 1215//385
f 1221//387 1220//3988 1219//388
f 1226//390 1225//3989 1224//391
f 1230//393 1229//3990 1228//394
f 1233//396 1232//3991 1231//397
f 1237//399 1236//3992 1235//400
f 1242//402 1241//3993 1240//403
f 1246//405 1245//3994 1244//405
f 1249//407 1248//3995 1247//408
f 1253//410 1252//3996 1251//410
f 1258//412 1257//3997 1256//413
f 1262//190 1261//190 1260//190
f 1266//190 1265//190 1264//190
f 1270//190 1269//190 1268//190
f 1274//190 1273//190 1272//190
f 1277//415 1276//415 1275//415
f 1282//416 1281//416 1280//416
f 1285//417 1284//417 1283//417
f 1290//418 1289//418 1288//418
f 1294//419 1293//419 1292//419
f 1297//420 1296//420 1295//420
f 1302//3998 1301//3998 1300//3998
f 1305//422 1304//422 1303//422
f 1310//421 1309//421 1308//421
f 1314//422 1313//422 1312//422
f 1318//424 1317//3999 1316//425
f 1322//427 1321//4000 1320//428
f 1325//430 1324//4001 1323//431
f 1329//433 1328//4002 1327//434
f 1334//436 1333//4003 1332//437
f 1337//439 1336//4004 1335//440
f 1341//442 1340//4005 1339//443
f 1346//445 1345//4006 1344//446
f 1350//448 1349//4007 1348//449
f 1353//451 1352//4008 1351//452
f 1357//454 1356//4009 1355//455
f 1362//457 1361//4010 1360//458
f 1366//460 1365//4011 1364//461
f 1369//462 1368//4012 1367//463
f 1373//465 1372//4013 1371//465
f 1378//467 1377//4014 1376//468
f 1382//190 1381//190 1380//190
f 1386//190 1385//190 1384//190
f 1390//190 1389//190 1388//190
f 1394//190 1393//190 1392//190
f 1397//470 1396//470 1395//470
f 1402//471 1401//471 1400//471
f 1405//472 1404//472 1403//472
f 1410//473 1409//473 1408//473
f 1414//474 1413//474 1412//474
f 1417//475 1416//475 1415//475
f 1422//4015 1421//4015 1420//4015
f 1425//477 1424//477 1423//477
f 1429//476 1428//476 1427//476
f 1434//477 1433//477 1432//477
f 1438//479 1437//4016 1436//480
f 1442//482 1441//4017 1440//483
f 1445//485 1444//4018 1443//486
f 1449//488 1448//4019 1447//489
f 1454//491 1453//4020 1452//492
f 1457//494 1456//4021 1455//495
f 1461//497 1460//4022 1459//498
f 1466//500 1465//4023 1464//501
f 1470//503 1469//4024 1468//504
f 1473//506 1472//4025 1471//507
f 1477//509 1476//4026 1475//510
f 1482//512 1481//4027 1480//513
f 1486//515 1485//4028 1484//516
f 1489//518 1488//4029 1487//519
f 1493//521 1492//521 1491//521
f 1498//523 1497//4030 1496//524
f 1502//190 1501//190 1500//190
f 1506//190 1505//190 1504//190
f 1510//190 1509//190 1508//190
f 1514//190 1513//190 1512//190
f 1517//526 1516//526 1515//526
f 1521//527 1520//527 1519//527
f 1526//528 1525//528 1524//528
f 1530//529 1529//529 1528//529
f 1533//530 1532//530 1531//530
f 1537//531 1536//4031 1535//531
f 1542//4032 1541//4032 1540//4032
f 1546//533 1545//533 1544//534
f 1549//532 1548//532 1547//532
f 1554//534 1553//534 1552//534
f 1558//536 1557//4033 1556//537
f 1562//539 1561//4034 1560//540
f 1565//542 1564//4035 1563//543
f 1569//545 1568//4036 1567//546
f 1574//548 1573//4037 1572//549
f 1577//551 1576//4038 1575//552
f 1581//554 1580//4039 1579//555
f 1586//557 1585//4040 1584//558
f 1590//560 1589//4041 1588//561
f 1593//563 1592//4042 1591//564
f 1597//566 1596//4043 1595//567
f 1602//569 1601//4044 1600//570
f 1606//572 1605//573 1604//573
f 1609//575 1608//4045 1607//576
f 1613//578 1612//578 1611//578
f 1618//580 1617//4046 1616//581
f 1622//190 1621//190 1620//190
f 1626//190 1625//190 1624//190
f 1630//190 1629//190 1628//190
f 1634//190 1633//190 1632//190
f 1637//583 1636//583 1635//583
f 1642//584 1641//584 1640//584
f 1646//585 1645//585 1644//585
f 1650//586 1649//586 1648//586
f 1654//587 1653//587 1652//587
f 1657//588 1656//588 1655//588
f 1662//4047 1661//4047 1660//4047
f 1666//590 1665//590 1664//590
f 1669//589 1668//589 1667//589
f 1674//590 1673//590 1672//590
f 1678//592 1677//4048 1676//593
f 1682//595 1681//4049 1680//596
f 1685//598 1684//4050 1683//599
f 1689//601 1688//4051 1687//602
f 1694//604 1693//4052 1692//605
f 1697//607 1696//4053 1695//608
f 1701//610 1700//4054 1699//611
f 1706//613 1705//4055 1704//614
f 1710//616 1709//4056 1708//617
f 1713//619 1712//4057 1711//620
f 1717//622 1716//4058 1715//623
f 1722//625 1721//4059 1720//626
f 1726//628 1725//629 1724//629
f 1729//631 1728//4060 1727//632
f 1733//634 1732//634 1731//635
f 1738//637 1737//4061 1736//638
f 1742//190 1741//190 1740//190
f 1746//190 1745//190 1744//190
f 1750//190 1749//190 1748//190
f 1754//190 1753//190 1752//190
f 1757//640 1756//640 1755//640
f 1761//641 1760//641 1759//641
f 1766//642 1765//642 1764//642
f 1769//643 1768//643 1767//643
f 1773//644 1772//644 1771//644
f 1778//645 1777//645 1776//645
f 1782//4062 1781//4062 1780//4062
f 1786//647 1785//647 1784//647
f 1790//646 1789//646 1788//646
f 1794//647 1793//647 1792//647
f 1798//649 1797//4063 1796//650
f 1802//652 1801//4064 1800//653
f 1805//655 1804//4065 1803//656
f 1809//658 1808//4066 1807//659
f 1814//661 1813//4067 1812//662
f 1817//664 1816//4068 1815//665
f 1821//667 1820//4069 1819//668
f 1826//670 1825//4070 1824//671
f 1830//673 1829//4071 1828//674
f 1833//676 1832//4072 1831//677
f 1837//679 1836//4073 1835//680
f 1842//682 1841//4074 1840//683
f 1846//685 1845//4075 1844//686
f 1849//687 1848//4076 1847//688
f 1853//690 1852//690 1851//691
f 1858//693 1857//4077 1856//694
f 1862//190 1861//190 1860//190
f 1866//190 1865//190 1864//190
f 1870//190 1869//190 1868//190
f 1874//190 1873//190 1872//190
f 1877//696 1876//696 1875//696
f 1882//697 1881//697 1880//697
f 1885//698 1884//698 1883//698
f 1890//699 1889//699 1888//699
f 1894//700 1893//700 1892//700
f 1898//701 1897//701 1896//701
f 1902//4078 1901//4078 1900//4078
f 1905//703 1904//703 1903//703
f 1910//702 1909//702 1908//702
f 1914//703 1913//703 1912//703
f 1918//705 1917//4079 1916//706
f 1922//708 1921//4080 1920//709
f 1925//711 1924//4081 1923//712
f 1929//714 1928//4082 1927//715
f 1934//717 1933//4083 1932//718
f 1937//720 1936//4084 1935//721
f 1941//723 1940//4085 1939//724
f 1946//726 1945//4086 1944//727
f 1950//729 1949//4087 1948//730
f 1953//732 1952//4088 1951//733
f 1957//735 1956//4089 1955//736
f 1962//738 1961//4090 1960//739
f 1966//741 1965//4091 1964//741
f 1969//743 1968//4092 1967//744
f 1973//746 1972//746 1971//747
f 1978//748 1977//4093 1976//749
f 1982//190 1981//190 1980//190
f 1986//190 1985//190 1984//190
f 1990//190 1989//190 1988//190
f 1994//190 1993//190 1992//190
f 1998//751 1997//751 1996//751
f 2002//752 2001//752 2000//752
f 2006//753 2005//753 2004//753
f 2010//754 2009//754 2008//754
f 2013//755 2012//755 2011//755
f 2018//756 2017//756 2016//756
f 2022//4094 2021//4094 2020//4094
f 2025//758 2024//758 2023//758
f 2029//757 2028//757 2027//757
f 2034//758 2033//758 2032//758
f 2038//760 2037//4095 2036//761
f 2042//763 2041//4096 2040//764
f 2045//766 2044//4097 2043//767
f 2049//769 2048//4098 2047//770
f 2054//772 2053//4099 2052//773
f 2057//775 2056//4100 2055//776
f 2061//778 2060//4101 2059//779
f 2066//781 2065//4102 2064//782
f 2070//784 2069//4103 2068//785
f 2073//787 2072//4104 2071//788
f 2077//790 2076//4105 2075//791
f 2082//793 2081//4106 2080//794
f 2086//796 2085//4107 2084//796
f 2089//798 2088//4108 2087//799
f 2093//801 2092//801 2091//802
f 2098//803 2097//4109 2096//804
f 2102//190 2101//190 2100//190
f 2106//190 2105//190 2104//190
f 2110//190 2109//190 2108//190
f 2114//190 2113//190 2112//190
f 2118//806 2117//806 2116//806
f 2121//807 2120//807 2119//807
f 2126//808 2125//808 2124//808
f 2129//809 2128//809 2127//809
f 2133//810 2132//810 2131//810
f 2137//811 2136//811 2135//811
f 2142//4110 2141//4110 2140//4110
f 2146//813 2145//813 2144//813
f 2149//812 2148//812 2147//812
f 2154//813 2153//813 2152//813
f 2158//815 2157//4111 2156//816
f 2162//818 2161//4112 2160//819
f 2165//821 2164//4113 2163//822
f 2169//824 2168//4114 2167//825
f 2174//827 2173//4115 2172//828
f 2177//830 2176//4116 2175//831
f 2181//833 2180//4117 2179//834
f 2186//836 2185//4118 2184//837
f 2190//839 2189//4119 2188//840
f 2193//842 2192//4120 2191//843
f 2197//845 2196//4121 2195//846
f 2202//848 2201//4122 2200//849
f 2206//851 2205//4123 2204//851
f 2209//853 2208//4124 2207//854
f 2213//856 2212//856 2211//857
f 2218//859 2217//4125 2216//860
f 2222//190 2221//190 2220//190
f 2226//190 2225//190 2224//190
f 2230//190 2229//190 2228//190
f 2234//190 2233//190 2232//190
f 2237//862 2236//862 2235//862
f 2241//863 2240//863 2239//863
f 2246//864 2245//864 2244//864
f 2250//865 2249//865 2248//865
f 2254//866 2253//866 2252//866
f 2257//867 2256//867 2255//867
f 2262//4126 2261//4126 2260//4126
f 2266//869 2265//869 2264//869
f 2270//868 2269//868 2268//868
f 2274//869 2273//869 2272//869
f 2278//871 2277//4127 2276//872
f 2282//874 2281//4128 2280//875
f 2285//877 2284//4129 2283//878
f 2289//880 2288//4130 2287//881
f 2294//883 2293//4131 2292//884
f 2297//886 2296//4132 2295//887
f 2301//889 2300//4133 2299//890
f 2306//892 2305//4134 2304//893
f 2310//895 2309//4135 2308//896
f 2313//898 2312//4136 2311//899
f 2317//901 2316//4137 2315//902
f 2322//904 2321//4138 2320//905
f 2326//907 2325//907 2324//907
f 2329//909 2328//4139 2327//910
f 2333//912 2332//4140 2331//912
f 2338//914 2337//4141 2336//915
f 2342//190 2341//190 2340//190
f 2346//190 2345//190 2344//190
f 2350//190 2349//190 2348//190
f 2354//190 2353//190 2352//190
f 2357//917 2356//917 2355//917
f 2361//918 2360//918 2359//918
f 2365//919 2364//919 2363//919
f 2369//920 2368//920 2367//920
f 2374//921 2373//921 2372//921
f 2378//922 2377//922 2376//922
f 2382//4142 2381//4142 2380//4142
f 2386//924 2385//924 2384//924
f 2389//923 2388//923 2387//923
f 2394//924 2393//924 2392//924
f 2398//926 2397//4143 2396//927
f 2402//929 2401//4144 2400//930
f 2405//932 2404//4145 2403//933
f 2409//935 2408//4146 2407//936
f 2414//938 2413//4147 2412//939
f 2417//941 2416//4148 2415//942
f 2421//944 2420//4149 2419//945
f 2426//947 2425//4150 2424//948
f 2430//950 2429//4151 2428//951
f 2433//953 2432//4152 2431//954
f 2437//956 2436//4153 2435//957
f 2442//959 2441//4154 2440//960
f 2446//962 2445//4155 2444//962
f 2449//964 2448//4156 2447//965
f 2453//967 2452//967 2451//968
f 2458//969 2457//4157 2456//970
f 2462//190 2461//190 2460//190
f 2466//190 2465//190 2464//190
f 2470//190 2469//190 2468//190
f 2474//190 2473//190 2472//190
f 2478//972 2477//972 2476//972
f 2481//973 2480//973 2479//973
f 2486//974 2485//974 2484//974
f 2490//975 2489//975 2488//975
f 2494//976 2493//976 2492//976
f 2498//977 2497//977 2496//977
f 2502//4158 2501//4158 2500//4158
f 2506//979 2505//979 2504//979
f 2509//978 2508//978 2507//978
f 2514//979 2513//979 2512//979
f 2518//981 2517//4159 2516//982
f 2522//984 2521//4160 2520//985
f 2525//987 2524//4161 2523//988
f 2529//990 2528//4162 2527//991
f 2534//993 2533//4163 2532//994
f 2537//996 2536//4164 2535//997
f 2541//999 2540//4165 2539//1000
f 2546//1002 2545//4166 2544//1003
f 2550//1005 2549//4167 2548//1006
f 2553//1008 2552//4168 2551//1009
f 2557//1011 2556//4169 2555//1012
f 2562//1014 2561//4170 2560//1015
f 2566//1017 2565//4171 2564//1017
f 2569//1019 2568//4172 2567//1020
f 2573//1022 2572//4173 2571//1023
f 2578//1024 2577//4174 2576//1025
f 2582//190 2581//190 2580//190
f 2586//190 2585//190 2584//190
f 2590//190 2589//190 2588//190
f 2594//190 2593//190 2592//190
f 2597//1027 2596//1027 2595//1027
f 2602//1028 2601//1028 2600//1028
f 2605//1029 2604//1029 2603//1029
f 2609//1030 2608//1030 2607//1030
f 2613//1031 2612//1031 2611//1031
f 2617//1032 2616//1032 2615//1032
f 2622//4175 2621//4175 2620//4175
f 2626//1034 2625//1034 2624//1034
f 2630//1033 2629//1033 2628//1033
f 2634//1034 2633//1034 2632//1034
f 2638//1036 2637//4176 2636//1037
f 2642//1039 2641//4177 2640//1040
f 2645//1042 2644//4178 2643//1043
f 2649//1045 2648//4179 2647//1046
f 2654//1048 2653//4180 2652//1049
f 2657//1051 2656//4181 2655//1052
f 2661//1054 2660//4182 2659//1055
f 2666//1057 2665//4183 2664//1058
f 2670//1060 2669//4184 2668//1061
f 2673//1063 2672//4185 2671//1064
f 2677//1066 2676//4186 2675//1067
f 2682//1069 2681//4187 2680//1070
f 2686//1072 2685//4188 2684//1072
f 2689//1073 2688//4189 2687//1074
f 2693//1076 2692//4190 2691//1077
f 2698//1079 2697//4191 2696//1080
f 2702//190 2701//190 2700//190
f 2706//190 2705//190 2704//190
f 2710//190 2709//190 2708//190
f 2714//190 2713//190 2712//190
f 2717//1082 2716//1082 2715//1082
f 2721//1083 2720//1083 2719//1083
f 2726//1084 2725//1084 2724//1084
f 2729//1085 2728//1085 2727//1085
f 2733//1086 2732//1086 2731//1086
f 2737//1087 2736//1087 2735//1087
f 2742//4192 2741//4192 2740//4192
f 2745//1089 2744//1089 2743//1089
f 2750//1088 2749//1088 2748//1088
f 2754//4193 2753//4193 2752//4193
f 2758//1091 2757//4194 2756//1092
f 2762//1094 2761//4195 2760//1095
f 2765//1097 2764//4196 2763//1098
f 2769//1100 2768//4197 2767//1101
f 2774//1103 2773//4198 2772//1104
f 2777//1106 2776//4199 2775//1107
f 2781//1109 2780//4200 2779//1110
f 2786//1112 2785//4201 2784//1113
f 2790//1115 2789//4202 2788//1116
f 2793//1118 2792//4203 2791//1119
f 2797//1121 2796//4204 2795//1122
f 2802//1124 2801//4205 2800//1125
f 2806//1127 2805//4206 2804//1127
f 2809//1129 2808//4207 2807//1130
f 2813//1132 2812//4208 2811//1132
f 2818//1134 2817//4209 2816//1135
f 2822//190 2821//190 2820//190
f 2826//190 2825//190 2824//190
f 2830//190 2829//190 2828//190
f 2834//190 2833//190 2832//190
f 2837//1137 2836//1137 2835//1137
f 2841//1138 2840//1138 2839//1138
f 2845//1139 2844//1139 2843//1139
f 2850//1140 2849//1140 2848//1140
f 2854//1141 2853//1141 2852//1141
f 2857//1142 2856//1142 2855//1142
f 2862//4210 2861//4210 2860//4210
f 2865//1144 2864//1144 2863//1144
f 2870//1143 2869//1143 2868//1143
f 2874//1144 2873//1144 2872//1144
f 2878//1146 2877//4211 2876//1147
f 2882//1149 2881//4212 2880//1150
f 2885//1152 2884//4213 2883//1153
f 2889//1155 2888//4214 2887//1156
f 2894//1158 2893//4215 2892//1159
f 2897//1161 2896//4216 2895//1162
f 2901//1164 2900//4217 2899//1165
f 2906//1167 2905//4218 2904//1168
f 2910//1170 2909//4219 2908//1171
f 2913//1173 2912//4220 2911//1174
f 2917//1176 2916//4221 2915//1177
f 2922//1179 2921//4222 2920//1180
f 2926//1182 2925//4223 2924//1182
f 2929//1184 2928//4224 2927//1185
f 2933//1187 2932//4225 2931//1188
f 2938//1190 2937//4226 2936//1191
f 2942//190 2941//190 2940//190
f 2946//190 2945//190 2944//190
f 2950//190 2949//190 2948//190
f 2954//190 2953//190 2952//190
f 2958//1193 2957//1193 2956//1193
f 2961//1194 2960//1194 2959//1194
f 2966//1195 2965//1195 2964//1195
f 2969//1196 2968//1196 2967//1196
f 2973//1197 2972//1197 2971//1197
f 2978//1198 2977//1198 2976//1198
f 2982//4227 2981//4227 2980//4227
f 2986//1200 2985//1200 2984//1200
f 2989//1199 2988//1199 2987//1199
f 2994//1200 2993//1200 2992//1200
f 2998//1202 2997//4228 2996//1203
f 3002//1205 3001//4229 3000//1206
f 3005//1208 3004//4230 3003//1209
f 3009//1211 3008//4231 3007//1212
f 3014//1214 3013//4232 3012//1215
f 3017//1217 3016//4233 3015//1218
f 3021//1220 3020//4234 3019//1221
f 3026//1223 3025//4235 3024//1224
f 3030//1226 3029//4236 3028//1227
f 3033//1229 3032//4237 3031//1230
f 3037//1232 3036//4238 3035//1233
f 3042//1235 3041//4239 3040//1236
f 3046//1238 3045//1239 3044//1239
f 3049//1240 3048//4240 3047//1241
f 3053//1243 3052//1243 3051//1243
f 3058//1245 3057//4241 3056//1246
f 3062//190 3061//190 3060//190
f 3066//190 3065//190 3064//190
f 3070//190 3069//190 3068//190
f 3074//190 3073//190 3072//190
f 3077//1248 3076//1248 3075//1248
f 3081//1249 3080//1249 3079//1249
f 3086//1250 3085//1250 3084//1250
f 3089//1251 3088//1251 3087//1251
f 3093//1252 3092//1252 3091//1252
f 3098//1253 3097//1253 3096//1253
f 3102//4242 3101//4242 3100//4242
f 3106//1255 3105//1255 3104//1255
f 3110//1254 3109//1254 3108//1254
f 3114//1255 3113//1255 3112//1255
f 3118//1257 3117//4243 3116//1258
f 3122//1260 3121//4244 3120//1261
f 3125//1263 3124//4245 3123//1264
f 3129//1266 3128//4246 3127//1267
f 3134//1269 3133//4247 3132//1270
f 3137//1272 3136//4248 3135//1273
f 3141//1275 3140//4249 3139//1276
f 3146//1278 3145//4250 3144//1279
f 3150//1281 3149//4251 3148//1282
f 3153//1284 3152//4252 3151//1285
f 3157//1287 3156//4253 3155//1288
f 3162//1290 3161//4254 3160//1291
f 3166//1293 3165//4255 3164//1293
f 3169//1295 3168//4256 3167//1296
f 3173//1298 3172//4257 3171//1299
f 3178//1300 3177//4258 3176//1301
f 3182//190 3181//190 3180//190
f 3186//190 3185//190 3184//190
f 3190//190 3189//190 3188//190
f 3194//190 3193//190 3192//190
f 3197//1303 3196//1303 3195//1303
f 3202//1304 3201//1304 3200//1304
f 3206//1305 3205//1305 3204//1305
f 3210//1306 3209//1306 3208//1306
f 3214//1307 3213//1307 3212//1307
f 3218//1308 3217//1308 3216//1308
f 3222//4259 3221//4259 3220//4259
f 3226//1310 3225//1310 3224//1310
f 3230//1309 3229//1309 3228//1309
f 3234//1310 3233//1310 3232//1310
f 3238//1312 3237//4260 3236//1313
f 3242//1315 3241//4261 3240//1316
f 3245//1318 3244//4262 3243//1319
f 3249//1321 3248//4263 3247//1322
f 3254//1324 3253//4264 3252//1325
f 3257//1327 3256//4265 3255//1328
f 3261//1330 3260//4266 3259//1331
f 3266//1333 3265//4267 3264//1334
f 3270//1336 3269//4268 3268//1337
f 3273//1339 3272//4269 3271//1340
f 3277//1342 3276//4270 3275//1343
f 3282//1345 3281//4271 3280//1346
f 3286//1348 3285//1349 3284//1349
f 3289//1351 3288//4272 3287//1352
f 3293//1354 3292//4273 3291//1354
f 3298//1356 3297//4274 3296//1357
f 3302//190 3301//190 3300//190
f 3306//190 3305//190 3304//190
f 3310//190 3309//190 3308//190
f 3314//190 3313//190 3312//190
f 3318//1359 3317//1359 3316//1359
f 3321//1360 3320//1360 3319//1360
f 3326//1361 3325//1361 3324//1361
f 3330//1362 3329//1362 3328//1362
f 3333//1363 3332//1363 3331//1363
f 3338//1364 3337//1364 3336//1364
f 3342//4275 3341//4275 3340//4275
f 3345//1366 3344//1366 3343//1366
f 3349//1365 3348//1365 3347//1365
f 3354//1366 3353//1366 3352//1366
f 3358//1368 3357//4276 3356//1369
f 3362//1371 3361//4277 3360//1372
f 3365//1374 3364//4278 3363//1375
f 3369//1377 3368//4279 3367//1378
f 3374//1380 3373//4280 3372//1381
f 3377//1383 3376//4281 3375//1384
f 3381//1386 3380//4282 3379//1387
f 3386//1389 3385//4283 3384//1390
f 3390//1392 3389//4284 3388//1393
f 3393//1395 3392//4285 3391//1396
f 3397//1398 3396//4286 3395//1399
f 3402//1401 3401//4287 3400//1402
f 3406//1404 3405//4288 3404//1404
f 3409//1406 3408//4289 3407//1407
f 3413//1409 3412//1409 3411//1410
f 3418//1412 3417//4290 3416//1413
f 3422//190 3421//190 3420//190
f 3426//190 3425//190 3424//190
f 3430//190 3429//190 3428//190
f 3434//190 3433//190 3432//190
f 3437//1415 3436//1415 3435//1415
f 3441//1416 3440//1416 3439//1416
f 3446//1417 3445//1417 3444//1417
f 3450//1418 3449//1419 3448//1419
f 3453//1420 3452//1420 3451//1420
f 3458//1421 3457//1421 3456//1421
f 3462//4291 3461//4291 3460//4291
f 3466//1423 3465//1423 3464//1423
f 3470//1422 3469//1422 3468//1422
f 3474//1423 3473//1423 3472//1423
f 3478//1425 3477//4292 3476//1426
f 3482//1428 3481//4293 3480//1429
f 3485//1431 3484//4294 3483//1432
f 3489//1434 3488//4295 3487//1435
f 3494//1437 3493//4296 3492//1438
f 3497//1440 3496//4297 3495//1441
f 3501//1443 3500//4298 3499//1444
f 3506//1446 3505//4299 3504//1447
f 3510//1449 3509//4300 3508//1450
f 3513//1452 3512//4301 3511//1453
f 3517//1455 3516//4302 3515//1456
f 3522//1458 3521//4303 3520//1459
f 3526//1461 3525//1462 3524//1462
f 3529//1464 3528//4304 3527//1465
f 3533//1467 3532//4305 3531//1467
f 3538//1469 3537//4306 3536//1470
f 3542//190 3541//190 3540//190
f 3546//190 3545//190 3544//190
f 3550//190 3549//190 3548//190
f 3554//190 3553//190 3552//190
f 3557//1472 3556//1472 3555//1472
f 3562//1473 3561//1473 3560//1473
f 3566//1474 3565//1474 3564//1474
f 3570//1475 3569//1475 3568//1475
f 3574//1476 3573//1476 3572//1476
f 3578//1477 3577//4307 3576//1477
f 3582//4308 3581//4308 3580//4308
f 3585//1479 3584//1479 3583//1479
f 3589//1478 3588//1478 3587//1478
f 3594//1479 3593//1479 3592//1479
f 3598//1481 3597//4309 3596//1482
f 3602//1484 3601//4310 3600//1485
f 3605//1487 3604//4311 3603//1488
f 3609//1490 3608//4312 3607//1491
f 3614//1493 3613//4313 3612//1494
f 3617//1496 3616//4314 3615//1497
f 3621//1499 3620//4315 3619//1500
f 3626//1502 3625//4316 3624//1503
f 3630//1505 3629//4317 3628//1506
f 3633//1508 3632//4318 3631//1509
f 3637//1511 3636//4319 3635//1512
f 3642//1514 3641//4320 3640//1515
f 3646//1517 3645//1518 3644//1518
f 3649//1520 3648//4321 3647//1521
f 3653//1523 3652//4322 3651//1524
f 3658//1525 3657//4323 3656//1526
f 3662//190 3661//190 3660//190
f 3666//190 3665//190 3664//190
f 3670//190 3669//190 3668//190
f 3674//190 3673//190 3672//190
f 7850//1528 7856//1528 7855//1528
f 7855//1528 7854//1528 7853//1528
f 7853//1528 7852//1528 7851//1528
f 7851//1528 7850//1528 7855//1528
g model_mat8
usemtl mat8
f 581//1529 579//1529 582//1529
f 585//1530 583//1530 586//1530
f 589//1531 587//1531 590//1531
f 593//1532 591//1532 594//1532
f 597//1533 595//1533 598//1533
f 601//1534 599//1534 602//1534
f 605//1535 603//1535 606//1535
f 609//1536 607//1536 610//1536
f 613//1537 611//1537 614//1537
f 617//1538 615//1538 618//1538
f 621//1539 619//1539 622//1539
f 625//1540 623//1540 626//1540
f 629//1541 627//1541 630//1541
f 633//1542 631//1542 634//1542
f 637//1543 635//1543 638//1543
f 642//1544 640//1544 639//1544
f 645//1545 643//1545 646//1545
f 649//1546 647//1546 650//1546
f 653//1547 651//1547 654//1547
f 658//1548 656//1548 655//1548
f 661//1549 659//1549 662//1549
f 666//1550 664//1550 663//1550
f 670//1551 668//1551 667//1551
f 674//1552 672//1552 671//1552
f 678//1553 676//1553 675//1553
f 682//1554 680//1554 679//1554
f 686//1555 684//1555 683//1555
f 689//1556 687//1556 690//1556
f 693//1557 691//1557 694//1557
f 698//1558 696//1558 695//1558
f 701//1559 699//1559 702//1559
f 705//1560 703//1560 706//1560
f 709//1561 707//1561 710//1561
f 713//1562 711//1562 714//1562
f 717//1563 715//1563 718//1563
f 721//1564 719//1564 722//1564
f 725//1565 723//1565 726//1565
f 730//1566 728//1566 727//1566
f 734//1567 732//1567 731//1567
f 738//1568 736//1568 735//1568
f 742//1569 740//1569 739//1569
f 746//1570 744//1570 743//1570
f 749//1571 747//1571 750//1571
f 753//1572 751//1572 754//1572
f 758//1573 756//1573 755//1573
f 762//1574 760//1574 759//1574
f 765//1575 763//1575 766//1575
f 769//1576 767//1576 770//1576
f 774//1577 772//1577 771//1577
f 778//1578 776//1578 775//1578
f 782//1579 780//1579 779//1579
f 786//1580 784//1580 783//1580
f 789//1581 787//1581 790//1581
f 793//1582 791//1582 794//1582
f 581//1529 580//1529 579//1529
f 585//1530 584//1530 583//1530
f 589//1531 588//1531 587//1531
f 593//1532 592//1532 591//1532
f 597//1533 596//1533 595//1533
f 601//1534 600//1534 599//1534
f 605//1535 604//1535 603//1535
f 609//1536 608//1536 607//1536
f 613//1537 612//1537 611//1537
f 617//1538 616//1538 615//1538
f 621//1539 620//1539 619//1539
f 625//1540 624//1540 623//1540
f 629//1541 628//1541 627//1541
f 633//1542 632//1542 631//1542
f 637//1543 636//1543 635//1543
f 642//1544 641//1544 640//1544
f 645//1545 644//1545 643//1545
f 649//1546 648//1546 647//1546
f 653//1547 652//1547 651//1547
f 658//1548 657//1548 656//1548
f 661//1549 660//1549 659//1549
f 666//1550 665//1550 664//1550
f 670//1551 669//4324 668//1551
f 674//1552 673//1552 672//1552
f 678//1553 677//1553 676//1553
f 682//1554 681//1554 680//1554
f 686//1555 685//1555 684//1555
f 689//1556 688//1556 687//1556
f 693//1557 692//1557 691//1557
f 698//1558 697//1558 696//1558
f 701//1559 700//1559 699//1559
f 705//1560 704//1560 703//1560
f 709//1561 708//1561 707//1561
f 713//1562 712//4325 711//1562
f 717//1563 716//1563 715//1563
f 721//1564 720//1564 719//1564
f 725//1565 724//1565 723//1565
f 730//1566 729//1566 728//1566
f 734//1567 733//1567 732//1567
f 738//1568 737//1568 736//1568
f 742//1569 741//1569 740//1569
f 746//1570 745//1570 744//1570
f 749//1571 748//1571 747//1571
f 753//1572 752//1572 751//1572
f 758//1573 757//1573 756//1573
f 762//1574 761//1574 760//1574
f 765//1575 764//1575 763//1575
f 769//1576 768//1576 767//1576
f 774//1577 773//1577 772//1577
f 778//1578 777//1578 776//1578
f 782//1579 781//1579 780//1579
f 786//1580 785//1580 784//1580
f 789//1581 788//1581 787//1581
f 793//1582 792//1582 791//1582
g model_mat12
usemtl mat12
f 3677//1583 3675//1583 3678//1583
f 3682//1584 3680//1584 3679//1584
f 3686//1585 3684//1585 3683//1585
f 3689//1586 3687//1586 3690//1586
f 3693//1587 3691//1587 3694//1587
f 3698//1588 3696//1588 3695//1588
f 3701//1589 3699//1590 3702//1591
f 3706//1592 3704//1593 3703//1594
f 3710//1595 3708//1596 3707//1597
f 3713//1598 3711//1599 3714//1600
f 3717//1601 3715//1601 3718//1601
f 3721//1602 3719//1602 3722//1602
f 3726//1603 3724//1603 3723//1603
f 3729//1604 3727//1604 3730//1604
f 3734//1605 3732//1605 3731//1605
f 3737//1606 3735//1606 3738//1606
f 3741//1607 3739//1608 3742//1609
f 3745//1610 3743//1611 3746//1612
f 3750//1613 3748//1614 3747//1615
f 3754//1616 3752//1617 3751//1618
f 3757//1619 3755//1620 3758//1621
f 3761//1622 3759//1623 3762//1624
f 3766//1625 3764//1626 3763//1627
f 3770//1628 3768//1629 3767//1630
f 3773//1631 3771//1632 3774//1633
f 3778//1634 3776//1635 3775//1636
f 3782//1637 3780//1638 3779//1639
f 3785//1640 3783//1641 3786//1642
f 3789//1643 3787//1644 3790//1645
f 3794//1646 3792//1647 3791//1648
f 3798//1649 3796//1650 3795//1651
f 3801//1652 3799//1653 3802//1654
f 3805//1655 3803//1656 3806//1657
f 3810//1658 3808//1659 3807//1660
f 3814//1661 3812//1662 3811//1663
f 3817//1664 3815//1665 3818//1666
f 3821//1667 3819//1668 3822//1669
f 3826//1670 3824//1671 3823//1672
f 3830//1673 3828//1674 3827//1675
f 3833//1676 3831//1677 3834//1678
f 3837//1679 3835//1680 3838//1681
f 3842//1682 3840//1683 3839//1684
f 3846//1685 3844//1686 3843//1687
f 3849//1688 3847//1689 3850//1690
f 3854//1691 3852//1692 3851//1693
f 3858//1694 3856//1695 3855//1696
f 3861//1697 3859//1698 3862//1699
f 3865//1700 3863//1701 3866//1702
f 3870//1703 3868//1704 3867//1705
f 3874//1706 3872//1707 3871//1708
f 3877//1709 3875//1710 3878//1711
f 3881//1712 3879//1713 3882//1714
f 3886//190 3884//190 3883//190
f 3890//190 3888//190 3887//190
f 3894//190 3892//190 3891//190
f 3898//190 3896//190 3895//190
f 3901//1715 3899//1715 3902//1715
f 3905//1716 3903//1716 3906//1716
f 3909//1717 3907//1717 3910//1717
f 3914//1718 3912//1718 3911//1718
f 3917//1719 3915//1719 3918//1719
f 3922//1720 3920//1720 3919//1720
f 3925//1721 3923//1721 3926//1722
f 3929//1723 3927//1724 3930//1725
f 3934//1726 3932//1726 3931//1727
f 3938//1728 3936//1729 3935//1730
f 3941//1731 3939//1731 3942//1732
f 3945//1733 3943//1734 3946//1735
f 3950//1736 3948//1737 3947//1738
f 3954//1739 3952//1740 3951//1741
f 3957//1742 3955//1743 3958//1744
f 3961//1745 3959//1746 3962//1747
f 3966//1748 3964//1749 3963//1750
f 3970//1751 3968//1752 3967//1753
f 3973//1754 3971//1755 3974//1756
f 3977//1757 3975//1758 3978//1759
f 3982//1760 3980//1760 3979//1761
f 3986//1762 3984//1763 3983//1764
f 3989//1765 3987//1766 3990//1767
f 3993//1768 3991//1768 3994//1769
f 3998//1770 3996//1771 3995//1772
f 4002//1773 4000//1773 3999//1774
f 4006//1775 4004//1776 4003//1777
f 4009//1778 4007//1779 4010//1780
f 4013//1781 4011//1782 4014//1783
f 4018//1784 4016//1785 4015//1786
f 4022//1787 4020//1788 4019//1789
f 4025//1790 4023//1791 4026//1792
f 4029//1793 4027//1794 4030//1795
f 4034//1796 4032//1797 4031//1798
f 4038//190 4036//190 4035//190
f 4042//190 4040//190 4039//190
f 4046//190 4044//190 4043//190
f 4050//190 4048//190 4047//190
f 4054//1799 4052//1799 4051//1799
f 4058//1800 4056//1800 4055//1800
f 4062//1801 4060//1801 4059//1801
f 4065//1802 4063//1802 4066//1802
f 4070//1803 4068//1803 4067//1804
f 4073//1805 4071//1805 4074//1805
f 4077//1806 4075//1807 4078//1808
f 4081//1809 4079//1810 4082//1811
f 4086//1812 4084//1813 4083//1814
f 4090//1815 4088//1816 4087//1817
f 4093//1818 4091//1819 4094//1820
f 4097//1821 4095//1822 4098//1823
f 4102//1824 4100//1825 4099//1826
f 4106//1827 4104//1828 4103//1829
f 4109//1830 4107//1831 4110//1832
f 4113//1833 4111//1834 4114//1835
f 4118//1836 4116//1837 4115//1838
f 4122//1839 4120//1840 4119//1841
f 4125//1842 4123//1843 4126//1844
f 4129//1845 4127//1846 4130//1847
f 4134//1848 4132//1849 4131//1850
f 4138//1851 4136//1851 4135//1852
f 4142//1853 4140//1854 4139//1855
f 4145//1856 4143//1857 4146//1858
f 4149//1859 4147//1860 4150//1861
f 4154//1862 4152//1863 4151//1864
f 4158//1865 4156//1865 4155//1866
f 4161//1867 4159//1868 4162//1869
f 4165//1870 4163//1871 4166//1872
f 4170//1873 4168//1874 4167//1875
f 4174//1876 4172//1877 4171//1878
f 4178//1879 4176//1880 4175//1881
f 4181//1882 4179//1883 4182//1884
f 4185//1885 4183//1886 4186//1887
f 4190//190 4188//190 4187//190
f 4194//190 4192//190 4191//190
f 4198//190 4196//190 4195//190
f 4202//190 4200//190 4199//190
f 4205//1888 4203//1888 4206//1888
f 4209//1889 4207//1889 4210//1889
f 4214//1890 4212//1890 4211//1890
f 4217//1891 4215//1891 4218//1891
f 4222//1892 4220//1892 4219//1892
f 4226//1893 4224//1893 4223//1893
f 4229//1894 4227//1895 4230//1896
f 4234//1897 4232//1898 4231//1899
f 4238//1900 4236//1901 4235//1902
f 4241//1903 4239//1904 4242//1905
f 4245//1906 4243//1907 4246//1908
f 4250//1909 4248//1910 4247//1911
f 4254//1912 4252//1913 4251//1914
f 4257//1915 4255//1916 4258//1917
f 4261//1918 4259//1919 4262//1920
f 4266//1921 4264//1922 4263//1923
f 4270//1924 4268//1925 4267//1926
f 4273//1927 4271//1928 4274//1929
f 4277//1930 4275//1931 4278//1932
f 4282//1933 4280//1934 4279//1935
f 4286//1936 4284//1937 4283//1938
f 4289//1939 4287//1940 4290//1941
f 4293//1942 4291//1943 4294//1944
f 4298//1945 4296//1946 4295//1947
f 4302//1948 4300//1949 4299//1950
f 4305//1951 4303//1952 4306//1953
f 4310//1954 4308//1955 4307//1956
f 4314//1957 4312//1958 4311//1959
f 4317//1960 4315//1961 4318//1962
f 4321//1963 4319//1964 4322//1965
f 4326//1966 4324//1966 4323//1967
f 4330//1968 4328//1969 4327//1970
f 4333//1971 4331//1971 4334//1972
f 4337//1973 4335//1974 4338//1975
f 4342//1976 4340//1977 4339//1978
f 4346//1979 4344//1980 4343//1981
f 4349//1982 4347//1983 4350//1984
f 4353//1985 4351//1986 4354//1987
f 4358//190 4356//190 4355//190
f 4362//190 4360//190 4359//190
f 4366//190 4364//190 4363//190
f 4370//190 4368//190 4367//190
f 4373//1988 4371//1988 4374//1988
f 4377//1989 4375//1989 4378//1989
f 4382//1990 4380//1990 4379//1990
f 4386//1991 4384//1991 4383//1991
f 4389//1992 4387//1992 4390//1992
f 4393//1993 4391//1993 4394//1993
f 4397//1994 4395//1995 4398//1996
f 4402//1997 4400//1998 4399//1999
f 4406//2000 4404//2001 4403//2002
f 4409//2003 4407//2004 4410//2005
f 4413//2006 4411//2007 4414//2008
f 4418//2009 4416//2010 4415//2011
f 4422//2012 4420//2013 4419//2014
f 4425//2015 4423//2016 4426//2017
f 4430//2018 4428//2019 4427//2020
f 4434//2021 4432//2021 4431//2022
f 4437//2023 4435//2024 4438//2025
f 4441//2026 4439//2026 4442//2027
f 4446//2028 4444//2029 4443//2030
f 4450//2031 4448//2032 4447//2033
f 4453//2034 4451//2035 4454//2036
f 4457//2037 4455//2038 4458//2039
f 4462//2040 4460//2041 4459//2042
f 4466//2043 4464//2044 4463//2045
f 4469//2046 4467//2047 4470//2048
f 4473//2049 4471//2050 4474//2051
f 4478//2052 4476//2053 4475//2054
f 4481//2055 4479//2056 4482//2057
f 4485//2058 4483//2059 4486//2060
f 4490//2061 4488//2062 4487//2063
f 4494//2064 4492//2064 4491//2064
f 4498//2065 4496//2065 4495//2065
f 4501//2066 4499//2066 4502//2066
f 4505//2065 4503//2065 4506//2065
f 4509//2067 4507//2068 4510//2069
f 4514//2070 4512//2071 4511//2072
f 4518//2073 4516//2074 4515//2075
f 4521//2076 4519//2077 4522//2078
f 4526//190 4524//190 4523//190
f 4530//190 4528//190 4527//190
f 4534//190 4532//190 4531//190
f 4538//190 4536//190 4535//190
f 4542//2079 4540//2079 4539//2079
f 4546//2080 4544//2080 4543//2080
f 4549//2081 4547//2081 4550//2081
f 4554//2082 4552//2082 4551//2082
f 4558//2083 4556//2083 4555//2083
f 4561//2084 4559//2084 4562//2084
f 4566//2085 4564//2086 4563//2087
f 4570//2088 4568//2089 4567//2090
f 4573//2091 4571//2092 4574//2093
f 4577//2094 4575//2095 4578//2096
f 4581//2097 4579//2098 4582//2099
f 4586//2100 4584//2100 4583//2101
f 4590//2102 4588//2102 4587//2103
f 4593//2104 4591//2104 4594//2105
f 4598//2106 4596//2107 4595//2108
f 4601//2109 4599//2110 4602//2111
f 4605//2112 4603//2113 4606//2114
f 4610//2115 4608//2116 4607//2117
f 4614//2118 4612//2119 4611//2120
f 4617//2121 4615//2122 4618//2123
f 4621//2124 4619//2125 4622//2126
f 4626//2127 4624//2128 4623//2129
f 4630//2130 4628//2131 4627//2132
f 4633//2133 4631//2134 4634//2135
f 4637//2136 4635//2137 4638//2138
f 4642//2139 4640//2140 4639//2141
f 4646//190 4644//190 4643//190
f 4650//190 4648//190 4647//190
f 4654//190 4652//190 4651//190
f 4658//190 4656//190 4655//190
f 4662//2142 4660//2142 4659//2142
f 4665//2143 4663//2143 4666//2143
f 4670//2144 4668//2144 4667//2144
f 4673//2145 4671//2145 4674//2145
f 4678//2146 4676//2146 4675//2146
f 4681//2147 4679//2147 4682//2147
f 4685//2148 4683//2149 4686//2150
f 4689//2151 4687//2152 4690//2153
f 4694//2154 4692//2155 4691//2156
f 4698//2157 4696//2158 4695//2159
f 4701//2160 4699//2161 4702//2162
f 4705//2163 4703//2164 4706//2165
f 4710//2166 4708//2167 4707//2168
f 4714//2169 4712//2170 4711//2171
f 4717//2172 4715//2173 4718//2174
f 4721//2175 4719//2176 4722//2177
f 4726//2178 4724//2179 4723//2180
f 4730//2181 4728//2182 4727//2183
f 4733//2184 4731//2185 4734//2186
f 4737//2187 4735//2188 4738//2189
f 4742//2190 4740//2191 4739//2192
f 4746//2193 4744//2194 4743//2195
f 4749//2196 4747//2197 4750//2198
f 4753//2199 4751//2200 4754//2201
f 4758//2202 4756//2203 4755//2204
f 4762//2205 4760//2206 4759//2207
f 4765//2208 4763//2208 4766//2209
f 4769//2210 4767//2211 4770//2212
f 4774//2213 4772//2213 4771//2214
f 4778//2215 4776//2215 4775//2216
f 4782//2217 4780//2218 4779//2219
f 4785//2220 4783//2221 4786//2222
f 4789//2223 4787//2224 4790//2225
f 4794//2226 4792//2227 4791//2228
f 4798//2229 4796//2230 4795//2231
f 4801//2232 4799//2233 4802//2234
f 4805//2235 4803//2236 4806//2237
f 4810//2238 4808//2239 4807//2240
f 4814//2241 4812//2242 4811//2243
f 4817//2244 4815//2245 4818//2246
f 4821//2247 4819//2248 4822//2249
f 4826//2250 4824//2251 4823//2252
f 4830//2253 4828//2254 4827//2255
f 4834//2256 4832//2257 4831//2258
f 4837//2259 4835//2260 4838//2261
f 4841//2262 4839//2263 4842//2264
f 4846//190 4844//190 4843//190
f 4850//190 4848//190 4847//190
f 4854//190 4852//190 4851//190
f 4858//190 4856//190 4855//190
f 4861//2265 4859//2265 4862//2265
f 4865//2266 4863//2266 4866//2266
f 4870//2267 4868//2267 4867//2267
f 4874//2268 4872//2268 4871//2268
f 4878//2269 4876//2269 4875//2269
f 4881//2270 4879//2270 4882//2270
f 4885//2271 4883//2271 4886//2272
f 4889//2273 4887//2273 4890//2274
f 4894//2275 4892//2275 4891//2276
f 4898//2277 4896//2277 4895//2278
f 4901//2279 4899//2280 4902//2281
f 4905//2282 4903//2283 4906//2284
f 4910//2285 4908//2286 4907//2287
f 4914//2288 4912//2289 4911//2290
f 4917//2291 4915//2292 4918//2293
f 4921//2294 4919//2295 4922//2296
f 4926//2297 4924//2298 4923//2299
f 4930//2300 4928//2301 4927//2302
f 4933//2303 4931//2303 4934//2304
f 4937//2305 4935//2306 4938//2307
f 4942//2308 4940//2309 4939//2310
f 4946//2311 4944//2312 4943//2313
f 4950//2314 4948//2315 4947//2316
f 4953//2317 4951//2318 4954//2319
f 4957//2320 4955//2321 4958//2322
f 4962//2323 4960//2324 4959//2325
f 4966//2326 4964//2327 4963//2328
f 4969//2329 4967//2330 4970//2331
f 4973//2332 4971//2333 4974//2334
f 4978//2335 4976//2336 4975//2337
f 4982//2338 4980//2339 4979//2340
f 4985//2341 4983//2342 4986//2343
f 4989//2344 4987//2345 4990//2346
f 4994//2347 4992//2348 4991//2349
f 4998//2350 4996//2350 4995//2351
f 5001//2352 4999//2353 5002//2354
f 5005//2355 5003//2356 5006//2357
f 5010//2358 5008//2359 5007//2360
f 5014//2361 5012//2361 5011//2362
f 5018//2363 5016//2364 5015//2365
f 5021//2366 5019//2367 5022//2368
f 5025//2369 5023//2370 5026//2371
f 5030//190 5028//190 5027//190
f 5034//190 5032//190 5031//190
f 5038//190 5036//190 5035//190
f 5042//190 5040//190 5039//190
f 5046//2372 5044//2372 5043//2372
f 5049//2373 5047//2373 5050//2373
f 5053//2374 5051//2374 5054//2374
f 5057//2375 5055//2375 5058//2375
f 5062//2376 5060//2376 5059//2376
f 5065//2377 5063//2377 5066//2377
f 5069//2378 5067//2379 5070//2380
f 5073//2381 5071//2382 5074//2383
f 5078//2384 5076//2385 5075//2386
f 5082//2387 5080//2388 5079//2389
f 5085//2390 5083//2390 5086//2391
f 5089//2392 5087//2393 5090//2394
f 5094//2395 5092//2396 5091//2397
f 5098//2398 5096//2399 5095//2400
f 5101//2401 5099//2402 5102//2403
f 5106//2404 5104//2405 5103//2406
f 5110//2407 5108//2408 5107//2409
f 5113//2410 5111//2411 5114//2412
f 5117//2413 5115//2414 5118//2415
f 5122//2416 5120//2417 5119//2418
f 5126//2419 5124//2420 5123//2421
f 5129//2422 5127//2423 5130//2424
f 5134//2425 5132//2426 5131//2427
f 5138//2428 5136//2428 5135//2429
f 5141//2430 5139//2430 5142//2431
f 5145//2432 5143//2433 5146//2434
f 5150//2435 5148//2436 5147//2437
f 5154//2438 5152//2439 5151//2440
f 5157//2441 5155//2442 5158//2443
f 5161//2444 5159//2445 5162//2446
f 5166//2447 5164//2448 5163//2449
f 5170//2450 5168//2451 5167//2452
f 5173//2453 5171//2454 5174//2455
f 5177//2456 5175//2457 5178//2458
f 5182//2459 5180//2460 5179//2461
f 5186//2462 5184//2463 5183//2464
f 5189//2465 5187//2466 5190//2467
f 5193//2468 5191//2469 5194//2470
f 5198//190 5196//190 5195//190
f 5202//190 5200//190 5199//190
f 5206//190 5204//190 5203//190
f 5210//190 5208//190 5207//190
f 5213//2471 5211//2471 5214//2471
f 5218//2472 5216//2472 5215//2472
f 5222//2473 5220//2473 5219//2473
f 5226//2474 5224//2474 5223//2474
f 5230//2475 5228//2475 5227//2475
f 5233//2476 5231//2476 5234//2476
f 5237//2477 5235//2478 5238//2479
f 5242//2480 5240//2481 5239//2482
f 5246//2483 5244//2484 5243//2485
f 5249//2486 5247//2487 5250//2488
f 5253//2489 5251//2489 5254//2490
f 5258//2491 5256//2491 5255//2492
f 5262//2493 5260//2494 5259//2495
f 5265//2496 5263//2497 5266//2498
f 5269//2499 5267//2500 5270//2501
f 5274//2502 5272//2503 5271//2504
f 5278//2505 5276//2506 5275//2507
f 5281//2508 5279//2509 5282//2510
f 5286//2511 5284//2512 5283//2513
f 5290//2514 5288//2515 5287//2516
f 5293//2517 5291//2518 5294//2519
f 5297//2520 5295//2521 5298//2522
f 5302//2523 5300//2524 5299//2525
f 5306//2526 5304//2527 5303//2528
f 5309//2529 5307//2530 5310//2531
f 5313//2532 5311//2533 5314//2534
f 5318//2535 5316//2536 5315//2537
f 5322//2538 5320//2539 5319//2540
f 5325//2541 5323//2541 5326//2542
f 5329//2543 5327//2544 5330//2545
f 5334//2546 5332//2546 5331//2546
f 5338//2547 5336//2547 5335//2547
f 5342//2546 5340//2546 5339//2546
f 5346//2548 5344//2548 5343//2549
f 5349//2550 5347//2551 5350//2552
f 5353//2553 5351//2554 5354//2555
f 5358//2556 5356//2557 5355//2558
f 5362//2559 5360//2560 5359//2561
f 5366//2562 5364//2562 5363//2562
f 5370//2563 5368//2563 5367//2563
f 5374//2562 5372//2562 5371//2562
f 5378//2563 5376//2563 5375//2563
f 5382//2564 5380//2565 5379//2566
f 5386//2567 5384//2568 5383//2569
f 5389//2570 5387//2571 5390//2572
f 5393//2573 5391//2574 5394//2575
f 5398//190 5396//190 5395//190
f 5402//190 5400//190 5399//190
f 5406//190 5404//190 5403//190
f 5410//190 5408//190 5407//190
f 5413//2576 5411//2576 5414//2576
f 5417//2577 5415//2577 5418//2577
f 5421//2578 5419//2578 5422//2578
f 5425//2579 5423//2579 5426//2579
f 5429//2580 5427//2580 5430//2580
f 5434//2581 5432//2581 5431//2581
f 5437//2582 5435//2582 5438//2583
f 5441//2584 5439//2585 5442//2586
f 5446//2587 5444//2588 5443//2589
f 5450//2590 5448//2591 5447//2592
f 5453//2593 5451//2594 5454//2595
f 5458//2596 5456//2597 5455//2598
f 5462//2599 5460//2599 5459//2599
f 5465//2600 5463//2601 5466//2602
f 5469//2603 5467//2604 5470//2605
f 5474//2606 5472//2607 5471//2608
f 5478//2609 5476//2610 5475//2611
f 5481//2612 5479//2613 5482//2614
f 5485//2615 5483//2616 5486//2617
f 5490//2618 5488//2619 5487//2620
f 5494//2621 5492//2622 5491//2623
f 5497//2624 5495//2625 5498//2626
f 5501//2627 5499//2628 5502//2629
f 5505//2630 5503//2631 5506//2632
f 5510//2633 5508//2634 5507//2635
f 5514//2636 5512//2637 5511//2638
f 5518//2639 5516//2640 5515//2641
f 5521//2642 5519//2643 5522//2644
f 5525//2645 5523//2646 5526//2647
f 5530//2648 5528//2649 5527//2650
f 5534//2651 5532//2652 5531//2653
f 5537//2654 5535//2655 5538//2656
f 5541//2657 5539//2658 5542//2659
f 5546//2660 5544//2661 5543//2662
f 5550//2663 5548//2664 5547//2665
f 5553//2666 5551//2667 5554//2668
f 5557//2669 5555//2670 5558//2671
f 5562//2672 5560//2673 5559//2674
f 5566//2675 5564//2676 5563//2677
f 5569//2678 5567//2679 5570//2680
f 5573//2681 5571//2682 5574//2683
f 5578//2684 5576//2685 5575//2686
f 5582//2687 5580//2688 5579//2689
f 5585//2690 5583//2691 5586//2692
f 5589//2693 5587//2694 5590//2695
f 5594//2696 5592//2697 5591//2698
f 5598//2699 5596//2700 5595//2701
f 5601//2702 5599//2703 5602//2704
f 5605//2705 5603//2706 5606//2707
f 5610//2708 5608//2709 5607//2710
f 5614//2711 5612//2712 5611//2713
f 5617//2714 5615//2715 5618//2716
f 5621//2717 5619//2718 5622//2719
f 5626//2720 5624//2721 5623//2722
f 5630//190 5628//190 5627//190
f 5634//190 5632//190 5631//190
f 5638//190 5636//190 5635//190
f 5642//190 5640//190 5639//190
f 5646//2723 5644//2723 5643//2723
f 5650//2724 5648//2724 5647//2724
f 5654//2725 5652//2725 5651//2725
f 5658//2726 5656//2726 5655//2726
f 5662//2727 5660//2727 5659//2727
f 5666//2728 5664//2728 5663//2728
f 5669//2729 5667//2730 5670//2731
f 5674//2732 5672//2733 5671//2734
f 5678//2735 5676//2736 5675//2737
f 5681//2738 5679//2739 5682//2740
f 5685//2741 5683//2741 5686//2742
f 5690//2743 5688//2744 5687//2745
f 5694//2746 5692//2746 5691//2746
f 5697//2747 5695//2748 5698//2749
f 5701//2750 5699//2751 5702//2752
f 5706//2753 5704//2754 5703//2755
f 5710//2756 5708//2757 5707//2758
f 5713//2759 5711//2760 5714//2761
f 5718//2762 5716//2763 5715//2764
f 5722//2765 5720//2765 5719//2765
f 5725//2766 5723//2767 5726//2768
f 5729//2769 5727//2769 5730//2770
f 5734//2771 5732//2772 5731//2773
f 5738//2774 5736//2775 5735//2776
f 5741//2777 5739//2778 5742//2779
f 5745//2780 5743//2781 5746//2782
f 5750//2783 5748//2784 5747//2785
f 5753//2786 5751//2787 5754//2788
f 5757//2789 5755//2790 5758//2791
f 5762//2792 5760//2793 5759//2794
f 5766//2795 5764//2796 5763//2797
f 5769//2798 5767//2799 5770//2800
f 5773//2801 5771//2802 5774//2803
f 5778//2804 5776//2805 5775//2806
f 5782//2807 5780//2808 5779//2809
f 5785//2810 5783//2811 5786//2812
f 5789//2813 5787//2814 5790//2815
f 5794//2816 5792//2817 5791//2818
f 5798//2819 5796//2820 5795//2821
f 5801//2822 5799//2823 5802//2824
f 5805//2825 5803//2826 5806//2827
f 5810//2828 5808//2829 5807//2830
f 5814//190 5812//190 5811//190
f 5818//190 5816//190 5815//190
f 5822//190 5820//190 5819//190
f 5826//190 5824//190 5823//190
f 5829//2831 5827//2831 5830//2831
f 5833//2832 5831//2832 5834//2832
f 5837//2833 5835//2833 5838//2833
f 5842//2834 5840//2834 5839//2834
f 5846//2835 5844//2835 5843//2835
f 5850//2836 5848//2836 5847//2836
f 5854//2837 5852//2838 5851//2839
f 5858//2840 5856//2841 5855//2842
f 5861//2843 5859//2844 5862//2845
f 5865//2846 5863//2847 5866//2848
f 5870//2849 5868//2849 5867//2849
f 5874//2850 5872//2851 5871//2852
f 5877//2853 5875//2854 5878//2855
f 5881//2856 5879//2857 5882//2858
f 5886//2859 5884//2860 5883//2861
f 5890//2862 5888//2863 5887//2864
f 5893//2865 5891//2866 5894//2867
f 5897//2868 5895//2869 5898//2870
f 5902//2871 5900//2872 5899//2873
f 5905//2874 5903//2875 5906//2876
f 5909//2877 5907//2878 5910//2879
f 5914//2880 5912//2881 5911//2882
f 5918//2883 5916//2884 5915//2885
f 5921//2886 5919//2887 5922//2888
f 5925//2889 5923//2890 5926//2891
f 5930//2892 5928//2893 5927//2894
f 5934//2895 5932//2896 5931//2897
f 5937//2898 5935//2899 5938//2900
f 5941//2901 5939//2901 5942//2902
f 5946//2903 5944//2904 5943//2905
f 5950//2906 5948//2907 5947//2908
f 5953//2909 5951//2910 5954//2911
f 5957//2912 5955//2913 5958//2914
f 5962//2915 5960//2916 5959//2917
f 5966//2918 5964//2919 5963//2920
f 5969//2921 5967//2922 5970//2923
f 5973//2924 5971//2925 5974//2926
f 5978//2927 5976//2928 5975//2929
f 5982//190 5980//190 5979//190
f 5986//190 5984//190 5983//190
f 5990//190 5988//190 5987//190
f 5994//190 5992//190 5991//190
f 5998//2930 5996//2930 5995//2930
f 6001//2931 5999//2931 6002//2931
f 6005//2932 6003//2932 6006//2932
f 6009//2933 6007//2933 6010//2933
f 6013//2934 6011//2934 6014//2934
f 6018//2935 6016//2935 6015//2935
f 6022//2936 6020//2937 6019//2938
f 6026//2939 6024//2940 6023//2941
f 6029//2942 6027//2943 6030//2944
f 6033//2945 6031//2946 6034//2947
f 6038//2948 6036//2949 6035//2950
f 6042//2951 6040//2952 6039//2953
f 6045//2954 6043//2955 6046//2956
f 6049//2957 6047//2958 6050//2959
f 6054//2960 6052//2961 6051//2962
f 6058//2963 6056//2964 6055//2965
f 6061//2966 6059//2967 6062//2968
f 6065//2969 6063//2970 6066//2971
f 6070//2972 6068//2973 6067//2974
f 6074//2975 6072//2976 6071//2977
f 6077//2978 6075//2979 6078//2980
f 6081//2981 6079//2982 6082//2983
f 6086//2984 6084//2985 6083//2986
f 6090//2987 6088//2988 6087//2989
f 6093//2990 6091//2991 6094//2992
f 6097//2993 6095//2994 6098//2995
f 6102//2996 6100//2997 6099//2998
f 6106//2999 6104//3000 6103//3001
f 6109//3002 6107//3003 6110//3004
f 6113//3005 6111//3006 6114//3007
f 6118//3008 6116//3009 6115//3010
f 6122//3011 6120//3012 6119//3013
f 6125//3014 6123//3015 6126//3016
f 6129//3017 6127//3018 6130//3019
f 6134//3020 6132//3021 6131//3022
f 6137//3023 6135//3024 6138//3025
f 6141//3026 6139//3027 6142//3028
f 6146//3029 6144//3030 6143//3031
f 6150//190 6148//190 6147//190
f 6154//190 6152//190 6151//190
f 6158//190 6156//190 6155//190
f 6162//190 6160//190 6159//190
f 6568//3032 6566//3032 6565//3032
f 6571//3033 6569//3033 6572//3033
f 6576//3034 6574//3034 6573//3034
f 6579//3035 6577//3035 6580//3035
f 6584//3036 6582//3036 6581//3036
f 6587//3037 6585//3037 6588//3037
f 6591//3038 6589//3038 6592//3039
f 6596//3040 6594//3041 6593//3042
f 6600//3043 6598//3043 6597//3043
f 6603//3044 6601//3045 6604//3046
f 6607//3047 6605//3047 6608//3048
f 6611//3049 6609//3050 6612//3051
f 6616//3052 6614//3053 6613//3054
f 6620//3055 6618//3056 6617//3057
f 6623//3058 6621//3059 6624//3060
f 6627//3061 6625//3062 6628//3063
f 6632//3064 6630//3065 6629//3066
f 6636//3067 6634//3068 6633//3069
f 6639//3070 6637//3071 6640//3072
f 6643//3073 6641//3074 6644//3075
f 6648//3076 6646//3077 6645//3078
f 6652//3079 6650//3080 6649//3081
f 6655//3082 6653//3083 6656//3084
f 6659//3085 6657//3086 6660//3087
f 6664//3088 6662//3089 6661//3090
f 6668//3091 6666//3092 6665//3093
f 6671//3094 6669//3095 6672//3096
f 6675//3097 6673//3098 6676//3099
f 6680//3100 6678//3101 6677//3102
f 6684//3103 6682//3104 6681//3105
f 6688//3106 6686//3107 6685//3108
f 6691//3109 6689//3110 6692//3111
f 6695//3112 6693//3113 6696//3114
f 6700//3115 6698//3116 6697//3117
f 6704//190 6702//190 6701//190
f 6708//190 6706//190 6705//190
f 6712//190 6710//190 6709//190
f 6716//190 6714//190 6713//190
f 6720//3118 6718//3118 6717//3118
f 6724//3119 6722//3119 6721//3119
f 6728//3120 6726//3120 6725//3120
f 6731//3121 6729//3121 6732//3121
f 6735//3122 6733//3122 6736//3122
f 6739//3123 6737//3123 6740//3123
f 6743//3124 6741//3125 6744//3126
f 6748//3127 6746//3128 6745//3129
f 6752//3130 6750//3131 6749//3132
f 6755//3133 6753//3134 6756//3135
f 6759//3136 6757//3137 6760//3138
f 6764//3139 6762//3140 6761//3141
f 6768//3142 6766//3143 6765//3144
f 6771//3145 6769//3146 6772//3147
f 6775//3148 6773//3149 6776//3150
f 6780//3151 6778//3152 6777//3153
f 6784//3154 6782//3155 6781//3156
f 6787//3157 6785//3158 6788//3159
f 6791//3160 6789//3161 6792//3162
f 6796//3163 6794//3164 6793//3165
f 6800//3166 6798//3167 6797//3168
f 6803//3169 6801//3170 6804//3171
f 6807//3172 6805//3172 6808//3172
f 6811//3173 6809//3173 6812//3173
f 6816//3174 6814//3174 6813//3174
f 6820//3173 6818//3173 6817//3173
f 6824//3175 6822//3176 6821//3177
f 6827//3178 6825//3179 6828//3180
f 6831//3181 6829//3182 6832//3183
f 6836//3184 6834//3185 6833//3186
f 6840//3187 6838//3187 6837//3187
f 6844//3188 6842//3188 6841//3188
f 6847//3189 6845//3189 6848//3189
f 6852//3188 6850//3188 6849//3188
f 6856//190 6854//190 6853//190
f 6860//190 6858//190 6857//190
f 6864//190 6862//190 6861//190
f 6868//190 6866//190 6865//190
f 6871//3190 6869//3190 6872//3190
f 6876//3191 6874//3191 6873//3191
f 6880//3192 6878//3192 6877//3192
f 6883//3193 6881//3193 6884//3193
f 6887//3194 6885//3194 6888//3194
f 6892//3195 6890//3195 6889//3195
f 6896//3196 6894//3197 6893//3198
f 6899//3199 6897//3200 6900//3201
f 6903//3202 6901//3203 6904//3204
f 6908//3205 6906//3206 6905//3207
f 6912//3208 6910//3209 6909//3210
f 6915//3211 6913//3212 6916//3213
f 6919//3214 6917//3215 6920//3216
f 6924//3217 6922//3218 6921//3219
f 6928//3220 6926//3221 6925//3222
f 6931//3223 6929//3224 6932//3225
f 6935//3226 6933//3227 6936//3228
f 6940//3229 6938//3230 6937//3231
f 6944//3232 6942//3233 6941//3234
f 6947//3235 6945//3236 6948//3237
f 6951//3238 6949//3239 6952//3240
f 6956//3241 6954//3242 6953//3243
f 6960//3244 6958//3245 6957//3246
f 6963//3247 6961//3248 6964//3249
f 6967//3250 6965//3251 6968//3252
f 6972//3253 6970//3254 6969//3255
f 6976//3256 6974//3256 6973//3257
f 6979//3258 6977//3259 6980//3260
f 6983//3261 6981//3261 6984//3262
f 6988//3263 6986//3264 6985//3265
f 6992//3266 6990//3267 6989//3268
f 6995//3269 6993//3270 6996//3271
f 6999//3272 6997//3273 7000//3274
f 7004//3275 7002//3276 7001//3277
f 7008//3278 7006//3279 7005//3280
f 7011//3281 7009//3282 7012//3283
f 7015//3284 7013//3285 7016//3286
f 7020//3287 7018//3288 7017//3289
f 7024//190 7022//190 7021//190
f 7028//190 7026//190 7025//190
f 7032//190 7030//190 7029//190
f 7036//190 7034//190 7033//190
f 7039//3290 7037//3290 7040//3290
f 7043//3291 7041//3291 7044//3291
f 7047//3292 7045//3292 7048//3292
f 7051//3293 7049//3293 7052//3293
f 7055//3294 7053//3294 7056//3294
f 7059//3295 7057//3295 7060//3295
f 7063//3296 7061//3297 7064//3298
f 7067//3299 7065//3300 7068//3301
f 7072//3302 7070//3303 7069//3304
f 7076//3305 7074//3306 7073//3307
f 7079//3308 7077//3308 7080//3309
f 7083//3310 7081//3310 7084//3311
f 7088//3312 7086//3313 7085//3313
f 7092//3314 7090//3315 7089//3316
f 7095//3317 7093//3318 7096//3319
f 7099//3320 7097//3321 7100//3322
f 7104//3323 7102//3324 7101//3325
f 7108//3326 7106//3327 7105//3328
f 7111//3329 7109//3330 7112//3331
f 7115//3332 7113//3333 7116//3334
f 7120//3335 7118//3336 7117//3337
f 7124//3338 7122//3339 7121//3340
f 7127//3341 7125//3342 7128//3343
f 7131//3344 7129//3345 7132//3346
f 7136//3347 7134//3348 7133//3349
f 7140//3350 7138//3351 7137//3352
f 7144//3353 7142//3354 7141//3355
f 7147//3356 7145//3356 7148//3356
f 7151//3357 7149//3358 7152//3359
f 7156//3360 7154//3360 7153//3360
f 7160//3361 7158//3362 7157//3363
f 7163//3364 7161//3365 7164//3366
f 7167//3367 7165//3368 7168//3369
f 7172//3370 7170//3370 7169//3371
f 7176//3372 7174//3373 7173//3374
f 7179//3375 7177//3376 7180//3377
f 7183//3378 7181//3379 7184//3380
f 7188//3381 7186//3382 7185//3383
f 7192//190 7190//190 7189//190
f 7196//190 7194//190 7193//190
f 7200//190 7198//190 7197//190
f 7204//190 7202//190 7201//190
f 7208//3384 7206//3384 7205//3384
f 7212//3385 7210//3385 7209//3385
f 7216//3386 7214//3386 7213//3386
f 7220//3387 7218//3387 7217//3387
f 7223//3388 7221//3388 7224//3388
f 7228//3389 7226//3389 7225//3389
f 7231//3390 7229//3391 7232//3392
f 7235//3393 7233//3394 7236//3395
f 7240//3396 7238//3397 7237//3398
f 7244//3399 7242//3400 7241//3401
f 7247//3402 7245//3403 7248//3404
f 7251//3405 7249//3406 7252//3407
f 7256//3408 7254//3409 7253//3410
f 7260//3411 7258//3412 7257//3413
f 7263//3414 7261//3414 7264//3415
f 7267//3416 7265//3416 7268//3417
f 7272//3418 7270//3418 7269//3419
f 7276//3420 7274//3421 7273//3422
f 7280//3423 7278//3424 7277//3425
f 7283//3426 7281//3427 7284//3428
f 7287//3429 7285//3430 7288//3431
f 7292//3432 7290//3433 7289//3434
f 7296//3435 7294//3436 7293//3437
f 7299//3438 7297//3439 7300//3440
f 7303//3441 7301//3442 7304//3443
f 7308//3444 7306//3445 7305//3446
f 7312//3447 7310//3448 7309//3447
f 7315//3449 7313//3450 7316//3451
f 7319//3452 7317//3452 7320//3453
f 7324//3454 7322//3455 7321//3456
f 7328//3457 7326//3458 7325//3459
f 7331//3460 7329//3461 7332//3462
f 7335//3463 7333//3464 7336//3465
f 7340//3466 7338//3467 7337//3468
f 7344//3469 7342//3470 7341//3471
f 7348//3472 7346//3473 7345//3474
f 7351//3475 7349//3476 7352//3477
f 7355//3478 7353//3479 7356//3480
f 7360//3481 7358//3481 7357//3482
f 7364//3483 7362//3484 7361//3485
f 7367//3486 7365//3487 7368//3488
f 7371//3489 7369//3490 7372//3491
f 7376//190 7374//190 7373//190
f 7380//190 7378//190 7377//190
f 7384//190 7382//190 7381//190
f 7388//190 7386//190 7385//190
f 7392//3492 7390//3492 7389//3492
f 7396//3493 7394//3493 7393//3493
f 7400//3494 7398//3494 7397//3494
f 7404//3495 7402//3495 7401//3495
f 7407//3496 7405//3496 7408//3497
f 7412//3498 7410//3498 7409//3498
f 7415//3499 7413//3500 7416//3501
f 7419//3502 7417//3503 7420//3504
f 7424//3505 7422//3506 7421//3507
f 7428//3508 7426//3509 7425//3510
f 7431//3511 7429//3512 7432//3513
f 7435//3514 7433//3515 7436//3516
f 7440//3517 7438//3518 7437//3519
f 7444//3520 7442//3521 7441//3522
f 7447//3523 7445//3524 7448//3525
f 7451//3526 7449//3527 7452//3528
f 7456//3529 7454//3530 7453//3531
f 7460//3532 7458//3533 7457//3534
f 7464//3535 7462//3536 7461//3537
f 7467//3538 7465//3539 7468//3540
f 7471//3541 7469//3542 7472//3543
f 7476//3544 7474//3545 7473//3546
f 7480//3547 7478//3548 7477//3549
f 7483//3550 7481//3551 7484//3552
f 7487//3553 7485//3554 7488//3555
f 7492//3556 7490//3557 7489//3558
f 7496//3559 7494//3559 7493//3560
f 7499//3561 7497//3562 7500//3563
f 7503//3564 7501//3565 7504//3566
f 7508//3567 7506//3568 7505//3569
f 7512//3570 7510//3571 7509//3572
f 7516//3573 7514//3574 7513//3575
f 7519//3576 7517//3577 7520//3578
f 7523//3579 7521//3580 7524//3581
f 7528//3582 7526//3583 7525//3584
f 7532//3585 7530//3586 7529//3587
f 7535//3588 7533//3589 7536//3590
f 7539//3591 7537//3592 7540//3593
f 7544//190 7542//190 7541//190
f 7548//190 7546//190 7545//190
f 7552//190 7550//190 7549//190
f 7556//190 7554//190 7553//190
f 3677//1583 3676//1583 3675//1583
f 3682//1584 3681//1584 3680//1584
f 3686//1585 3685//1585 3684//1585
f 3689//1586 3688//1586 3687//1586
f 3693//1587 3692//1587 3691//1587
f 3698//1588 3697//1588 3696//1588
f 3701//1589 3700//4326 3699//1590
f 3706//1592 3705//4327 3704//1593
f 3710//1595 3709//4328 3708//1596
f 3713//1598 3712//4329 3711//1599
f 3717//1601 3716//1601 3715//1601
f 3721//1602 3720//1602 3719//1602
f 3726//1603 3725//1603 3724//1603
f 3729//1604 3728//1604 3727//1604
f 3734//1605 3733//1605 3732//1605
f 3737//1606 3736//1606 3735//1606
f 3741//1607 3740//4330 3739//1608
f 3745//1610 3744//4331 3743//1611
f 3750//1613 3749//4332 3748//1614
f 3754//1616 3753//4333 3752//1617
f 3757//1619 3756//4334 3755//1620
f 3761//1622 3760//4335 3759//1623
f 3766//1625 3765//4336 3764//1626
f 3770//1628 3769//4337 3768//1629
f 3773//1631 3772//4338 3771//1632
f 3778//1634 3777//4339 3776//1635
f 3782//1637 3781//4340 3780//1638
f 3785//1640 3784//4341 3783//1641
f 3789//1643 3788//4342 3787//1644
f 3794//1646 3793//4343 3792//1647
f 3798//1649 3797//4344 3796//1650
f 3801//1652 3800//4345 3799//1653
f 3805//1655 3804//4346 3803//1656
f 3810//1658 3809//4347 3808//1659
f 3814//1661 3813//4348 3812//1662
f 3817//1664 3816//4349 3815//1665
f 3821//1667 3820//4350 3819//1668
f 3826//1670 3825//4351 3824//1671
f 3830//1673 3829//4352 3828//1674
f 3833//1676 3832//4353 3831//1677
f 3837//1679 3836//4354 3835//1680
f 3842//1682 3841//4355 3840//1683
f 3846//1685 3845//4356 3844//1686
f 3849//1688 3848//4357 3847//1689
f 3854//1691 3853//4358 3852//1692
f 3858//1694 3857//4359 3856//1695
f 3861//1697 3860//4360 3859//1698
f 3865//1700 3864//4361 3863//1701
f 3870//1703 3869//4362 3868//1704
f 3874//1706 3873//4363 3872//1707
f 3877//1709 3876//4364 3875//1710
f 3881//1712 3880//4365 3879//1713
f 3886//190 3885//190 3884//190
f 3890//190 3889//190 3888//190
f 3894//190 3893//190 3892//190
f 3898//190 3897//190 3896//190
f 3901//1715 3900//1715 3899//1715
f 3905//1716 3904//1716 3903//1716
f 3909//1717 3908//1717 3907//1717
f 3914//1718 3913//1718 3912//1718
f 3917//1719 3916//1719 3915//1719
f 3922//1720 3921//1720 3920//1720
f 3925//1721 3924//4366 3923//1721
f 3929//1723 3928//4367 3927//1724
f 3934//1726 3933//4368 3932//1726
f 3938//1728 3937//4369 3936//1729
f 3941//1731 3940//4370 3939//1731
f 3945//1733 3944//4371 3943//1734
f 3950//1736 3949//4372 3948//1737
f 3954//1739 3953//4373 3952//1740
f 3957//1742 3956//4374 3955//1743
f 3961//1745 3960//4375 3959//1746
f 3966//1748 3965//4376 3964//1749
f 3970//1751 3969//4377 3968//1752
f 3973//1754 3972//4378 3971//1755
f 3977//1757 3976//4379 3975//1758
f 3982//1760 3981//4380 3980//1760
f 3986//1762 3985//4381 3984//1763
f 3989//1765 3988//4382 3987//1766
f 3993//1768 3992//4383 3991//1768
f 3998//1770 3997//4384 3996//1771
f 4002//1773 4001//4385 4000//1773
f 4006//1775 4005//4386 4004//1776
f 4009//1778 4008//4387 4007//1779
f 4013//1781 4012//4388 4011//1782
f 4018//1784 4017//4389 4016//1785
f 4022//1787 4021//4390 4020//1788
f 4025//1790 4024//4391 4023//1791
f 4029//1793 4028//4392 4027//1794
f 4034//1796 4033//4393 4032//1797
f 4038//190 4037//190 4036//190
f 4042//190 4041//190 4040//190
f 4046//190 4045//190 4044//190
f 4050//190 4049//190 4048//190
f 4054//1799 4053//1799 4052//1799
f 4058//1800 4057//1800 4056//1800
f 4062//1801 4061//1801 4060//1801
f 4065//1802 4064//1802 4063//1802
f 4070//1803 4069//1803 4068//1803
f 4073//1805 4072//1805 4071//1805
f 4077//1806 4076//4394 4075//1807
f 4081//1809 4080//4395 4079//1810
f 4086//1812 4085//4396 4084//1813
f 4090//1815 4089//4397 4088//1816
f 4093//1818 4092//4398 4091//1819
f 4097//1821 4096//4399 4095//1822
f 4102//1824 4101//4400 4100//1825
f 4106//1827 4105//4401 4104//1828
f 4109//1830 4108//4402 4107//1831
f 4113//1833 4112//4403 4111//1834
f 4118//1836 4117//4404 4116//1837
f 4122//1839 4121//4405 4120//1840
f 4125//1842 4124//4406 4123//1843
f 4129//1845 4128//4407 4127//1846
f 4134//1848 4133//4408 4132//1849
f 4138//1851 4137//4409 4136//1851
f 4142//1853 4141//4410 4140//1854
f 4145//1856 4144//4411 4143//1857
f 4149//1859 4148//4412 4147//1860
f 4154//1862 4153//4413 4152//1863
f 4158//1865 4157//4414 4156//1865
f 4161//1867 4160//4415 4159//1868
f 4165//1870 4164//4416 4163//1871
f 4170//1873 4169//4417 4168//1874
f 4174//1876 4173//4418 4172//1877
f 4178//1879 4177//4419 4176//1880
f 4181//1882 4180//4420 4179//1883
f 4185//1885 4184//4421 4183//1886
f 4190//190 4189//190 4188//190
f 4194//190 4193//190 4192//190
f 4198//190 4197//190 4196//190
f 4202//190 4201//190 4200//190
f 4205//1888 4204//1888 4203//1888
f 4209//1889 4208//1889 4207//1889
f 4214//1890 4213//1890 4212//1890
f 4217//1891 4216//1891 4215//1891
f 4222//1892 4221//1892 4220//1892
f 4226//1893 4225//1893 4224//1893
f 4229//1894 4228//4422 4227//1895
f 4234//1897 4233//4423 4232//1898
f 4238//1900 4237//4424 4236//1901
f 4241//1903 4240//4425 4239//1904
f 4245//1906 4244//4426 4243//1907
f 4250//1909 4249//4427 4248//1910
f 4254//1912 4253//4428 4252//1913
f 4257//1915 4256//4429 4255//1916
f 4261//1918 4260//4430 4259//1919
f 4266//1921 4265//4431 4264//1922
f 4270//1924 4269//4432 4268//1925
f 4273//1927 4272//4433 4271//1928
f 4277//1930 4276//4434 4275//1931
f 4282//1933 4281//4435 4280//1934
f 4286//1936 4285//4436 4284//1937
f 4289//1939 4288//4437 4287//1940
f 4293//1942 4292//4438 4291//1943
f 4298//1945 4297//4439 4296//1946
f 4302//1948 4301//4440 4300//1949
f 4305//1951 4304//4441 4303//1952
f 4310//1954 4309//4442 4308//1955
f 4314//1957 4313//4443 4312//1958
f 4317//1960 4316//4444 4315//1961
f 4321//1963 4320//4445 4319//1964
f 4326//1966 4325//4446 4324//1966
f 4330//1968 4329//4447 4328//1969
f 4333//1971 4332//4448 4331//1971
f 4337//1973 4336//4449 4335//1974
f 4342//1976 4341//4450 4340//1977
f 4346//1979 4345//4451 4344//1980
f 4349//1982 4348//4452 4347//1983
f 4353//1985 4352//4453 4351//1986
f 4358//190 4357//190 4356//190
f 4362//190 4361//190 4360//190
f 4366//190 4365//190 4364//190
f 4370//190 4369//190 4368//190
f 4373//1988 4372//1988 4371//1988
f 4377//1989 4376//1989 4375//1989
f 4382//1990 4381//1990 4380//1990
f 4386//1991 4385//1991 4384//1991
f 4389//1992 4388//1992 4387//1992
f 4393//1993 4392//1993 4391//1993
f 4397//1994 4396//4454 4395//1995
f 4402//1997 4401//4455 4400//1998
f 4406//2000 4405//4456 4404//2001
f 4409//2003 4408//4457 4407//2004
f 4413//2006 4412//4458 4411//2007
f 4418//2009 4417//4459 4416//2010
f 4422//2012 4421//4460 4420//2013
f 4425//2015 4424//4461 4423//2016
f 4430//2018 4429//4462 4428//2019
f 4434//2021 4433//4463 4432//2021
f 4437//2023 4436//4464 4435//2024
f 4441//2026 4440//4465 4439//2026
f 4446//2028 4445//4466 4444//2029
f 4450//2031 4449//4467 4448//2032
f 4453//2034 4452//4468 4451//2035
f 4457//2037 4456//4469 4455//2038
f 4462//2040 4461//4470 4460//2041
f 4466//2043 4465//4471 4464//2044
f 4469//2046 4468//4472 4467//2047
f 4473//2049 4472//4473 4471//2050
f 4478//2052 4477//4474 4476//2053
f 4481//2055 4480//4475 4479//2056
f 4485//2058 4484//4476 4483//2059
f 4490//2061 4489//4477 4488//2062
f 4494//2066 4493//2066 4492//2066
f 4498//4478 4497//4478 4496//4478
f 4501//2066 4500//2066 4499//2066
f 4505//2065 4504//2065 4503//2065
f 4509//2067 4508//4479 4507//2068
f 4514//2070 4513//4480 4512//2071
f 4518//2073 4517//4481 4516//2074
f 4521//2076 4520//4482 4519//2077
f 4526//190 4525//190 4524//190
f 4530//190 4529//190 4528//190
f 4534//190 4533//190 4532//190
f 4538//190 4537//190 4536//190
f 4542//2079 4541//2079 4540//2079
f 4546//2080 4545//2080 4544//2080
f 4549//2081 4548//2081 4547//2081
f 4554//2082 4553//2082 4552//2082
f 4558//2083 4557//2083 4556//2083
f 4561//2084 4560//2084 4559//2084
f 4566//2085 4565//4483 4564//2086
f 4570//2088 4569//4484 4568//2089
f 4573//2091 4572//4485 4571//2092
f 4577//2094 4576//4486 4575//2095
f 4581//2097 4580//4487 4579//2098
f 4586//2100 4585//4488 4584//2100
f 4590//2102 4589//4489 4588//2102
f 4593//2104 4592//4490 4591//2104
f 4598//2106 4597//4491 4596//2107
f 4601//2109 4600//4492 4599//2110
f 4605//2112 4604//4493 4603//2113
f 4610//2115 4609//4494 4608//2116
f 4614//2118 4613//4495 4612//2119
f 4617//2121 4616//4496 4615//2122
f 4621//2124 4620//4497 4619//2125
f 4626//2127 4625//4498 4624//2128
f 4630//2130 4629//4499 4628//2131
f 4633//2133 4632//4500 4631//2134
f 4637//2136 4636//4501 4635//2137
f 4642//2139 4641//4502 4640//2140
f 4646//190 4645//190 4644//190
f 4650//190 4649//190 4648//190
f 4654//190 4653//190 4652//190
f 4658//190 4657//190 4656//190
f 4662//2142 4661//2142 4660//2142
f 4665//2143 4664//2143 4663//2143
f 4670//2144 4669//2144 4668//2144
f 4673//2145 4672//2145 4671//2145
f 4678//2146 4677//2146 4676//2146
f 4681//2147 4680//2147 4679//2147
f 4685//2148 4684//4503 4683//2149
f 4689//2151 4688//4504 4687//2152
f 4694//2154 4693//4505 4692//2155
f 4698//2157 4697//4506 4696//2158
f 4701//2160 4700//4507 4699//2161
f 4705//2163 4704//4508 4703//2164
f 4710//2166 4709//4509 4708//2167
f 4714//2169 4713//4510 4712//2170
f 4717//2172 4716//4511 4715//2173
f 4721//2175 4720//4512 4719//2176
f 4726//2178 4725//4513 4724//2179
f 4730//2181 4729//4514 4728//2182
f 4733//2184 4732//4515 4731//2185
f 4737//2187 4736//4516 4735//2188
f 4742//2190 4741//4517 4740//2191
f 4746//2193 4745//4518 4744//2194
f 4749//2196 4748//4519 4747//2197
f 4753//2199 4752//4520 4751//2200
f 4758//2202 4757//4521 4756//2203
f 4762//2205 4761//4522 4760//2206
f 4765//2208 4764//4523 4763//2208
f 4769//2210 4768//4524 4767//2211
f 4774//2213 4773//4525 4772//2213
f 4778//2215 4777//4526 4776//2215
f 4782//2217 4781//4527 4780//2218
f 4785//2220 4784//4528 4783//2221
f 4789//2223 4788//4529 4787//2224
f 4794//2226 4793//4530 4792//2227
f 4798//2229 4797//4531 4796//2230
f 4801//2232 4800//4532 4799//2233
f 4805//2235 4804//4533 4803//2236
f 4810//2238 4809//4534 4808//2239
f 4814//2241 4813//4535 4812//2242
f 4817//2244 4816//4536 4815//2245
f 4821//2247 4820//4537 4819//2248
f 4826//2250 4825//4538 4824//2251
f 4830//2253 4829//4539 4828//2254
f 4834//2256 4833//4540 4832//2257
f 4837//2259 4836//4541 4835//2260
f 4841//2262 4840//4542 4839//2263
f 4846//190 4845//190 4844//190
f 4850//190 4849//190 4848//190
f 4854//190 4853//190 4852//190
f 4858//190 4857//190 4856//190
f 4861//2265 4860//2265 4859//2265
f 4865//2266 4864//2266 4863//2266
f 4870//2267 4869//2267 4868//2267
f 4874//2268 4873//2268 4872//2268
f 4878//2269 4877//2269 4876//2269
f 4881//2270 4880//2270 4879//2270
f 4885//2271 4884//4543 4883//2271
f 4889//2273 4888//4544 4887//2273
f 4894//2275 4893//4545 4892//2275
f 4898//2277 4897//4546 4896//2277
f 4901//2279 4900//4547 4899//2280
f 4905//2282 4904//4548 4903//2283
f 4910//2285 4909//4549 4908//2286
f 4914//2288 4913//4550 4912//2289
f 4917//2291 4916//4551 4915//2292
f 4921//2294 4920//4552 4919//2295
f 4926//2297 4925//4553 4924//2298
f 4930//2300 4929//4554 4928//2301
f 4933//2303 4932//4555 4931//2303
f 4937//2305 4936//4556 4935//2306
f 4942//2308 4941//4557 4940//2309
f 4946//2311 4945//4558 4944//2312
f 4950//2314 4949//4559 4948//2315
f 4953//2317 4952//4560 4951//2318
f 4957//2320 4956//4561 4955//2321
f 4962//2323 4961//4562 4960//2324
f 4966//2326 4965//4563 4964//2327
f 4969//2329 4968//4564 4967//2330
f 4973//2332 4972//4565 4971//2333
f 4978//2335 4977//4566 4976//2336
f 4982//2338 4981//4567 4980//2339
f 4985//2341 4984//4568 4983//2342
f 4989//2344 4988//4569 4987//2345
f 4994//2347 4993//4570 4992//2348
f 4998//2350 4997//4571 4996//2350
f 5001//2352 5000//4572 4999//2353
f 5005//2355 5004//4573 5003//2356
f 5010//2358 5009//4574 5008//2359
f 5014//2361 5013//4575 5012//2361
f 5018//2363 5017//4576 5016//2364
f 5021//2366 5020//2366 5019//2367
f 5025//2369 5024//4577 5023//2370
f 5030//190 5029//190 5028//190
f 5034//190 5033//190 5032//190
f 5038//190 5037//190 5036//190
f 5042//190 5041//190 5040//190
f 5046//2372 5045//2372 5044//2372
f 5049//2373 5048//2373 5047//2373
f 5053//2374 5052//2374 5051//2374
f 5057//2375 5056//2375 5055//2375
f 5062//2376 5061//2376 5060//2376
f 5065//2377 5064//2377 5063//2377
f 5069//2378 5068//4578 5067//2379
f 5073//2381 5072//4579 5071//2382
f 5078//2384 5077//4580 5076//2385
f 5082//2387 5081//4581 5080//2388
f 5085//2390 5084//4582 5083//2390
f 5089//2392 5088//4583 5087//2393
f 5094//2395 5093//4584 5092//2396
f 5098//2398 5097//4585 5096//2399
f 5101//2401 5100//4586 5099//2402
f 5106//2404 5105//4587 5104//2405
f 5110//2407 5109//4588 5108//2408
f 5113//2410 5112//4589 5111//2411
f 5117//2413 5116//4590 5115//2414
f 5122//2416 5121//4591 5120//2417
f 5126//2419 5125//4592 5124//2420
f 5129//2422 5128//4593 5127//2423
f 5134//2425 5133//4594 5132//2426
f 5138//2428 5137//4595 5136//2428
f 5141//2430 5140//4596 5139//2430
f 5145//2432 5144//4597 5143//2433
f 5150//2435 5149//4598 5148//2436
f 5154//2438 5153//4599 5152//2439
f 5157//2441 5156//4600 5155//2442
f 5161//2444 5160//4601 5159//2445
f 5166//2447 5165//4602 5164//2448
f 5170//2450 5169//4603 5168//2451
f 5173//2453 5172//4604 5171//2454
f 5177//2456 5176//4605 5175//2457
f 5182//2459 5181//4606 5180//2460
f 5186//2462 5185//4607 5184//2463
f 5189//2465 5188//4608 5187//2466
f 5193//2468 5192//4609 5191//2469
f 5198//190 5197//190 5196//190
f 5202//190 5201//190 5200//190
f 5206//190 5205//190 5204//190
f 5210//190 5209//190 5208//190
f 5213//2471 5212//2471 5211//2471
f 5218//2472 5217//2472 5216//2472
f 5222//2473 5221//2473 5220//2473
f 5226//2474 5225//2474 5224//2474
f 5230//2475 5229//2475 5228//2475
f 5233//2476 5232//2476 5231//2476
f 5237//2477 5236//4610 5235//2478
f 5242//2480 5241//4611 5240//2481
f 5246//2483 5245//4612 5244//2484
f 5249//2486 5248//4613 5247//2487
f 5253//2489 5252//4614 5251//2489
f 5258//2491 5257//4615 5256//2491
f 5262//2493 5261//4616 5260//2494
f 5265//2496 5264//4617 5263//2497
f 5269//2499 5268//4618 5267//2500
f 5274//2502 5273//4619 5272//2503
f 5278//2505 5277//4620 5276//2506
f 5281//2508 5280//4621 5279//2509
f 5286//2511 5285//4622 5284//2512
f 5290//2514 5289//4623 5288//2515
f 5293//2517 5292//4624 5291//2518
f 5297//2520 5296//4625 5295//2521
f 5302//2523 5301//4626 5300//2524
f 5306//2526 5305//4627 5304//2527
f 5309//2529 5308//4628 5307//2530
f 5313//2532 5312//4629 5311//2533
f 5318//2535 5317//4630 5316//2536
f 5322//2538 5321//4631 5320//2539
f 5325//2541 5324//4632 5323//2541
f 5329//2543 5328//4633 5327//2544
f 5334//2546 5333//2546 5332//2546
f 5338//2548 5337//2548 5336//2548
f 5342//4634 5341//4634 5340//4634
f 5346//2548 5345//2548 5344//2548
f 5349//2550 5348//4635 5347//2551
f 5353//2553 5352//4636 5351//2554
f 5358//2556 5357//4637 5356//2557
f 5362//2559 5361//4638 5360//2560
f 5366//2562 5365//2562 5364//2562
f 5370//4639 5369//4639 5368//4639
f 5374//2562 5373//2562 5372//2562
f 5378//4639 5377//4639 5376//4639
f 5382//2564 5381//4640 5380//2565
f 5386//2567 5385//4641 5384//2568
f 5389//2570 5388//4642 5387//2571
f 5393//2573 5392//4643 5391//2574
f 5398//190 5397//190 5396//190
f 5402//190 5401//190 5400//190
f 5406//190 5405//190 5404//190
f 5410//190 5409//190 5408//190
f 5413//2576 5412//2576 5411//2576
f 5417//2577 5416//2577 5415//2577
f 5421//2578 5420//2578 5419//2578
f 5425//2579 5424//2579 5423//2579
f 5429//2580 5428//2580 5427//2580
f 5434//2581 5433//2581 5432//2581
f 5437//2582 5436//4644 5435//2582
f 5441//2584 5440//4645 5439//2585
f 5446//2587 5445//4646 5444//2588
f 5450//2590 5449//4647 5448//2591
f 5453//2593 5452//4648 5451//2594
f 5458//2596 5457//4649 5456//2597
f 5462//2599 5461//4650 5460//2599
f 5465//2600 5464//4651 5463//2601
f 5469//2603 5468//4652 5467//2604
f 5474//2606 5473//4653 5472//2607
f 5478//2609 5477//4654 5476//2610
f 5481//2612 5480//4655 5479//2613
f 5485//2615 5484//4656 5483//2616
f 5490//2618 5489//4657 5488//2619
f 5494//2621 5493//4658 5492//2622
f 5497//2624 5496//4659 5495//2625
f 5501//2627 5500//4660 5499//2628
f 5505//2630 5504//4661 5503//2631
f 5510//2633 5509//4662 5508//2634
f 5514//2636 5513//4663 5512//2637
f 5518//2639 5517//4664 5516//2640
f 5521//2642 5520//4665 5519//2643
f 5525//2645 5524//4666 5523//2646
f 5530//2648 5529//4667 5528//2649
f 5534//2651 5533//4668 5532//2652
f 5537//2654 5536//4669 5535//2655
f 5541//2657 5540//4670 5539//2658
f 5546//2660 5545//4671 5544//2661
f 5550//2663 5549//4672 5548//2664
f 5553//2666 5552//4673 5551//2667
f 5557//2669 5556//4674 5555//2670
f 5562//2672 5561//4675 5560//2673
f 5566//2675 5565//4676 5564//2676
f 5569//2678 5568//4677 5567//2679
f 5573//2681 5572//4678 5571//2682
f 5578//2684 5577//4679 5576//2685
f 5582//2687 5581//4680 5580//2688
f 5585//2690 5584//4681 5583//2691
f 5589//2693 5588//4682 5587//2694
f 5594//2696 5593//4683 5592//2697
f 5598//2699 5597//4684 5596//2700
f 5601//2702 5600//4685 5599//2703
f 5605//2705 5604//4686 5603//2706
f 5610//2708 5609//4687 5608//2709
f 5614//2711 5613//4688 5612//2712
f 5617//2714 5616//4689 5615//2715
f 5621//2717 5620//4690 5619//2718
f 5626//2720 5625//4691 5624//2721
f 5630//190 5629//190 5628//190
f 5634//190 5633//190 5632//190
f 5638//190 5637//190 5636//190
f 5642//190 5641//190 5640//190
f 5646//2723 5645//2723 5644//2723
f 5650//2724 5649//2724 5648//2724
f 5654//2725 5653//2725 5652//2725
f 5658//2726 5657//2726 5656//2726
f 5662//2727 5661//2727 5660//2727
f 5666//2728 5665//2728 5664//2728
f 5669//2729 5668//4692 5667//2730
f 5674//2732 5673//4693 5672//2733
f 5678//2735 5677//4694 5676//2736
f 5681//2738 5680//4695 5679//2739
f 5685//2741 5684//4696 5683//2741
f 5690//2743 5689//4697 5688//2744
f 5694//2746 5693//2746 5692//2746
f 5697//2747 5696//4698 5695//2748
f 5701//2750 5700//4699 5699//2751
f 5706//2753 5705//4700 5704//2754
f 5710//2756 5709//4701 5708//2757
f 5713//2759 5712//4702 5711//2760
f 5718//2762 5717//4703 5716//2763
f 5722//2765 5721//2765 5720//2765
f 5725//2766 5724//4704 5723//2767
f 5729//2769 5728//2769 5727//2769
f 5734//2771 5733//4705 5732//2772
f 5738//2774 5737//4706 5736//2775
f 5741//2777 5740//4707 5739//2778
f 5745//2780 5744//4708 5743//2781
f 5750//2783 5749//4709 5748//2784
f 5753//2786 5752//4710 5751//2787
f 5757//2789 5756//4711 5755//2790
f 5762//2792 5761//4712 5760//2793
f 5766//2795 5765//4713 5764//2796
f 5769//2798 5768//4714 5767//2799
f 5773//2801 5772//4715 5771//2802
f 5778//2804 5777//4716 5776//2805
f 5782//2807 5781//4717 5780//2808
f 5785//2810 5784//4718 5783//2811
f 5789//2813 5788//4719 5787//2814
f 5794//2816 5793//4720 5792//2817
f 5798//2819 5797//4721 5796//2820
f 5801//2822 5800//4722 5799//2823
f 5805//2825 5804//4723 5803//2826
f 5810//2828 5809//4724 5808//2829
f 5814//190 5813//190 5812//190
f 5818//190 5817//190 5816//190
f 5822//190 5821//190 5820//190
f 5826//190 5825//190 5824//190
f 5829//2831 5828//2831 5827//2831
f 5833//2832 5832//2832 5831//2832
f 5837//2833 5836//2833 5835//2833
f 5842//2834 5841//2834 5840//2834
f 5846//2835 5845//2835 5844//2835
f 5850//2836 5849//2836 5848//2836
f 5854//2837 5853//4725 5852//2838
f 5858//2840 5857//4726 5856//2841
f 5861//2843 5860//4727 5859//2844
f 5865//2846 5864//4728 5863//2847
f 5870//2849 5869//4729 5868//2849
f 5874//2850 5873//4730 5872//2851
f 5877//2853 5876//2853 5875//2854
f 5881//2856 5880//4731 5879//2857
f 5886//2859 5885//4732 5884//2860
f 5890//2862 5889//4733 5888//2863
f 5893//2865 5892//4734 5891//2866
f 5897//2868 5896//4735 5895//2869
f 5902//2871 5901//4736 5900//2872
f 5905//2874 5904//4737 5903//2875
f 5909//2877 5908//4738 5907//2878
f 5914//2880 5913//4739 5912//2881
f 5918//2883 5917//4740 5916//2884
f 5921//2886 5920//4741 5919//2887
f 5925//2889 5924//4742 5923//2890
f 5930//2892 5929//4743 5928//2893
f 5934//2895 5933//4744 5932//2896
f 5937//2898 5936//4745 5935//2899
f 5941//2901 5940//4746 5939//2901
f 5946//2903 5945//4747 5944//2904
f 5950//2906 5949//4748 5948//2907
f 5953//2909 5952//4749 5951//2910
f 5957//2912 5956//4750 5955//2913
f 5962//2915 5961//4751 5960//2916
f 5966//2918 5965//4752 5964//2919
f 5969//2921 5968//4753 5967//2922
f 5973//2924 5972//4754 5971//2925
f 5978//2927 5977//4755 5976//2928
f 5982//190 5981//190 5980//190
f 5986//190 5985//190 5984//190
f 5990//190 5989//190 5988//190
f 5994//190 5993//190 5992//190
f 5998//2930 5997//2930 5996//2930
f 6001//2931 6000//2931 5999//2931
f 6005//2932 6004//2932 6003//2932
f 6009//2933 6008//2933 6007//2933
f 6013//2934 6012//2934 6011//2934
f 6018//2935 6017//2935 6016//2935
f 6022//2936 6021//4756 6020//2937
f 6026//2939 6025//4757 6024//2940
f 6029//2942 6028//4758 6027//2943
f 6033//2945 6032//4759 6031//2946
f 6038//2948 6037//4760 6036//2949
f 6042//2951 6041//4761 6040//2952
f 6045//2954 6044//4762 6043//2955
f 6049//2957 6048//4763 6047//2958
f 6054//2960 6053//4764 6052//2961
f 6058//2963 6057//4765 6056//2964
f 6061//2966 6060//4766 6059//2967
f 6065//2969 6064//4767 6063//2970
f 6070//2972 6069//4768 6068//2973
f 6074//2975 6073//4769 6072//2976
f 6077//2978 6076//4770 6075//2979
f 6081//2981 6080//4771 6079//2982
f 6086//2984 6085//4772 6084//2985
f 6090//2987 6089//4773 6088//2988
f 6093//2990 6092//4774 6091//2991
f 6097//2993 6096//4775 6095//2994
f 6102//2996 6101//4776 6100//2997
f 6106//2999 6105//4777 6104//3000
f 6109//3002 6108//4778 6107//3003
f 6113//3005 6112//4779 6111//3006
f 6118//3008 6117//4780 6116//3009
f 6122//3011 6121//4781 6120//3012
f 6125//3014 6124//4782 6123//3015
f 6129//3017 6128//4783 6127//3018
f 6134//3020 6133//4784 6132//3021
f 6137//3023 6136//4785 6135//3024
f 6141//3026 6140//4786 6139//3027
f 6146//3029 6145//4787 6144//3030
f 6150//190 6149//190 6148//190
f 6154//190 6153//190 6152//190
f 6158//190 6157//190 6156//190
f 6162//190 6161//190 6160//190
f 6568//3032 6567//3032 6566//3032
f 6571//3033 6570//3033 6569//3033
f 6576//3034 6575//3034 6574//3034
f 6579//3035 6578//3035 6577//3035
f 6584//3036 6583//3036 6582//3036
f 6587//3037 6586//3037 6585//3037
f 6591//3038 6590//4788 6589//3038
f 6596//3040 6595//4789 6594//3041
f 6600//3043 6599//4790 6598//3043
f 6603//3044 6602//4791 6601//3045
f 6607//3047 6606//4792 6605//3047
f 6611//3049 6610//4793 6609//3050
f 6616//3052 6615//4794 6614//3053
f 6620//3055 6619//4795 6618//3056
f 6623//3058 6622//4796 6621//3059
f 6627//3061 6626//4797 6625//3062
f 6632//3064 6631//4798 6630//3065
f 6636//3067 6635//4799 6634//3068
f 6639//3070 6638//4800 6637//3071
f 6643//3073 6642//4801 6641//3074
f 6648//3076 6647//4802 6646//3077
f 6652//3079 6651//4803 6650//3080
f 6655//3082 6654//4804 6653//3083
f 6659//3085 6658//4805 6657//3086
f 6664//3088 6663//4806 6662//3089
f 6668//3091 6667//4807 6666//3092
f 6671//3094 6670//4808 6669//3095
f 6675//3097 6674//4809 6673//3098
f 6680//3100 6679//4810 6678//3101
f 6684//3103 6683//4811 6682//3104
f 6688//3106 6687//4812 6686//3107
f 6691//3109 6690//4813 6689//3110
f 6695//3112 6694//4814 6693//3113
f 6700//3115 6699//4815 6698//3116
f 6704//190 6703//190 6702//190
f 6708//190 6707//190 6706//190
f 6712//190 6711//190 6710//190
f 6716//190 6715//190 6714//190
f 6720//3118 6719//3118 6718//3118
f 6724//3119 6723//3119 6722//3119
f 6728//3120 6727//3120 6726//3120
f 6731//3121 6730//3121 6729//3121
f 6735//3122 6734//3122 6733//3122
f 6739//3123 6738//3123 6737//3123
f 6743//3124 6742//4816 6741//3125
f 6748//3127 6747//4817 6746//3128
f 6752//3130 6751//4818 6750//3131
f 6755//3133 6754//4819 6753//3134
f 6759//3136 6758//4820 6757//3137
f 6764//3139 6763//4821 6762//3140
f 6768//3142 6767//4822 6766//3143
f 6771//3145 6770//4823 6769//3146
f 6775//3148 6774//4824 6773//3149
f 6780//3151 6779//4825 6778//3152
f 6784//3154 6783//4826 6782//3155
f 6787//3157 6786//4827 6785//3158
f 6791//3160 6790//4828 6789//3161
f 6796//3163 6795//4829 6794//3164
f 6800//3166 6799//4830 6798//3167
f 6803//3169 6802//4831 6801//3170
f 6807//3172 6806//3172 6805//3172
f 6811//3173 6810//3173 6809//3173
f 6816//3172 6815//3172 6814//3172
f 6820//4832 6819//4832 6818//4832
f 6824//3175 6823//4833 6822//3176
f 6827//3178 6826//4834 6825//3179
f 6831//3181 6830//4835 6829//3182
f 6836//3184 6835//4836 6834//3185
f 6840//3189 6839//3189 6838//3189
f 6844//4837 6843//4837 6842//4837
f 6847//3189 6846//3189 6845//3189
f 6852//3188 6851//3188 6850//3188
f 6856//190 6855//190 6854//190
f 6860//190 6859//190 6858//190
f 6864//190 6863//190 6862//190
f 6868//190 6867//190 6866//190
f 6871//3190 6870//3190 6869//3190
f 6876//3191 6875//3191 6874//3191
f 6880//3192 6879//3192 6878//3192
f 6883//3193 6882//3193 6881//3193
f 6887//3194 6886//3194 6885//3194
f 6892//3195 6891//3195 6890//3195
f 6896//3196 6895//4838 6894//3197
f 6899//3199 6898//4839 6897//3200
f 6903//3202 6902//4840 6901//3203
f 6908//3205 6907//4841 6906//3206
f 6912//3208 6911//4842 6910//3209
f 6915//3211 6914//4843 6913//3212
f 6919//3214 6918//4844 6917//3215
f 6924//3217 6923//4845 6922//3218
f 6928//3220 6927//4846 6926//3221
f 6931//3223 6930//4847 6929//3224
f 6935//3226 6934//4848 6933//3227
f 6940//3229 6939//4849 6938//3230
f 6944//3232 6943//4850 6942//3233
f 6947//3235 6946//4851 6945//3236
f 6951//3238 6950//4852 6949//3239
f 6956//3241 6955//4853 6954//3242
f 6960//3244 6959//4854 6958//3245
f 6963//3247 6962//4855 6961//3248
f 6967//3250 6966//4856 6965//3251
f 6972//3253 6971//4857 6970//3254
f 6976//3256 6975//4858 6974//3256
f 6979//3258 6978//4859 6977//3259
f 6983//3261 6982//4860 6981//3261
f 6988//3263 6987//4861 6986//3264
f 6992//3266 6991//4862 6990//3267
f 6995//3269 6994//4863 6993//3270
f 6999//3272 6998//4864 6997//3273
f 7004//3275 7003//4865 7002//3276
f 7008//3278 7007//4866 7006//3279
f 7011//3281 7010//4867 7009//3282
f 7015//3284 7014//4868 7013//3285
f 7020//3287 7019//4869 7018//3288
f 7024//190 7023//190 7022//190
f 7028//190 7027//190 7026//190
f 7032//190 7031//190 7030//190
f 7036//190 7035//190 7034//190
f 7039//3290 7038//3290 7037//3290
f 7043//3291 7042//3291 7041//3291
f 7047//3292 7046//3292 7045//3292
f 7051//3293 7050//3293 7049//3293
f 7055//3294 7054//3294 7053//3294
f 7059//3295 7058//3295 7057//3295
f 7063//3296 7062//4870 7061//3297
f 7067//3299 7066//4871 7065//3300
f 7072//3302 7071//4872 7070//3303
f 7076//3305 7075//4873 7074//3306
f 7079//3308 7078//4874 7077//3308
f 7083//3310 7082//4875 7081//3310
f 7088//3312 7087//4876 7086//3313
f 7092//3314 7091//4877 7090//3315
f 7095//3317 7094//4878 7093//3318
f 7099//3320 7098//4879 7097//3321
f 7104//3323 7103//4880 7102//3324
f 7108//3326 7107//4881 7106//3327
f 7111//3329 7110//4882 7109//3330
f 7115//3332 7114//4883 7113//3333
f 7120//3335 7119//4884 7118//3336
f 7124//3338 7123//4885 7122//3339
f 7127//3341 7126//4886 7125//3342
f 7131//3344 7130//4887 7129//3345
f 7136//3347 7135//4888 7134//3348
f 7140//3350 7139//4889 7138//3351
f 7144//3353 7143//4890 7142//3354
f 7147//3356 7146//3356 7145//3356
f 7151//3357 7150//4891 7149//3358
f 7156//3360 7155//3360 7154//3360
f 7160//3361 7159//4892 7158//3362
f 7163//3364 7162//4893 7161//3365
f 7167//3367 7166//4894 7165//3368
f 7172//3370 7171//4895 7170//3370
f 7176//3372 7175//4896 7174//3373
f 7179//3375 7178//4897 7177//3376
f 7183//3378 7182//4898 7181//3379
f 7188//3381 7187//4899 7186//3382
f 7192//190 7191//190 7190//190
f 7196//190 7195//190 7194//190
f 7200//190 7199//190 7198//190
f 7204//190 7203//190 7202//190
f 7208//3384 7207//3384 7206//3384
f 7212//3385 7211//3385 7210//3385
f 7216//3386 7215//3386 7214//3386
f 7220//3387 7219//3387 7218//3387
f 7223//3388 7222//3388 7221//3388
f 7228//3389 7227//3389 7226//3389
f 7231//3390 7230//4900 7229//3391
f 7235//3393 7234//4901 7233//3394
f 7240//3396 7239//4902 7238//3397
f 7244//3399 7243//4903 7242//3400
f 7247//3402 7246//4904 7245//3403
f 7251//3405 7250//4905 7249//3406
f 7256//3408 7255//4906 7254//3409
f 7260//3411 7259//4907 7258//3412
f 7263//3414 7262//4908 7261//3414
f 7267//3416 7266//4909 7265//3416
f 7272//3418 7271//4910 7270//3418
f 7276//3420 7275//4911 7274//3421
f 7280//3423 7279//4912 7278//3424
f 7283//3426 7282//4913 7281//3427
f 7287//3429 7286//4914 7285//3430
f 7292//3432 7291//4915 7290//3433
f 7296//3435 7295//4916 7294//3436
f 7299//3438 7298//4917 7297//3439
f 7303//3441 7302//4918 7301//3442
f 7308//3444 7307//4919 7306//3445
f 7312//3447 7311//3448 7310//3448
f 7315//3449 7314//4920 7313//3450
f 7319//3452 7318//3452 7317//3452
f 7324//3454 7323//4921 7322//3455
f 7328//3457 7327//4922 7326//3458
f 7331//3460 7330//4923 7329//3461
f 7335//3463 7334//4924 7333//3464
f 7340//3466 7339//4925 7338//3467
f 7344//3469 7343//4926 7342//3470
f 7348//3472 7347//4927 7346//3473
f 7351//3475 7350//4928 7349//3476
f 7355//3478 7354//4929 7353//3479
f 7360//3481 7359//4930 7358//3481
f 7364//3483 7363//4931 7362//3484
f 7367//3486 7366//4932 7365//3487
f 7371//3489 7370//4933 7369//3490
f 7376//190 7375//190 7374//190
f 7380//190 7379//190 7378//190
f 7384//190 7383//190 7382//190
f 7388//190 7387//190 7386//190
f 7392//3492 7391//3492 7390//3492
f 7396//3493 7395//3493 7394//3493
f 7400//3494 7399//3494 7398//3494
f 7404//3495 7403//3495 7402//3495
f 7407//3496 7406//3496 7405//3496
f 7412//3498 7411//3498 7410//3498
f 7415//3499 7414//4934 7413//3500
f 7419//3502 7418//4935 7417//3503
f 7424//3505 7423//4936 7422//3506
f 7428//3508 7427//4937 7426//3509
f 7431//3511 7430//4938 7429//3512
f 7435//3514 7434//4939 7433//3515
f 7440//3517 7439//4940 7438//3518
f 7444//3520 7443//4941 7442//3521
f 7447//3523 7446//4942 7445//3524
f 7451//3526 7450//4943 7449//3527
f 7456//3529 7455//4944 7454//3530
f 7460//3532 7459//4945 7458//3533
f 7464//3535 7463//4946 7462//3536
f 7467//3538 7466//4947 7465//3539
f 7471//3541 7470//4948 7469//3542
f 7476//3544 7475//4949 7474//3545
f 7480//3547 7479//4950 7478//3548
f 7483//3550 7482//4951 7481//3551
f 7487//3553 7486//4952 7485//3554
f 7492//3556 7491//4953 7490//3557
f 7496//3559 7495//4954 7494//3559
f 7499//3561 7498//4955 7497//3562
f 7503//3564 7502//4956 7501//3565
f 7508//3567 7507//4957 7506//3568
f 7512//3570 7511//4958 7510//3571
f 7516//3573 7515//4959 7514//3574
f 7519//3576 7518//4960 7517//3577
f 7523//3579 7522//4961 7521//3580
f 7528//3582 7527//4962 7526//3583
f 7532//3585 7531//4963 7530//3586
f 7535//3588 7534//4964 7533//3589
f 7539//3591 7538//4965 7537//3592
f 7544//190 7543//190 7542//190
f 7548//190 7547//190 7546//190
f 7552//190 7551//190 7550//190
f 7556//190 7555//190 7554//190
g model_mat15
usemtl mat15
f 6165//3594 6164//3594 6163//3594
f 6168//3595 6167//3595 6166//3595
f 6171//3596 6170//3596 6169//3596
f 6174//3597 6173//3597 6172//3597
f 6177//3598 6176//3598 6175//3598
f 6180//3599 6179//3599 6178//3599
f 6183//3600 6182//3600 6181//3600
f 6186//3601 6185//3601 6184//3601
f 6189//3602 6188//3602 6187//3602
f 6192//3603 6191//3603 6190//3603
f 6195//3604 6194//3604 6193//3604
f 6198//3605 6197//3605 6196//3605
f 6201//3606 6200//3606 6199//3606
f 6204//3607 6203//3607 6202//3607
f 6207//3608 6206//3608 6205//3608
f 6210//3609 6209//3609 6208//3609
f 6213//3610 6212//3610 6211//3610
f 6216//3611 6215//3611 6214//3611
f 6219//3612 6218//3612 6217//3612
f 6222//3613 6221//3613 6220//3613
f 6225//3614 6224//3614 6223//3614
f 6228//3615 6227//3615 6226//3615
f 6231//3616 6230//3616 6229//3616
f 6234//3617 6233//3617 6232//3617
f 6237//3618 6236//3618 6235//3618
f 6240//3619 6239//3619 6238//3619
f 6244//3620 6242//3621 6241//3622
f 6247//3623 6246//3623 6245//3623
f 6250//3624 6248//3625 6251//3625
f 6254//3626 6253//3626 6252//3626
f 6257//3627 6255//3627 6258//3627
f 6261//3628 6260//3628 6259//3628
f 6264//3629 6263//3629 6262//3629
f 6267//3630 6266//3630 6265//3630
f 6270//3631 6269//3631 6268//3631
f 6273//3632 6272//3632 6271//3632
f 6276//3633 6275//3633 6274//3633
f 6279//3634 6278//3634 6277//3634
f 6282//3635 6281//3635 6280//3635
f 6285//3636 6284//3636 6283//3636
f 6288//3637 6286//3637 6289//3637
f 6292//3638 6291//3638 6290//3638
f 6295//3639 6293//3639 6296//3639
f 6299//3640 6298//3640 6297//3640
f 6302//3641 6301//3641 6300//3641
f 6305//3642 6304//3642 6303//3642
f 6308//3643 6307//3643 6306//3643
f 6311//3644 6310//3644 6309//3644
f 6315//3645 6313//3645 6312//3645
f 6318//3646 6317//3646 6316//3646
f 6321//3647 6320//3647 6319//3647
f 6324//3648 6323//3648 6322//3648
f 6327//3649 6326//3649 6325//3649
f 6330//3650 6329//3650 6328//3650
f 6334//3651 6332//3651 6331//3651
f 6337//3652 6336//3652 6335//3652
f 6340//3653 6339//3653 6338//3653
f 6343//3654 6341//3654 6344//3654
f 6347//3655 6346//3655 6345//3655
f 6350//3656 6349//3656 6348//3656
f 6354//3657 6352//3657 6351//3657
f 6357//3658 6356//3658 6355//3658
f 6360//3659 6359//3659 6358//3659
f 6363//3660 6362//3660 6361//3660
f 6366//3661 6365//3661 6364//3661
f 6369//3662 6368//3662 6367//3662
f 6372//3663 6371//3663 6370//3663
f 6375//3664 6374//3664 6373//3664
f 6378//3665 6377//3665 6376//3665
f 6381//3666 6380//3666 6379//3666
f 6384//3667 6383//3667 6382//3667
f 6387//3668 6386//3668 6385//3668
f 6390//3669 6389//3669 6388//3669
f 6393//3670 6392//3670 6391//3670
f 6396//3671 6395//3671 6394//3671
f 6399//3672 6398//3672 6397//3672
f 6402//3673 6401//3673 6400//3673
f 6405//3674 6404//3674 6403//3674
f 6408//3675 6407//3675 6406//3675
f 6411//3676 6410//3676 6409//3676
f 6414//3677 6413//3677 6412//3677
f 6417//3678 6416//3678 6415//3678
f 6420//3679 6419//3679 6418//3679
f 6423//3680 6422//3680 6421//3680
f 6426//3681 6425//3681 6424//3681
f 6429//3682 6428//3682 6427//3682
f 6432//3683 6431//3683 6430//3683
f 6435//3684 6434//3684 6433//3684
f 6438//3685 6437//3685 6436//3685
f 6441//3686 6440//3686 6439//3686
f 6444//3687 6443//3687 6442//3687
f 6447//3688 6446//3688 6445//3688
f 6450//3689 6449//3689 6448//3689
f 6453//3690 6452//3690 6451//3690
f 6456//3691 6455//3691 6454//3691
f 6459//3692 6458//3692 6457//3692
f 6462//3693 6461//3693 6460//3693
f 6465//3694 6464//3694 6463//3694
f 6468//3695 6467//3695 6466//3695
f 6471//3696 6470//3696 6469//3696
f 6474//3697 6473//3697 6472//3697
f 6477//3698 6476//3698 6475//3698
f 6480//3699 6479//3699 6478//3699
f 6483//3700 6482//3700 6481//3700
f 6486//3701 6485//3701 6484//3701
f 6489//3702 6488//3702 6487//3702
f 6492//3703 6491//3703 6490//3703
f 6495//3704 6494//3704 6493//3704
f 6498//3705 6497//3705 6496//3705
f 6501//3706 6500//3706 6499//3706
f 6504//3707 6503//3707 6502//3707
f 6507//3708 6506//3708 6505//3708
f 6510//3709 6509//3709 6508//3709
f 6513//3710 6512//3710 6511//3710
f 6516//3711 6515//3711 6514//3711
f 6519//3712 6518//3712 6517//3712
f 6522//3713 6521//3713 6520//3713
f 6525//3714 6524//3714 6523//3714
f 6528//3715 6527//3715 6526//3715
f 6531//3716 6530//3716 6529//3716
f 6534//3716 6533//3716 6532//3716
f 6537//3717 6536//3717 6535//3717
f 6540//3718 6539//3718 6538//3718
f 6543//3719 6542//3719 6541//3719
f 6546//3720 6545//3720 6544//3720
f 6549//3721 6548//3721 6547//3721
f 6552//3722 6551//3722 6550//3722
f 6555//3723 6554//3723 6553//3723
f 6558//3724 6557//3724 6556//3724
f 6561//3725 6560//3725 6559//3725
f 6564//3726 6563//3726 6562//3726
f 6244//3620 6243//4966 6242//3621
f 6250//3624 6249//3624 6248//3625
f 6257//3627 6256//3627 6255//3627
f 6288//3637 6287//3637 6286//3637
f 6295//3639 6294//3639 6293//3639
f 6315//3645 6314//3645 6313//3645
f 6334//3651 6333//3651 6332//3651
f 6343//3654 6342//3654 6341//3654
f 6354//3657 6353//3657 6352//3657
g model_mat18
usemtl mat18
f 7559//3727 7558//3727 7557//3727
f 7562//3728 7561//3728 7560//3728
f 7565//3729 7564//3729 7563//3729
f 7568//3730 7567//3730 7566//3730
f 7571//3731 7570//3731 7569//3731
f 7574//3732 7573//3732 7572//3732
f 7577//3733 7576//3733 7575//3733
f 7580//3734 7579//3734 7578//3734
f 7583//3735 7582//3735 7581//3735
f 7586//3736 7585//3736 7584//3736
f 7589//3737 7588//3737 7587//3737
f 7592//3738 7591//3738 7590//3738
f 7595//3739 7594//3739 7593//3739
f 7604//3740 7600//3740 7596//3740
f 7610//3741 7609//3741 7608//3741
f 7613//3742 7612//3742 7611//3742
f 7616//3743 7615//3743 7614//3743
f 7619//3744 7618//3744 7617//3744
f 7622//3745 7621//3745 7620//3745
f 7625//3746 7624//3746 7623//3746
f 7628//3747 7627//3747 7626//3747
f 7631//3748 7630//3748 7629//3748
f 7634//3749 7633//3749 7632//3749
f 7637//3750 7636//3750 7635//3750
f 7640//3751 7639//3751 7638//3751
f 7644//3731 7643//3731 7641//3731
f 7649//3752 7647//3752 7646//3752
f 7653//3753 7652//3753 7651//3753
f 7656//3754 7655//3754 7654//3754
f 7660//3755 7658//3755 7657//3755
f 7664//3756 7662//3757 7661//3758
f 7669//3737 7667//3737 7666//3737
f 7674//3759 7672//3759 7671//3759
f 7678//3760 7676//3760 7679//3760
f 7683//3761 7681//3761 7680//3761
f 7687//3762 7685//3762 7688//3762
f 7691//3763 7690//3763 7689//3763
f 7698//3764 7697//3764 7696//3764
f 7701//3765 7700//3765 7699//3765
f 7704//3766 7703//3766 7702//3766
f 7707//3767 7706//3767 7705//3767
f 7710//3768 7709//3768 7708//3768
f 7713//3769 7712//3769 7711//3769
f 7716//3770 7715//3770 7714//3770
f 7719//3771 7718//3771 7717//3771
f 7722//3772 7721//3772 7720//3772
f 7725//3773 7724//3773 7723//3773
f 7728//3774 7727//3774 7726//3774
f 7731//3775 7730//3775 7729//3775
f 7734//3776 7733//3776 7732//3776
f 7737//3777 7736//3777 7735//3777
f 7740//3778 7739//3778 7738//3778
f 7743//3779 7742//3779 7741//3779
f 7746//3780 7745//3780 7744//3780
f 7749//3781 7748//3781 7747//3781
f 7752//3782 7751//3782 7750//3782
f 7755//3783 7754//3783 7753//3783
f 7758//3784 7757//3784 7756//3784
f 7761//3785 7760//3785 7759//3785
f 7764//3786 7763//3786 7762//3786
f 7859//3787 7858//3787 7857//3787
f 7862//3788 7861//3788 7860//3788
f 7865//3789 7864//3789 7863//3789
f 7868//3790 7867//3790 7866//3790
f 7871//3791 7870//3791 7869//3791
f 7874//3792 7873//3792 7872//3792
f 7877//3793 7876//3793 7875//3793
f 7880//3794 7879//3794 7878//3794
f 7883//3795 7882//3795 7881//3795
f 7886//3796 7885//3796 7884//3796
f 7889//3797 7888//3797 7887//3797
f 7892//3798 7891//3798 7890//3798
f 7895//3799 7894//3799 7893//3799
f 7898//3800 7897//3800 7896//3800
f 7901//3801 7900//3801 7899//3801
f 7904//3802 7903//3802 7902//3802
f 7907//3803 7906//3803 7905//3803
f 7910//3804 7909//3804 7908//3804
f 7913//3805 7912//3805 7911//3805
f 7916//3806 7915//3806 7914//3806
f 7919//3807 7917//3807 7920//3807
f 7924//3808 7922//3808 7921//3808
f 7927//3809 7925//3809 7928//3809
f 7932//3810 7930//3810 7929//3810
f 7935//3811 7933//3811 7936//3811
f 7940//3812 7938//3812 7937//3812
f 7943//3813 7941//3813 7944//3813
f 7947//3814 7945//3814 7948//3814
f 7951//3815 7949//3815 7952//3815
f 7956//3816 7954//3816 7953//3816
f 7960//3817 7958//3817 7957//3817
f 7963//3818 7961//3818 7964//3818
f 7968//3819 7966//3819 7965//3819
f 7971//3820 7969//3820 7972//3820
f 7975//3821 7973//3821 7976//3821
f 7980//3822 7978//3822 7977//3822
f 7984//3823 7982//3823 7981//3823
f 7987//3824 7985//3824 7988//3824
f 7992//3825 7990//3825 7989//3825
f 7996//3826 7994//3826 7993//3826
f 7999//3827 7997//3827 8000//3827
f 8004//3828 8002//3828 8001//3828
f 8008//3829 8006//3829 8005//3829
f 8011//3830 8009//3830 8012//3830
f 8016//3831 8014//3831 8013//3831
f 8020//3832 8018//3832 8017//3832
f 8024//3833 8022//3833 8021//3833
f 8027//3834 8025//3834 8028//3834
f 8031//3835 8029//3835 8032//3835
f 8035//3836 8033//3836 8036//3836
f 8039//3837 8037//3837 8040//3837
f 8043//3838 8041//3838 8044//3838
f 8047//3839 8045//3839 8048//3839
f 8052//3840 8050//3840 8049//3840
f 8056//3841 8054//3841 8053//3841
f 8059//3842 8057//3842 8060//3842
f 8063//3843 8061//3843 8064//3843
f 8067//3734 8065//3734 8068//3734
f 8071//3735 8069//3735 8072//3735
f 8076//3736 8074//3736 8073//3736
f 8079//3737 8077//3737 8080//3737
f 8083//3844 8081//3844 8084//3844
f 8087//3845 8085//3845 8088//3845
f 8091//3846 8089//3846 8092//3846
f 8096//3753 8094//3753 8093//3753
f 8100//3752 8098//3752 8097//3752
f 8104//3731 8102//3731 8101//3731
f 8108//3732 8106//3732 8105//3732
f 8111//3847 8109//3847 8112//3847
f 8115//3848 8113//3848 8116//3848
f 8119//3849 8117//3849 8120//3849
f 8124//3850 8122//3850 8121//3850
f 8127//3851 8125//3851 8128//3851
f 8132//3852 8130//3852 8129//3852
f 8135//3853 8133//3853 8136//3853
f 8140//3854 8138//3854 8137//3854
f 8144//3855 8142//3855 8141//3855
f 8148//3856 8146//3856 8145//3856
f 8152//3857 8150//3857 8149//3857
f 8155//3858 8153//3858 8156//3858
f 8159//3859 8157//3859 8160//3859
f 8163//3860 8161//3860 8164//3860
f 8167//3861 8165//3861 8168//3861
f 8171//3862 8169//3862 8172//3862
f 8175//3863 8173//3863 8176//3863
f 8179//3864 8177//3864 8180//3864
f 8183//3865 8181//3865 8184//3865
f 8188//3866 8186//3866 8185//3866
f 8192//3867 8190//3867 8189//3867
f 8195//3868 8193//3868 8196//3868
f 8199//3869 8197//3869 8200//3869
f 8203//3870 8201//3870 8204//3870
f 8208//3871 8206//3871 8205//3871
f 8211//3872 8209//3872 8212//3872
f 8215//3873 8213//3873 8216//3873
f 8219//3874 8217//3874 8220//3874
f 8223//3875 8221//3875 8224//3875
f 8227//3876 8225//3876 8228//3876
f 8232//3877 8230//3877 8229//3877
f 8236//3878 8234//3878 8233//3878
f 8239//3879 8237//3879 8240//3879
f 8244//3880 8242//3880 8241//3880
f 8248//3881 8246//3881 8245//3881
f 8251//3882 8249//3882 8252//3882
f 8255//3883 8254//3883 8253//3883
f 8258//3884 8257//3884 8256//3884
f 8261//3885 8260//3885 8259//3885
f 8264//3886 8263//3886 8262//3886
f 8267//3887 8266//3887 8265//3887
f 8270//3888 8269//3888 8268//3888
f 8273//3889 8272//3889 8271//3889
f 8276//3890 8275//3890 8274//3890
f 8279//3891 8278//3891 8277//3891
f 8282//3892 8281//3892 8280//3892
f 8285//3893 8284//3893 8283//3893
f 8288//3894 8287//3894 8286//3894
f 7596//3740 7607//3740 7606//3740
f 7606//3740 7605//3740 7604//3740
f 7604//3740 7603//3740 7602//3740
f 7602//3740 7601//3740 7600//3740
f 7600//3740 7599//3740 7598//3740
f 7598//3740 7597//3740 7596//3740
f 7596//3740 7606//3740 7604//3740
f 7604//3740 7602//3740 7600//3740
f 7600//3740 7598//3740 7596//3740
f 7641//3731 7645//3731 7644//3731
f 7643//3731 7642//3731 7641//3731
f 7646//3752 7650//3752 7649//3752
f 7649//3752 7648//3752 7647//3752
f 7660//3755 7659//3755 7658//3755
f 7661//3758 7665//4967 7664//3756
f 7664//3756 7663//3844 7662//3757
f 7666//3737 7670//3737 7669//3737
f 7669//4968 7668//4968 7667//4968
f 7671//3759 7675//3759 7674//3759
f 7674//3759 7673//3759 7672//3759
f 7678//3760 7677//3760 7676//3760
f 7680//3761 7684//3761 7683//3761
f 7683//3761 7682//3761 7681//3761
f 7687//3762 7686//3762 7685//3762
f 7919//3807 7918//3807 7917//3807
f 7924//3808 7923//3808 7922//3808
f 7927//3809 7926//3809 7925//3809
f 7932//3810 7931//3810 7930//3810
f 7935//3811 7934//3811 7933//3811
f 7940//3812 7939//3812 7938//3812
f 7943//3813 7942//3813 7941//3813
f 7947//3814 7946//3814 7945//3814
f 7951//3815 7950//3815 7949//3815
f 7956//3816 7955//3816 7954//3816
f 7960//3817 7959//3817 7958//3817
f 7963//3818 7962//3818 7961//3818
f 7968//3819 7967//3819 7966//3819
f 7971//3820 7970//3820 7969//3820
f 7975//3821 7974//3821 7973//3821
f 7980//3822 7979//3822 7978//3822
f 7984//3823 7983//3823 7982//3823
f 7987//3824 7986//3824 7985//3824
f 7992//3825 7991//3825 7990//3825
f 7996//3826 7995//3826 7994//3826
f 7999//3827 7998//3827 7997//3827
f 8004//3828 8003//3828 8002//3828
f 8008//3829 8007//3829 8006//3829
f 8011//3830 8010//3830 8009//3830
f 8016//3831 8015//3831 8014//3831
f 8020//3832 8019//3832 8018//3832
f 8024//3833 8023//3833 8022//3833
f 8027//3834 8026//3834 8025//3834
f 8031//3835 8030//3835 8029//3835
f 8035//3836 8034//3836 8033//3836
f 8039//3837 8038//3837 8037//3837
f 8043//3838 8042//3838 8041//3838
f 8047//3839 8046//3839 8045//3839
f 8052//3840 8051//3840 8050//3840
f 8056//3841 8055//3841 8054//3841
f 8059//3842 8058//3842 8057//3842
f 8063//3843 8062//3843 8061//3843
f 8067//3734 8066//3734 8065//3734
f 8071//3735 8070//3735 8069//3735
f 8076//3736 8075//3736 8074//3736
f 8079//3737 8078//3737 8077//3737
f 8083//3844 8082//3844 8081//3844
f 8087//3845 8086//3845 8085//3845
f 8091//3846 8090//3846 8089//3846
f 8096//3753 8095//3753 8094//3753
f 8100//3752 8099//3752 8098//3752
f 8104//3731 8103//3731 8102//3731
f 8108//3732 8107//3732 8106//3732
f 8111//3847 8110//3847 8109//3847
f 8115//3848 8114//3848 8113//3848
f 8119//3849 8118//3849 8117//3849
f 8124//3850 8123//3850 8122//3850
f 8127//3851 8126//3851 8125//3851
f 8132//3852 8131//3852 8130//3852
f 8135//3853 8134//3853 8133//3853
f 8140//3854 8139//3854 8138//3854
f 8144//3855 8143//3855 8142//3855
f 8148//3856 8147//3856 8146//3856
f 8152//3857 8151//3857 8150//3857
f 8155//3858 8154//3858 8153//3858
f 8159//3859 8158//3859 8157//3859
f 8163//3860 8162//3860 8161//3860
f 8167//3861 8166//3861 8165//3861
f 8171//3862 8170//3862 8169//3862
f 8175//3863 8174//3863 8173//3863
f 8179//3864 8178//3864 8177//3864
f 8183//3865 8182//3865 8181//3865
f 8188//3866 8187//3866 8186//3866
f 8192//3867 8191//3867 8190//3867
f 8195//3868 8194//3868 8193//3868
f 8199//3869 8198//3869 8197//3869
f 8203//3870 8202//3870 8201//3870
f 8208//3871 8207//3871 8206//3871
f 8211//3872 8210//3872 8209//3872
f 8215//3873 8214//3873 8213//3873
f 8219//3874 8218//3874 8217//3874
f 8223//3875 8222//3875 8221//3875
f 8227//3876 8226//3876 8225//3876
f 8232//3877 8231//3877 8230//3877
f 8236//3878 8235//3878 8234//3878
f 8239//3879 8238//3879 8237//3879
f 8244//3880 8243//3880 8242//3880
f 8248//3881 8247//3881 8246//3881
f 8251//3882 8250//3882 8249//3882
g model_mat20
usemtl mat20
f 7695//1528 7693//1528 7692//1528
f 7769//1528 7767//1528 7765//1528
f 7773//3895 7772//3895 7771//3895
f 7776//1528 7775//1528 7774//1528
f 7779//1528 7778//1528 7777//1528
f 7783//3896 7781//3896 7780//3896
f 7786//3897 7785//3897 7784//3897
f 7789//3898 7788//3898 7787//3898
f 7792//3899 7791//3899 7790//3899
f 7795//3900 7794//3900 7793//3900
f 7798//3901 7797//3901 7796//3901
f 7801//3902 7800//3902 7799//3902
f 7804//3903 7803//3903 7802//3903
f 7807//3904 7806//3904 7805//3904
f 7810//1528 7809//1528 7808//1528
f 7813//3905 7812//3905 7811//3905
f 7816//3906 7815//3906 7814//3906
f 7819//3907 7818//3907 7817//3907
f 7822//1528 7821//1528 7820//1528
f 7825//3908 7824//3908 7823//3908
f 7828//3909 7827//3909 7826//3909
f 7831//3910 7830//3910 7829//3910
f 7834//1528 7833//1528 7832//1528
f 7837//3911 7836//3911 7835//3911
f 7840//3912 7839//3912 7838//3912
f 7843//3913 7842//3913 7841//3913
f 7849//1528 7847//1528 7845//1528
f 7695//1528 7694//1528 7693//1528
f 7765//1528 7770//1528 7769//1528
f 7769//1528 7768//1528 7767//1528
f 7767//1528 7766//1528 7765//1528
f 7783//3896 7782//3896 7781//3896
f 7849//1528 7848//1528 7847//1528
f 7847//1528 7846//1528 7845//1528
f 7845//1528 7844//1528 7849//1528
