# Blender 3.3.0
# www.blender.org
mtllib scp173.mtl
o Scene_Root
v -0.028000 1.647830 0.202370
v -0.058690 1.733620 0.243720
v -0.051610 1.654640 0.201820
v 0.123060 1.291590 -0.086140
v 0.101860 1.158440 -0.122570
v 0.068480 1.321080 -0.119980
v 0.166300 1.925580 -0.145570
v 0.140040 1.951300 -0.159220
v 0.179920 1.962430 -0.124400
v -0.008730 0.741050 0.180700
v -0.005820 0.912890 0.142030
v -0.034610 0.851210 0.151880
v -0.048700 1.385900 0.130320
v -0.082420 1.302970 0.128290
v -0.002470 1.353940 0.138090
v -0.073460 1.306670 -0.127250
v -0.048680 1.179290 -0.155400
v -0.090240 1.139480 -0.140400
v 0.166050 0.489060 0.074480
v 0.168150 0.417660 0.069710
v 0.174540 0.446200 0.046670
v -0.161660 0.431260 -0.015830
v -0.170200 0.425680 -0.004420
v -0.154860 0.584230 -0.006090
v -0.084160 1.745350 0.238040
v -0.112700 1.778330 0.224100
v -0.107150 1.662220 0.165190
v 0.016840 2.172720 -0.043000
v -0.002980 2.143530 -0.101220
v -0.039420 2.164240 -0.051640
v 0.058730 0.364930 0.061940
v 0.025210 0.437570 0.044460
v 0.038920 0.316210 0.016250
v 0.177650 0.414030 0.022460
v 0.176380 0.382990 0.041690
v 0.175810 0.368000 0.021210
v -0.068630 0.353710 0.075450
v -0.067560 0.245180 0.058360
v -0.055500 0.315490 0.048760
v -0.160820 0.266190 -0.021260
v -0.166350 0.316570 -0.013130
v -0.142680 0.291430 -0.036760
v 0.124000 1.728930 -0.155140
v 0.121860 1.683260 -0.135410
v 0.077300 1.690270 -0.160950
v -0.127050 1.777510 -0.163510
v -0.180870 1.815470 -0.104800
v -0.142320 1.828410 -0.144810
v 0.030390 2.111240 0.230540
v 0.031780 2.084060 0.254620
v 0.062240 2.096010 0.232460
v 0.109490 1.882300 0.256570
v 0.150670 1.815210 0.200580
v 0.149150 1.881140 0.218620
v -0.128730 1.465370 -0.002210
v -0.115270 1.513620 -0.002760
v -0.110630 1.482780 -0.020620
v -0.134720 1.760810 -0.149920
v -0.129800 1.687280 -0.120660
v -0.174000 1.774620 -0.101710
v -0.101290 0.737910 -0.104580
v -0.107320 0.669160 -0.070300
v -0.140510 0.748120 -0.075790
v 0.117840 0.951450 -0.114620
v 0.095480 0.986950 -0.138910
v 0.115700 1.088870 -0.114090
v 0.066900 0.591010 0.191560
v 0.012510 0.604870 0.202470
v 0.062910 0.537530 0.182700
v -0.001840 0.461670 0.058220
v 0.021120 0.451440 0.087100
v -0.001430 0.455080 0.095300
v 0.185370 1.277150 -0.214530
v 0.178920 1.268500 -0.167770
v 0.188090 1.279490 -0.188100
v 0.126100 1.137900 -0.102440
v 0.167520 1.867170 0.191460
v 0.175630 1.812030 0.163140
v 0.193780 1.856370 0.143160
v 0.222000 1.318740 -0.046690
v 0.172430 1.361970 -0.023950
v 0.206760 1.335610 0.001290
v 0.085900 2.007100 -0.164860
v 0.024220 1.981650 -0.165680
v 0.015840 2.044550 -0.166090
v 0.062910 2.061030 -0.160380
v -0.149080 1.996630 -0.121260
v -0.171580 1.972060 -0.102890
v -0.154250 2.043930 -0.087310
v -0.103190 2.050170 0.228700
v -0.089490 1.980570 0.274820
v -0.056150 1.996380 0.292680
v 0.206280 2.032480 0.019730
v 0.215240 1.999890 -0.012000
v 0.197220 2.051020 -0.042090
v 0.063040 2.167740 0.101960
v 0.041130 2.137560 0.189120
v 0.082410 2.144480 0.141920
v 0.079440 0.378440 -0.051830
v 0.065880 0.322690 -0.042540
v 0.050790 0.420020 -0.040670
v 0.013070 0.650190 -0.107250
v 0.042000 0.625040 -0.086620
v 0.007080 0.630670 -0.095850
v 0.249720 1.226610 -0.070010
v 0.236620 1.236390 -0.035300
v 0.237330 1.212340 -0.077990
v 0.163430 0.815020 0.035690
v 0.164110 0.815110 0.010600
v 0.162280 0.840510 -0.006710
v -0.125530 0.982680 0.077010
v -0.138700 0.847820 0.083620
v -0.106960 0.875570 0.111730
v -0.187350 1.263280 -0.122770
v -0.201600 1.225840 -0.165070
v -0.202800 1.266640 -0.221130
v -0.217820 1.302430 -0.117130
v -0.250730 1.288120 -0.142850
v -0.233980 1.305100 -0.102070
v -0.103160 1.418550 -0.077160
v -0.147350 1.329680 -0.066410
v -0.136220 1.392720 -0.047940
v 0.163750 0.123560 0.026660
v 0.155590 0.081330 0.032950
v 0.160600 0.050820 0.013600
v 0.071920 0.019940 -0.040320
v 0.080630 0.095740 -0.050270
v 0.084690 -0.011090 -0.045560
v -0.027810 1.497010 -0.101240
v -0.059200 1.557620 -0.094900
v -0.018820 1.567390 -0.109790
v 0.078730 1.587080 -0.098080
v 0.126150 1.656630 -0.113010
v 0.104290 1.583320 -0.074440
v -0.170100 0.594400 0.097260
v -0.177240 0.589330 0.057650
v -0.179110 0.502760 0.073110
v -0.072200 0.494920 0.166140
v -0.020950 0.494580 0.170490
v -0.043950 0.568730 0.195220
v -0.052420 0.211380 0.011850
v -0.045560 0.316730 0.002890
v -0.047690 0.300990 0.031380
v -0.163210 0.133270 0.022950
v -0.167420 0.036680 -0.015120
v -0.167360 0.041480 0.009050
v 0.166830 1.677580 0.106380
v 0.129320 1.571160 0.070430
v 0.173050 1.658260 0.065760
v 0.152060 1.616310 -0.023140
v 0.169690 1.645370 -0.009200
v 0.161120 1.619360 0.005060
v 0.034800 1.089780 0.122890
v 0.045450 1.202840 0.118980
v -0.011360 1.127000 0.124890
v 0.093880 1.420440 0.081170
v 0.111300 1.393970 0.071450
v 0.107220 1.451500 0.046800
v -0.168950 1.981430 0.134660
v -0.197570 1.913570 0.051040
v -0.168950 1.927870 0.151540
v -0.196910 1.783050 -0.000830
v -0.180560 1.720310 0.046710
v -0.182790 1.757030 0.067750
v -0.274120 1.256910 -0.142310
v -0.267760 1.269720 -0.191570
v -0.275760 1.242450 -0.140010
v -0.242300 1.289180 -0.171020
v -0.225460 1.289230 -0.178930
v -0.230950 1.292380 -0.194190
v 0.189430 1.289560 -0.224220
v 0.180520 1.306250 -0.255130
v 0.182380 1.285750 -0.238560
v 0.240560 1.262460 -0.314860
v 0.228790 1.222220 -0.212790
v 0.228210 1.246750 -0.284280
v -0.114100 0.804890 -0.113730
v -0.141200 0.803520 -0.090540
v -0.176030 0.974040 -0.012000
v -0.178440 1.033070 -0.019920
v -0.178760 0.946810 -0.037860
v -0.142510 1.355930 0.082080
v -0.166380 1.353500 0.039440
v -0.173770 1.336330 0.039490
v -0.224770 1.225880 -0.032230
v -0.247460 1.227610 -0.043470
v -0.239420 1.209550 -0.073010
v 0.103470 1.006510 0.102550
v 0.085990 0.922010 0.117660
v 0.112270 0.944090 0.099620
v 0.157120 0.721300 0.057840
v -0.036920 1.588100 0.159440
v 0.069080 1.523850 0.122700
v 0.109240 1.579080 0.110990
v 0.093980 1.606090 0.141480
v -0.080200 0.324290 -0.043050
v -0.055600 0.344340 -0.025280
v -0.071000 0.277300 -0.032620
v -0.024410 0.661190 -0.109640
v 0.008360 0.694960 -0.129720
v -0.086230 1.967830 -0.160910
v -0.014250 2.043030 -0.165260
v -0.122400 2.066550 -0.109630
v -0.034540 2.153960 0.146250
v 0.005320 2.171100 0.108790
v -0.028650 2.172070 0.085850
v -0.050850 2.075390 0.249180
v -0.075750 2.062510 0.243700
v -0.063690 2.015990 0.279300
v 0.030450 2.145380 -0.098090
v 0.050280 2.168540 -0.048910
v 0.076140 2.140590 -0.091430
v 0.195340 2.060520 -0.018720
v 0.153830 2.121840 -0.021120
v 0.175430 2.097510 0.002180
v -0.009200 1.807990 -0.186120
v 0.038940 1.792610 -0.187810
v -0.035130 1.779390 -0.183880
v -0.033470 1.829220 -0.177490
v -0.063160 1.795760 -0.183140
v -0.070210 1.850930 -0.171950
v -0.060780 1.148840 -0.153780
v -0.114850 0.986580 -0.132380
v -0.106270 1.085260 -0.134560
v 0.084820 0.880900 -0.143010
v 0.110840 0.910790 -0.120470
v 0.087680 0.804030 -0.127910
v 0.071230 2.118270 0.201770
v 0.203340 1.885170 0.117210
v 0.216000 1.965140 0.043530
v 0.193210 1.964500 0.128710
v -0.274290 1.280350 -0.328750
v -0.273470 1.258660 -0.245530
v -0.282180 1.288060 -0.282280
v -0.224200 1.204520 -0.158530
v -0.221240 1.217240 -0.195480
v -0.217490 1.202970 -0.141290
v 0.179890 1.278100 -0.259830
v 0.178050 1.303200 -0.304260
v 0.184820 1.263600 -0.290530
v 0.255470 1.292310 -0.338360
v 0.260950 1.308740 -0.311580
v 0.258110 1.285240 -0.280460
v 0.149260 0.241480 0.050640
v 0.121380 0.240030 0.059620
v 0.128730 0.128130 0.055820
v 0.092610 -0.027000 -0.029390
v 0.088790 -0.028680 0.003420
v 0.066070 -0.024650 0.005730
v 0.009020 1.352230 -0.136860
v 0.026700 1.302030 -0.142270
v 0.009390 1.258450 -0.152630
v 0.002770 1.498880 -0.103410
v 0.028100 1.557990 -0.108450
v 0.027190 1.496800 -0.099370
v 0.151540 0.389090 -0.029380
v 0.134630 0.456260 -0.032890
v 0.156220 0.449450 -0.015000
v 0.068490 0.727910 -0.123910
v 0.103840 0.720130 -0.090310
v 0.088840 0.646680 -0.074390
v 0.155200 1.702250 -0.109410
v 0.149060 1.775300 -0.154360
v 0.189430 1.802200 -0.108410
v 0.216790 1.876290 0.049950
v 0.210490 1.788020 0.034210
v 0.222660 1.905630 -0.003110
v -0.119000 1.476850 0.011300
v -0.185150 1.731920 -0.027470
v -0.168740 1.682230 -0.027470
v -0.168630 1.673130 0.024590
v 0.141260 1.343940 -0.057240
v 0.082090 1.396720 -0.087460
v 0.099870 1.432050 -0.055290
v 0.146720 1.379310 -0.020280
v 0.133020 1.404630 0.000930
v 0.147900 1.374650 0.014990
v -0.127210 1.365890 0.095820
v -0.159890 1.317990 0.074310
v -0.134670 1.303220 0.104450
v -0.158540 1.146360 0.047170
v -0.172060 1.121120 0.017880
v -0.168560 1.010460 0.010090
v -0.103490 0.309940 0.092470
v -0.132430 0.304630 0.094390
v -0.113590 0.229520 0.082090
v -0.020830 0.480220 0.160010
v -0.062350 0.483550 0.162040
v -0.088330 0.443200 0.131930
v -0.245860 1.300110 -0.007970
v -0.222210 1.332200 -0.002150
v -0.261810 1.282620 -0.108690
v -0.193760 1.332390 0.041920
v -0.217580 1.316160 0.036710
v -0.202980 1.304910 0.045120
v -0.115920 0.148910 -0.045120
v -0.132500 0.145350 -0.040810
v -0.135970 0.204250 -0.043080
v -0.129780 -0.025890 -0.042080
v -0.084210 -0.022140 -0.043620
v -0.064430 -0.029570 0.013220
v -0.182740 1.978880 -0.077700
v -0.176240 2.036290 -0.014790
v -0.166680 2.056010 -0.040680
v -0.076170 2.142380 0.128550
v -0.076540 2.159470 0.052290
v -0.100680 2.141440 0.071180
v 0.043510 2.020360 0.287550
v 0.057050 1.987520 0.289630
v 0.076120 2.011010 0.276730
v -0.039960 1.942600 0.306830
v -0.037180 2.004160 0.296500
v -0.069330 1.965480 0.294110
v -0.239390 1.307430 -0.226400
v -0.247530 1.298660 -0.213130
v -0.278050 1.300790 -0.339150
v -0.282020 1.294640 -0.322120
v -0.280640 1.314430 -0.329800
v -0.204590 1.316020 -0.315720
v -0.209210 1.264520 -0.291550
v -0.222080 1.273820 -0.329410
v -0.205570 1.253570 -0.227800
v -0.217050 1.227300 -0.214340
v 0.207680 1.291110 -0.160850
v 0.195970 1.288600 -0.161150
v 0.190180 1.291820 -0.144510
v 0.241620 1.289420 -0.222530
v 0.249340 1.266730 -0.207190
v 0.256920 1.320670 -0.295650
v 0.232040 1.270530 -0.005720
v 0.214600 1.297070 0.022880
v 0.212070 1.283120 0.022190
v 0.155600 1.324180 0.049650
v 0.118350 1.300560 0.100540
v 0.156910 1.307410 0.050570
v 0.175300 1.240140 -0.017980
v 0.206210 1.220060 -0.049050
v 0.168640 1.251850 0.004460
v 0.175460 1.231990 -0.117680
v 0.155890 1.263050 -0.083120
v 0.172560 1.259390 -0.138900
v -0.153120 0.115700 0.056680
v -0.163400 0.048640 0.025570
v -0.144300 0.083560 0.059050
v -0.150110 -0.024720 0.008820
v -0.133120 -0.029410 0.031210
v -0.147460 -0.014970 0.029810
v -0.031080 1.571310 0.153130
v -0.063020 1.559570 0.130910
v -0.044600 1.511380 0.125580
v -0.122040 1.471010 0.049250
v -0.111960 1.515760 0.038740
v -0.128070 1.461740 0.038870
v 0.061430 -0.009090 -0.019590
v 0.079130 -0.020200 -0.035230
v 0.058030 -0.018720 0.001310
v 0.083230 0.276820 0.058640
v 0.075210 0.349220 0.071240
v 0.061320 0.236620 0.035250
v 0.101720 0.546880 0.168930
v 0.115800 0.525120 0.152720
v 0.128450 0.579230 0.151200
v 0.151190 0.333030 0.064850
v 0.129520 0.374430 0.086870
v 0.133280 0.301570 0.064120
v 0.249560 1.270720 -0.309960
v 0.242620 1.277890 -0.346710
v 0.208360 1.326610 -0.351780
v 0.212730 1.337990 -0.347610
v 0.222730 1.298630 -0.361550
v 0.047290 1.705810 -0.172370
v 0.011620 1.684650 -0.168990
v 0.006800 1.709300 -0.174930
v -0.089160 1.677060 -0.145400
v -0.095430 1.718570 -0.161350
v -0.061760 1.684170 -0.160190
v -0.168660 0.267030 0.015480
v -0.175500 0.310790 0.018600
v -0.143790 0.556370 0.141340
v -0.164990 0.506670 0.104820
v -0.161950 0.460510 0.101430
v -0.021690 1.772190 0.263010
v -0.017970 1.712630 0.235450
v 0.014240 1.819870 0.282640
v 0.082820 1.949540 0.280720
v -0.087280 0.775210 0.149350
v -0.048100 0.755800 0.171980
v -0.103140 0.610270 0.180850
v -0.127790 0.509790 0.147110
v -0.081470 0.582430 0.187700
v 0.125070 0.190420 -0.052530
v 0.132540 0.115190 -0.054790
v 0.111210 0.178440 -0.056910
v 0.132580 -0.030210 -0.033860
v -0.212690 1.344950 -0.305240
v -0.222660 1.345110 -0.280010
v -0.209970 1.316750 -0.248000
v -0.272890 1.338720 -0.316590
v -0.259520 1.348050 -0.319880
v -0.265720 1.339580 -0.329040
v 0.163190 1.687520 -0.082880
v 0.195650 1.774310 -0.076690
v 0.176000 1.675360 -0.030230
v 0.147030 1.669650 -0.098280
v -0.156150 2.012620 0.158920
v -0.160040 1.908930 0.177840
v -0.136260 1.933510 0.226820
v -0.159620 1.715330 0.114630
v -0.138020 1.838460 0.209280
v -0.170390 1.757020 0.108200
v 0.064140 1.849700 -0.179530
v 0.045430 1.875890 -0.164950
v 0.086350 1.858580 -0.175670
v 0.184770 1.812170 -0.118290
v 0.151060 1.824530 -0.154180
v 0.039120 0.842250 -0.159950
v 0.002040 0.896090 -0.168820
v 0.026380 0.974280 -0.172020
v -0.061170 0.722340 -0.121640
v -0.077290 0.696390 -0.103280
v -0.171210 1.203940 -0.036420
v -0.155820 1.236220 -0.066580
v -0.170290 1.104830 -0.068360
v -0.095790 1.262550 -0.120960
v -0.116290 1.131980 -0.125090
v -0.124140 1.275050 -0.096930
v 0.173670 2.097600 0.026210
v 0.195050 2.057050 0.026990
v 0.166590 2.060990 0.129930
v 0.178180 2.064890 0.079140
v 0.149640 2.115430 0.074000
v 0.198490 1.316290 -0.248460
v 0.204330 1.348220 -0.289310
v 0.185180 1.319210 -0.261070
v 0.202560 1.346490 -0.339820
v 0.217670 1.348310 -0.339470
v -0.084920 0.199920 0.069510
v -0.064800 -0.022380 -0.025740
v -0.057790 -0.027540 0.025320
v 0.154170 2.079600 0.133900
v 0.121610 2.131170 0.108010
v 0.122400 2.095350 0.174780
v 0.101180 2.001520 0.262890
v 0.112530 1.952100 0.260330
v 0.135720 1.952590 0.237850
v -0.092290 2.149360 -0.026880
v -0.123720 2.124660 0.001420
v -0.113930 2.132050 0.063950
v -0.074690 2.156290 -0.040550
v -0.102780 2.117030 -0.078430
v -0.133410 2.105010 -0.049530
v -0.136550 1.992580 0.212230
v -0.142780 2.046880 0.170000
v -0.133270 2.107260 0.079180
v -0.119340 2.093080 0.165070
v -0.101650 2.110860 0.165230
v -0.045470 1.197300 0.122310
v 0.004210 1.257510 0.128180
v -0.029490 1.309840 0.136430
v 0.107750 1.359730 0.098090
v 0.247770 1.285390 -0.092180
v 0.226150 1.314700 -0.017550
v 0.255700 1.266760 -0.066480
v 0.244380 1.242820 -0.223380
v 0.237200 1.213470 -0.162800
v 0.120890 0.755600 0.130420
v 0.129600 0.777190 0.113610
v 0.122990 0.864620 0.102470
v 0.025390 0.680370 0.192740
v 0.084100 0.622160 0.184830
v 0.083960 0.769630 0.154690
v -0.193150 1.281780 0.037700
v -0.178690 1.291110 0.038210
v -0.212820 1.293720 0.040650
v -0.158730 1.202930 0.048850
v -0.151710 1.215820 0.063720
v -0.162510 1.283720 0.068130
v -0.142300 0.647150 -0.025310
v -0.161830 0.672010 0.003680
v -0.148120 0.690060 -0.032520
v -0.176820 0.881600 -0.005830
v -0.177070 0.894580 -0.037070
v 0.162550 0.261800 0.041480
v 0.167400 0.154520 0.007980
v 0.170160 0.257920 0.027640
v 0.136540 0.080280 -0.047810
v 0.157570 0.114980 -0.032200
v 0.156640 0.077270 -0.025710
v 0.156520 0.969150 0.028660
v 0.152900 1.092000 0.044000
v 0.144640 1.056800 0.062030
v 0.100690 1.147710 0.098410
v 0.124300 1.082690 0.084360
v 0.133680 1.119130 0.073490
v 0.107730 0.810420 -0.107560
v 0.154870 0.837330 -0.031670
v 0.146940 0.917530 -0.062010
v 0.160590 0.894190 -0.022100
v 0.099540 2.062280 -0.151890
v 0.130160 2.068610 -0.132870
v 0.133700 2.112770 -0.081160
v 0.169360 2.078670 -0.078440
v 0.008880 0.455140 0.105780
v 0.122430 0.440100 0.111670
v 0.102100 0.471220 0.136830
v 0.100990 0.428650 0.112070
v 0.069060 0.149580 -0.041320
v 0.071070 0.233770 -0.044100
v 0.050490 0.059740 -0.005760
v 0.049830 0.077790 0.005310
v 0.050230 0.153280 -0.010510
v 0.187190 1.719630 0.092280
v 0.207770 1.813040 0.086970
v -0.054470 0.249910 -0.005520
v 0.020260 0.461360 -0.007550
v 0.018810 0.431070 -0.003910
v 0.013800 0.474140 0.002010
v 0.172220 1.363580 -0.003730
v 0.182680 1.311260 0.039280
v 0.189230 1.297110 0.037040
v 0.202700 1.298920 0.032720
v -0.154790 1.892040 -0.139140
v -0.180630 1.844890 -0.107730
v -0.172090 1.925530 -0.116640
v -0.240340 1.292830 -0.351090
v -0.211830 1.309790 -0.332190
v -0.227690 1.284670 -0.341950
v -0.221470 1.341410 -0.334130
v -0.247650 1.343470 -0.335720
v -0.239230 1.355000 -0.318890
v -0.055480 1.868210 -0.174070
v -0.120370 1.979950 -0.148090
v -0.053930 2.056090 -0.156710
v -0.101430 1.962020 -0.158470
v -0.143510 0.482120 -0.027530
v -0.083570 0.486070 -0.039180
v -0.106880 0.484340 -0.040750
v -0.097670 0.538780 -0.038910
v -0.251400 1.285580 -0.350040
v -0.235420 1.267260 -0.333320
v -0.251070 1.272390 -0.340210
v -0.237510 1.243310 -0.275280
v -0.261310 1.270840 -0.334250
v -0.235260 1.255730 -0.316080
v -0.053780 -0.005660 -0.022320
v -0.056430 0.004340 -0.029780
v -0.045400 0.005540 0.005850
v -0.075050 0.016070 -0.047540
v -0.081810 -0.009760 -0.049830
v -0.099250 0.043200 -0.054730
v 0.142280 1.320410 -0.069970
v 0.164330 1.271160 -0.112470
v 0.146500 1.282050 -0.075300
v 0.226080 1.297750 -0.121610
v 0.183240 1.322640 -0.090460
v 0.177550 1.345620 -0.056330
v 0.200050 1.214290 -0.190030
v 0.213260 1.204770 -0.163620
v 0.198060 1.204800 -0.136710
v 0.193470 1.215850 -0.072480
v 0.196330 1.205770 -0.122590
v 0.213540 1.210770 -0.071290
v -0.050920 1.060110 0.122170
v 0.008550 0.973230 0.133370
v -0.144830 1.119130 0.062580
v -0.138140 1.044440 0.061110
v -0.106060 1.071820 0.093950
v 0.119390 1.675310 0.164480
v 0.096540 1.658660 0.172210
v 0.126300 1.708980 0.173640
v 0.070510 1.807790 0.259530
v -0.162810 0.218690 0.019960
v -0.162370 0.171660 0.005090
v -0.159420 -0.007580 0.002110
v -0.155280 -0.012150 -0.021820
v -0.152290 -0.023960 -0.010080
v -0.270250 1.255150 -0.070940
v -0.220280 1.250280 0.008240
v -0.237930 1.263200 0.011410
v -0.031250 2.176320 0.058430
v 0.014200 2.183890 0.033630
v -0.019560 2.176820 -0.018870
v 0.106770 2.155670 0.069500
v 0.122180 2.150730 0.019680
v 0.087850 2.167170 0.066940
v -0.026490 1.353350 -0.135970
v -0.033690 1.290870 -0.146530
v -0.057770 1.321510 -0.132080
v -0.014010 1.505010 -0.103790
v 0.002500 1.554890 -0.109500
v -0.077990 1.570000 -0.086840
v -0.087320 1.513060 -0.070820
v -0.096900 1.529660 -0.057830
v -0.125140 1.609200 -0.053940
v -0.132920 1.593720 -0.010850
v 0.108680 0.422190 -0.049180
v 0.138090 0.367030 -0.039970
v 0.104620 0.390390 -0.052590
v 0.050990 0.517160 -0.035720
v 0.081540 0.508530 -0.040840
v 0.067100 0.418910 -0.047930
v -0.134310 1.692150 0.148630
v -0.066240 1.518650 0.111400
v -0.082140 1.571220 0.119870
v -0.089320 1.533940 0.093220
v -0.062800 2.096920 0.224720
v -0.003240 2.140730 0.189380
v 0.114690 -0.027530 0.051680
v 0.129140 -0.030580 0.022590
v 0.136870 -0.025470 0.030920
v 0.102870 0.099950 0.055700
v -0.194460 1.229880 -0.039450
v -0.214060 1.212010 -0.068980
v -0.211800 1.205590 -0.118660
v -0.180280 1.095340 -0.013180
v -0.166640 1.272640 -0.074310
v -0.193440 1.230160 -0.111670
v -0.158510 1.348230 -0.050650
v -0.174310 1.338200 -0.063790
v -0.160860 1.365890 -0.034120
v 0.136290 1.582520 -0.016220
v 0.106040 1.507020 -0.003100
v 0.110600 1.521010 -0.023920
v 0.127650 1.409700 -0.020030
v 0.028880 1.368280 0.131540
v 0.097290 1.314750 0.112800
v 0.078800 1.389150 0.108310
v 0.028570 1.442830 0.121540
v -0.007000 1.447530 0.125550
v -0.015370 1.394440 0.133130
v 0.202930 1.960990 -0.088250
v 0.189120 1.936710 -0.119660
v 0.177840 2.019930 -0.108140
v 0.213710 1.845230 -0.049680
v 0.205950 1.765600 -0.012280
v -0.020340 1.912380 -0.165160
v -0.054500 1.928560 -0.167500
v -0.008610 1.958200 -0.164780
v 0.046160 1.852910 -0.166270
v 0.008490 1.176490 -0.163950
v -0.011110 1.301110 -0.147940
v 0.012320 1.084180 -0.173390
v 0.032680 1.066140 -0.171570
v -0.003400 1.011420 -0.173140
v -0.047990 0.535520 -0.034000
v -0.032070 0.506980 -0.017560
v -0.056370 0.494110 -0.028920
v -0.038250 0.481640 -0.015720
v -0.036550 0.411800 -0.005630
v -0.012040 0.719200 -0.136470
v 0.011080 0.784200 -0.155200
v 0.027880 0.761950 -0.149460
v 0.054510 0.713480 -0.126770
v 0.056890 0.639620 -0.089760
v 0.029730 0.683050 -0.122140
v -0.273190 1.315310 -0.261640
v -0.279170 1.310420 -0.270060
v -0.256650 1.291490 -0.208220
v -0.269210 1.272200 -0.209110
v -0.283040 1.298950 -0.281210
v -0.270100 1.252160 -0.214810
v 0.086760 0.185650 0.050810
v 0.068300 0.113000 0.045340
v 0.085100 0.071680 0.053250
v 0.072990 0.210600 0.042780
v -0.061050 1.880170 0.298010
v -0.093040 1.844370 0.267490
v -0.080980 1.799310 0.260590
v -0.021560 1.859060 0.299370
v -0.120460 0.331170 0.097250
v -0.158020 0.328310 0.083130
v -0.145860 0.294920 0.083980
v -0.143340 0.342300 0.093800
v -0.206010 1.333500 -0.062470
v -0.197180 1.332410 -0.069680
v -0.146550 1.408170 0.009650
v -0.140880 1.398980 0.041480
v -0.135720 1.453830 0.015250
v -0.025920 0.604740 0.203560
v -0.010750 0.577270 0.199740
v -0.153340 1.849640 -0.136250
v -0.105380 1.856390 -0.176380
v -0.108910 1.894380 -0.181430
v -0.090530 1.873670 -0.182340
v 0.100620 1.653860 -0.129200
v 0.056960 1.599900 -0.114790
v 0.071240 1.663370 -0.147230
v -0.050540 1.620610 -0.122740
v -0.041170 1.660090 -0.153050
v -0.021560 1.615330 -0.129090
v -0.057020 0.143320 -0.007430
v -0.063060 0.128080 -0.018070
v -0.084850 0.105460 -0.040080
v 0.121030 0.640660 0.156140
v 0.150480 0.537910 0.103930
v 0.137830 0.591250 0.138500
v 0.142150 0.499050 0.113610
v -0.069800 2.123620 -0.101850
v -0.028750 2.153530 -0.078060
v -0.026120 2.071300 -0.158480
v 0.000420 2.083240 -0.156320
v -0.008360 0.505830 -0.006880
v -0.006430 0.487970 0.010970
v -0.023740 0.485520 -0.000140
v 0.007620 0.461650 0.052350
v 0.210520 1.217550 -0.210580
v 0.224890 1.208980 -0.173960
v 0.215630 1.285000 -0.357540
v 0.241450 1.287170 -0.355130
v 0.220910 1.273150 -0.350370
v -0.196770 1.960220 -0.037560
v -0.197330 1.947980 0.022950
v -0.179930 2.020370 0.023090
v -0.205950 1.871010 -0.041850
v -0.200040 1.851670 -0.069070
v -0.193700 1.803350 -0.077470
v 0.161210 1.132390 -0.037480
v 0.144750 1.047430 -0.070880
v 0.151440 1.172780 -0.064540
v 0.162840 1.242630 -0.063250
v -0.231900 1.202730 -0.097020
v -0.253630 1.213490 -0.078890
v -0.254440 1.209050 -0.103650
v -0.258290 1.241030 -0.251920
v -0.248470 1.235440 -0.249410
v -0.255820 1.222690 -0.186130
v 0.164020 1.881440 -0.150910
v 0.107440 1.850120 -0.174320
v 0.074760 1.890300 -0.177890
v 0.094880 1.874820 -0.184100
v 0.208530 1.249100 -0.000580
v 0.195970 1.280400 0.028830
v -0.063710 -0.003500 0.046780
v -0.078610 0.071810 0.064460
v -0.086140 -0.010870 0.054400
v -0.121010 -0.008360 0.051720
v -0.138090 -0.016080 0.039730
v -0.110370 -0.028020 0.047270
v -0.170360 0.341360 0.001060
v -0.181920 0.497420 0.041900
v -0.176880 0.440030 0.011000
v -0.180390 0.408260 0.032590
v -0.200200 1.305210 -0.255850
v -0.205440 1.331260 -0.315460
v -0.205850 1.335730 -0.299900
v -0.201710 1.267030 -0.198980
v -0.206780 1.278730 -0.180540
v -0.194710 1.279120 -0.137490
v -0.161640 0.755260 0.066400
v -0.167850 0.729590 0.052340
v -0.163350 0.699680 0.071840
v -0.122340 0.603520 0.167010
v 0.158750 2.027360 0.183480
v 0.136760 2.036750 0.210760
v -0.073680 0.436070 0.122160
v -0.042060 0.447430 0.117550
v -0.034070 0.457380 0.132990
v -0.052470 0.415440 0.077940
v -0.067810 0.383410 0.083120
v -0.051650 0.391100 0.060900
v -0.157530 1.642600 0.012260
v -0.152800 1.663550 0.086710
v -0.120720 1.595420 0.078620
v -0.133080 1.655220 0.120580
v -0.157290 2.077330 -0.028830
v -0.165110 2.063320 -0.000960
v -0.146820 2.087060 0.077250
v -0.148240 2.073260 0.106900
v -0.135180 2.073560 0.159720
v -0.150380 0.015450 -0.040790
v -0.129630 -0.003380 -0.053560
v -0.135640 -0.019170 -0.046770
v -0.118090 -0.006470 -0.055800
v -0.113120 -0.019020 -0.052110
v 0.064680 0.582850 -0.053580
v 0.061370 0.541920 -0.041530
v 0.041120 0.555940 -0.045550
v 0.124420 0.576530 -0.024710
v 0.146320 0.565740 -0.004980
v 0.128840 0.532290 -0.025150
v 0.167220 0.143690 -0.005100
v 0.167460 0.215900 -0.009530
v 0.020840 0.412290 0.017420
v 0.049260 0.193750 -0.003270
v 0.050390 0.100590 0.014370
v 0.026980 1.379930 -0.123370
v 0.008840 1.388390 -0.125150
v 0.024200 1.444420 -0.099390
v 0.086100 1.450390 -0.063160
v 0.144110 2.134710 -0.008600
v 0.149850 2.121650 0.050210
v 0.100110 2.136560 -0.080680
v 0.080780 2.155850 -0.059370
v 0.122430 2.141830 -0.039620
v 0.014840 0.544280 -0.038330
v 0.046700 0.577080 -0.055000
v 0.033100 0.523340 -0.031320
v 0.019150 1.754390 -0.175610
v 0.067990 1.775340 -0.181620
v 0.079530 1.735020 -0.171630
v 0.119690 1.767360 -0.177590
v 0.108140 1.774020 -0.182960
v 0.112190 1.789330 -0.184520
v 0.149920 0.287210 0.053900
v 0.166220 0.293130 0.031900
v 0.166150 0.328280 0.048030
v -0.089100 1.338360 -0.110720
v -0.067490 1.508730 -0.084500
v -0.216220 1.307040 0.040480
v -0.262130 1.265460 -0.033290
v -0.246270 1.282230 0.005210
v -0.250520 1.288220 -0.008090
v -0.053060 2.113960 -0.122940
v -0.017270 2.117270 -0.131440
v -0.047460 2.101580 -0.136360
v -0.094100 2.033030 -0.147590
v -0.111710 1.848440 0.250480
v -0.080810 1.902680 0.289660
v -0.099680 1.917430 0.274910
v -0.130100 1.880710 0.234770
v -0.171870 0.824890 0.027630
v 0.067230 1.942920 -0.167980
v 0.052070 1.936130 -0.170410
v 0.038520 1.954710 -0.164140
v 0.040190 1.882670 -0.163500
v 0.000870 1.852330 -0.164250
v 0.020090 1.890170 -0.159330
v 0.187520 1.911440 0.156740
v 0.171010 1.984920 0.178410
v 0.180400 1.892800 0.171820
v 0.159920 2.007230 0.191750
v 0.149840 1.946020 0.221180
v -0.066430 0.792980 -0.138140
v -0.094070 0.781450 -0.121800
v -0.018140 1.103640 -0.169120
v -0.040570 1.032420 -0.165100
v 0.064580 1.029690 -0.159260
v 0.055490 0.946560 -0.163690
v 0.128380 1.390760 0.041750
v 0.124910 1.416020 0.020440
v 0.142190 1.582380 0.045120
v -0.051580 0.154470 0.032230
v -0.051070 0.105590 0.023290
v -0.050290 0.104390 0.005500
v -0.068160 0.124990 0.055740
v -0.064520 0.047630 0.052820
v -0.000870 1.600830 0.173430
v 0.006920 1.643900 0.199880
v 0.075880 1.652030 0.181120
v 0.039590 1.783570 0.261560
v 0.025910 1.668870 0.207460
v 0.016180 1.879930 0.300900
v 0.057020 1.879670 0.287400
v 0.060960 1.937750 0.292230
v -0.015360 1.934790 0.309250
v 0.159470 1.164070 -0.043240
v 0.161390 1.206630 -0.010570
v 0.163780 1.147900 -0.016590
v 0.163110 1.143610 0.005420
v 0.211910 1.355440 -0.322640
v 0.198850 1.352670 -0.319590
v 0.212520 1.352700 -0.295010
v 0.229330 1.348220 -0.288640
v 0.244650 1.329160 -0.277400
v 0.251880 1.335930 -0.307530
v 0.127670 1.954660 -0.164550
v 0.103050 1.960790 -0.168620
v 0.102600 1.930990 -0.182820
v 0.104420 1.899820 -0.188600
v 0.084740 1.889990 -0.183620
v 0.020330 1.314520 0.133960
v 0.062310 1.244760 0.118410
v 0.091080 1.278160 0.114050
v 0.114810 1.186900 0.088740
v 0.136920 1.238950 0.071530
v 0.204840 1.992530 -0.069160
v 0.182620 2.042520 -0.089640
v 0.178110 2.076190 -0.060000
v 0.093330 -0.007780 -0.050550
v 0.090880 -0.024350 -0.037280
v 0.105470 -0.024020 -0.044610
v 0.262860 1.249990 -0.117150
v 0.246480 1.277740 -0.149190
v 0.236430 1.283820 -0.173480
v -0.100710 1.474260 0.061520
v -0.078200 1.496270 0.095330
v -0.096950 1.514800 0.073210
v -0.113390 1.357670 0.110620
v -0.101420 1.326520 0.123040
v -0.061840 1.436000 0.113600
v 0.187280 1.269350 -0.311380
v 0.185890 1.322680 -0.336960
v 0.198970 1.277680 -0.342100
v 0.207900 1.273800 -0.346710
v 0.137900 0.647290 -0.023000
v 0.114520 0.592320 -0.033220
v 0.163090 0.609790 0.024990
v 0.159190 0.660640 0.023530
v 0.165870 0.596990 0.056600
v 0.049040 0.464650 0.138930
v 0.026350 0.489350 0.165110
v -0.024220 0.467410 0.146320
v -0.137100 1.253120 -0.087020
v -0.178750 1.276420 -0.101330
v 0.169430 1.311330 -0.099730
v 0.149320 1.339120 -0.066340
v 0.157470 1.361050 -0.044560
v 0.127530 1.390310 -0.043670
v -0.123080 0.245790 -0.047870
v -0.109900 0.251190 -0.048510
v -0.145440 0.385190 -0.033200
v -0.125350 0.483960 -0.036500
v 0.150130 0.058610 -0.033880
v 0.146490 0.028070 -0.040680
v 0.152160 -0.021480 0.011000
v 0.153240 -0.024490 -0.020160
v 0.158590 0.022800 0.000530
v 0.019430 1.553460 0.153430
v 0.046770 1.548570 0.145140
v 0.048900 1.590380 0.158430
v -0.023170 1.507810 0.135180
v 0.011400 1.480840 0.134980
v 0.014740 1.513310 0.139580
v 0.189020 1.337660 -0.288310
v 0.188320 1.344260 -0.323220
v 0.194310 1.302610 -0.346410
v 0.194170 1.331970 -0.344660
v -0.131970 0.579520 -0.026100
v -0.114700 0.551640 -0.035320
v -0.128420 0.652510 -0.042510
v -0.007630 1.444420 -0.104290
v -0.012380 1.391900 -0.126080
v -0.061630 1.431470 -0.099540
v 0.234250 1.206190 -0.138880
v 0.250480 1.217510 -0.104880
v 0.232460 1.207380 -0.089180
v 0.227290 1.202940 -0.123290
v 0.202580 1.324260 0.027180
v 0.173020 1.350100 0.026470
v 0.188550 1.319880 0.037180
v 0.009690 1.665160 -0.160460
v 0.034180 1.592760 -0.117940
v 0.042010 0.443030 0.099320
v 0.051360 0.429880 0.090760
v 0.069430 0.438610 0.113110
v 0.092720 0.360320 0.081410
v -0.093500 1.643130 -0.116350
v -0.070490 1.655360 -0.138900
v -0.101790 1.602280 -0.082230
v -0.115560 1.605750 -0.068890
v -0.131940 1.651740 -0.090630
v 0.046210 1.824100 0.275490
v 0.118550 1.813230 0.229170
v 0.257410 1.227400 -0.103750
v 0.257740 1.248610 -0.066230
v 0.231440 1.290630 -0.003560
v 0.005000 2.076800 0.262220
v 0.003350 2.114910 0.228600
v -0.025020 2.139180 0.186850
v -0.023520 2.126900 0.207610
v -0.261450 1.331460 -0.340150
v -0.251310 1.298130 -0.352510
v -0.260620 1.306940 -0.350150
v -0.236790 1.331610 -0.342560
v -0.268580 1.342270 -0.294490
v -0.216080 1.325470 -0.254090
v -0.236740 1.349070 -0.277420
v -0.013530 1.695080 -0.171380
v -0.069680 1.714780 -0.167870
v -0.051390 1.731890 -0.172870
v -0.045430 1.797210 -0.180530
v -0.141910 -0.024400 -0.035780
v -0.124030 -0.031590 0.029930
v -0.152360 0.003140 -0.036070
v -0.147500 -0.022810 -0.028520
v 0.206860 1.859080 -0.084280
v 0.194830 1.844570 -0.108280
v 0.197520 1.936460 -0.105990
v 0.184740 1.917390 -0.128150
v -0.156040 1.146760 -0.083980
v -0.142500 1.150040 -0.100140
v -0.154280 1.076830 -0.095080
v -0.138380 1.015570 -0.116760
v -0.070200 2.165170 0.009580
v -0.055490 2.166210 -0.033050
v -0.045450 2.173050 -0.007860
v -0.059650 2.118200 0.201870
v -0.092000 2.126780 0.144470
v -0.182110 1.237400 -0.044610
v -0.202690 1.214730 -0.118810
v -0.171890 1.251890 -0.064190
v 0.074850 2.076990 -0.153300
v 0.052710 2.105220 -0.140930
v 0.082440 2.091800 -0.142700
v 0.100870 2.080720 -0.142660
v 0.064000 1.555810 -0.093960
v 0.085710 1.551550 -0.076220
v 0.056800 1.474830 -0.065110
v 0.070820 1.503700 -0.071120
v 0.080960 1.479000 -0.042470
v -0.273190 1.237030 -0.099410
v -0.256720 1.259480 -0.021290
v -0.262720 1.223420 -0.077360
v -0.248630 1.251350 -0.013770
v 0.220970 1.954890 0.016380
v 0.219990 1.956340 -0.026990
v 0.213630 2.007560 0.012400
v 0.204170 2.003680 0.063560
v 0.072300 0.049430 0.049860
v 0.065540 0.014720 0.054070
v 0.056380 -0.014040 0.040720
v 0.076720 -0.024720 0.053810
v -0.167150 0.285030 0.039360
v -0.167170 0.246020 0.034740
v -0.143780 0.202820 0.072220
v -0.150340 0.151530 0.056320
v -0.131740 0.126170 0.073750
v -0.031950 2.067380 0.262110
v 0.008420 1.940160 0.307560
v -0.014740 1.998300 0.300420
v -0.117450 0.498060 0.150760
v -0.089970 0.493920 0.161360
v -0.176930 1.363340 -0.030910
v -0.182950 1.364870 0.011930
v -0.205550 1.343400 0.023810
v 0.034000 0.334180 0.007330
v 0.046700 0.266150 -0.011200
v 0.045390 0.257030 0.010750
v 0.038940 0.354910 -0.023530
v 0.035360 0.422470 -0.028640
v 0.055410 0.303830 -0.032800
v -0.160010 2.046140 0.104960
v -0.193210 1.947300 0.053130
v -0.163790 2.015320 0.129310
v -0.170260 2.027460 0.081990
v -0.044910 1.883750 -0.175760
v -0.113440 1.929450 -0.170620
v -0.086780 1.943090 -0.166770
v -0.095930 1.927890 -0.176650
v -0.220960 1.203030 -0.105100
v -0.231270 1.201880 -0.143260
v -0.241150 1.202650 -0.115180
v 0.046890 1.809910 -0.180080
v 0.041230 1.806670 -0.185310
v 0.008740 1.815100 -0.180160
v 0.038500 1.848700 -0.166200
v 0.149750 1.247920 -0.064450
v 0.140950 1.236850 -0.071020
v 0.124560 1.265050 -0.087160
v 0.156290 1.237790 -0.051860
v 0.053570 0.879320 0.139730
v 0.053170 0.734390 0.172650
v 0.155730 1.156070 0.034770
v 0.162680 1.281050 0.026060
v 0.092730 0.253180 -0.053820
v 0.111200 0.247310 -0.056340
v 0.221900 1.309300 -0.237640
v 0.235010 1.303410 -0.235260
v 0.237990 1.284020 -0.195940
v 0.245260 1.274820 -0.180660
v 0.144740 0.679390 -0.018080
v 0.133770 0.753100 -0.058840
v 0.145770 0.769900 -0.039710
v 0.156140 0.657640 0.009350
v 0.150740 0.642750 -0.002780
v 0.147830 0.904590 0.067580
v 0.155520 0.891970 0.053780
v 0.131170 0.879530 0.092980
v 0.144390 0.796480 0.087980
v -0.213060 1.247360 -0.246280
v -0.204150 1.273350 -0.280110
v -0.199240 1.305020 -0.283010
v -0.088520 1.193000 0.111060
v -0.113180 1.152330 0.093260
v -0.120470 1.313010 0.114540
v 0.000980 2.180510 -0.011890
v 0.066220 2.177550 0.006450
v 0.250460 1.335250 -0.327000
v 0.258200 1.324820 -0.315210
v 0.018340 0.449930 0.034480
v 0.010070 0.470710 0.015170
v 0.017090 0.445170 0.017090
v 0.040520 0.438340 0.085430
v 0.184090 1.257900 -0.241530
v 0.191350 1.242150 -0.241220
v 0.188330 1.223980 -0.190970
v 0.179780 1.239600 -0.186070
v -0.105150 1.560590 0.083290
v -0.098830 1.595830 0.116460
v -0.123570 1.551230 0.025160
v -0.114740 1.541070 0.039430
v -0.123200 1.562570 0.037800
v -0.093190 0.040820 0.065710
v -0.118880 0.037880 0.063910
v -0.098640 -0.006810 0.056600
v -0.090400 0.103600 0.071820
v 0.090410 0.590700 0.182230
v 0.113490 0.572840 0.165790
v 0.130520 0.598330 0.149510
v 0.141110 0.649120 0.127100
v -0.187610 1.240280 -0.011230
v -0.176380 1.275890 0.029770
v -0.182840 1.250000 0.008970
v 0.048560 0.022840 0.014930
v 0.049100 -0.006750 0.024060
v 0.051500 -0.006690 0.035260
v 0.049720 0.022510 0.026660
v -0.154930 1.968570 -0.125430
v -0.125550 1.946660 -0.151910
v 0.171580 0.350700 0.035920
v 0.172720 0.305790 0.016840
v 0.161570 0.337650 -0.021070
v 0.168020 0.263680 -0.013050
v 0.152290 0.251440 -0.036710
v -0.201860 1.826610 0.015140
v -0.200760 1.850450 0.035800
v -0.203300 1.917040 -0.039200
v 0.162290 0.039970 0.002940
v 0.151190 0.031220 0.027970
v 0.118080 -0.020370 0.056370
v 0.047310 2.133110 -0.113520
v 0.011990 2.125280 -0.126850
v 0.016010 2.097820 -0.149160
v 0.041160 0.456660 0.125570
v -0.069650 -0.010570 -0.041700
v -0.060440 -0.017880 -0.026880
v -0.118300 0.761570 0.128730
v -0.148030 0.658700 0.131580
v -0.129390 0.659030 0.155470
v -0.127520 0.730790 0.129350
v -0.126310 0.103260 -0.046290
v -0.128470 0.053300 -0.053710
v -0.141220 0.103670 -0.039540
v -0.151790 0.123100 -0.028820
v -0.141920 0.055410 -0.046830
v -0.155900 0.076470 -0.030870
v -0.178200 0.545510 0.034770
v -0.160640 0.614580 0.004580
v -0.175090 0.510530 0.015460
v -0.168170 0.701660 0.012700
v -0.175650 0.760910 0.004510
v -0.171290 0.763530 -0.028550
v -0.192460 1.308170 -0.101340
v -0.192000 1.264890 -0.140590
v -0.252450 1.293670 -0.107300
v -0.070210 1.595260 0.145290
v -0.071330 1.655980 0.193360
v -0.185750 1.795670 0.075860
v -0.170320 1.900880 0.147930
v -0.192260 1.888850 0.075370
v -0.151910 1.859260 0.189020
v -0.100410 1.448100 -0.074670
v 0.105950 1.478870 -0.019040
v 0.060340 0.878190 -0.157810
v 0.047670 0.737280 -0.137730
v -0.166130 1.368110 -0.023150
v -0.166500 1.371010 -0.004940
v -0.150640 1.400020 -0.005740
v -0.136270 1.444520 -0.015030
v -0.124010 1.449790 -0.046230
v 0.195460 1.777110 0.110190
v 0.218230 1.933090 0.049360
v -0.173650 0.926240 -0.058970
v 0.138540 1.929860 -0.172570
v 0.116420 1.910470 -0.186980
v 0.117430 1.936030 -0.178850
v 0.128590 1.895760 -0.185170
v 0.141650 1.871110 -0.173550
v 0.113770 1.860780 -0.181050
v -0.117760 1.531970 -0.004180
v -0.127910 1.570850 0.005650
v -0.121580 1.549270 -0.016520
v -0.110320 1.539550 -0.030230
v -0.111100 1.547650 -0.045280
v -0.105520 1.528240 -0.042720
v 0.103330 2.095140 -0.131060
v 0.158350 2.081170 -0.095180
v 0.158610 0.638320 0.084770
v 0.158610 0.697580 0.045660
v 0.155460 0.616940 0.100180
v -0.036790 1.448900 0.119930
v -0.056570 1.480730 0.115430
v -0.092680 1.442270 0.093230
v 0.090480 1.512470 0.091130
v 0.090410 1.462760 0.075010
v 0.102620 1.515250 0.067580
v 0.101900 1.478350 0.058240
v 0.098580 1.477370 0.027090
v 0.155170 1.604090 0.025520
v 0.184660 1.677030 0.036140
v 0.206560 1.762600 0.042000
v 0.193780 1.713530 0.056900
v 0.196460 1.712920 0.021790
v -0.025720 0.454630 0.122470
v -0.016060 0.452640 0.094050
v -0.014680 0.461210 0.048610
v -0.031610 0.445940 0.092150
v -0.041450 0.437920 0.086700
v -0.047720 0.635280 0.200490
v -0.009090 0.640400 0.202970
v -0.096880 0.642760 0.183890
v -0.056870 0.601120 0.198840
v -0.072820 0.652210 0.192240
v -0.272850 1.286560 -0.339620
v -0.268880 1.295340 -0.347270
v -0.263200 1.281520 -0.344810
v -0.162340 2.052370 -0.063960
v -0.147770 2.070540 -0.074220
v -0.124700 2.103390 -0.068690
v 0.133950 -0.025800 -0.043310
v 0.151410 -0.021290 -0.030030
v 0.143230 -0.028520 0.017680
v 0.145790 -0.030780 -0.011870
v -0.049110 0.062150 0.016670
v -0.050440 0.048920 0.000450
v -0.061150 0.056600 -0.026120
v -0.172750 1.720310 0.081950
v -0.146630 1.705960 0.136710
v -0.165320 0.967860 0.018060
v -0.150140 0.963020 0.046250
v 0.079290 0.561090 0.183250
v 0.038100 0.500990 0.171760
v 0.031090 0.533160 0.186330
v -0.123040 0.931410 -0.124360
v -0.140220 0.881650 -0.103720
v -0.088960 0.909420 -0.142440
v 0.047350 1.167480 -0.156020
v 0.020130 1.189210 -0.160900
v 0.052460 1.082450 -0.162850
v 0.062500 1.151940 -0.150480
v 0.190060 1.282320 -0.204940
v 0.206630 1.299920 -0.222990
v 0.214530 1.291610 -0.196470
v 0.231480 1.293180 -0.213240
v 0.159060 0.467080 0.087550
v 0.138990 0.403780 0.088670
v 0.150390 0.406980 0.082240
v 0.137950 0.462470 0.110310
v 0.240220 1.327630 -0.349110
v 0.243460 1.300190 -0.356580
v 0.250420 1.314100 -0.348410
v 0.250230 1.327150 -0.340670
v 0.257920 1.316970 -0.330650
v 0.073810 1.591890 0.147200
v 0.047140 1.404600 0.122020
v 0.132540 1.849710 -0.165110
v 0.132230 1.786000 -0.175320
v 0.118380 1.804910 -0.181690
v 0.126060 1.859700 -0.177840
v 0.166250 0.368410 -0.017760
v 0.160420 0.480920 -0.000260
v 0.154840 0.565140 0.006860
v 0.161280 0.567080 0.020350
v -0.066870 0.405270 -0.038640
v -0.088840 0.375070 -0.048590
v -0.166230 1.262490 -0.068540
v -0.157940 1.276450 -0.069550
v -0.159580 1.251260 -0.064610
v -0.165970 1.248220 -0.058530
v -0.025390 0.465930 0.011650
v -0.029960 0.445480 0.011220
v -0.033250 0.462570 -0.004770
v -0.040670 0.350950 0.008240
v -0.028880 0.444510 0.025360
v -0.036230 0.425120 0.041880
v 0.112990 0.101430 -0.058430
v 0.117910 0.059760 -0.054840
v 0.104900 0.053240 -0.055630
v 0.146030 -0.002290 -0.043470
v 0.119960 -0.010580 -0.052760
v -0.009410 1.843720 -0.167460
v 0.012170 1.828740 -0.170110
v -0.021020 1.807440 -0.180740
v -0.148820 0.044190 0.050280
v 0.194980 1.257030 -0.304250
v 0.052800 1.772770 -0.184360
v -0.003850 1.782870 -0.183510
v 0.084410 1.801970 -0.186090
v -0.122920 1.465890 -0.024870
v -0.105240 1.477830 -0.039700
v -0.088110 1.477720 -0.064090
v -0.061820 1.476370 -0.092350
v -0.104690 1.754470 -0.173230
v -0.093940 1.772150 -0.181530
v -0.083400 1.798190 -0.183800
v -0.110480 1.774570 -0.176170
v -0.099190 1.802790 -0.179830
v -0.072750 -0.031420 0.035530
v -0.102690 -0.030620 0.045840
v -0.104940 0.457170 0.138730
v -0.098310 0.188640 -0.044100
v -0.071700 0.098840 -0.031520
v -0.075670 0.132190 -0.032820
v 0.162880 0.915010 0.000560
v 0.150690 1.001780 -0.051400
v 0.144520 0.143220 -0.044620
v 0.144440 0.218820 -0.040690
v 0.158540 0.224500 -0.024850
v -0.219060 1.293180 -0.208570
v -0.202980 1.315960 -0.259320
v -0.210360 1.288140 -0.214750
v 0.262630 1.239810 -0.111620
v 0.254500 1.229580 -0.146410
v 0.251790 1.249170 -0.185740
v 0.257360 1.236860 -0.074880
v 0.214050 1.986270 -0.040070
v 0.106100 -0.025950 0.060650
v 0.111720 0.007850 0.060980
v 0.081190 0.013560 0.062950
v 0.112990 -0.018340 0.058460
v -0.175900 1.227960 -0.009100
v -0.180100 1.237640 -0.008960
v -0.172510 1.227950 -0.033880
v -0.177820 1.247440 0.011630
v -0.173280 1.215880 0.006410
v 0.115540 2.014030 0.246400
v 0.104790 2.096780 0.197620
v 0.103010 2.062150 0.230850
v -0.194120 1.851330 -0.086000
v -0.179780 1.362390 0.021450
v -0.166080 1.369740 0.013730
v -0.168490 1.357270 0.030520
v -0.041450 2.084290 -0.149550
v -0.092680 1.420170 0.099460
v -0.109730 1.409840 0.087320
v 0.112000 1.513220 0.020710
v 0.111670 1.473100 0.003810
v -0.023600 1.180150 -0.161370
v -0.037490 1.100240 -0.164180
v -0.284030 1.312860 -0.305650
v -0.279890 1.329520 -0.302400
v 0.069820 0.666350 -0.097320
v 0.090320 0.612070 -0.055220
v 0.076660 0.565630 -0.044980
v 0.230160 1.306610 -0.078660
v 0.201130 1.331030 -0.061330
v -0.116590 1.858810 -0.173360
v -0.138680 1.875960 -0.161650
v -0.118690 1.890750 -0.177450
v -0.125660 1.913840 -0.169550
v -0.143950 1.892820 -0.157070
v -0.148250 1.924470 -0.140830
v 0.138190 1.178130 -0.084940
v 0.138330 1.147670 -0.087370
v -0.129290 1.472110 0.025990
v -0.109910 1.511390 0.024430
v -0.120150 1.519730 0.010300
v 0.032960 2.177290 0.083600
v 0.036160 2.153310 0.156200
v 0.079640 2.173830 0.025280
v 0.045020 2.180660 0.044920
v 0.023010 1.961730 -0.162520
v -0.010660 1.930220 -0.163100
v 0.102810 0.294390 0.067370
v 0.105640 0.212550 0.056820
v 0.069170 1.880850 -0.177660
v 0.041100 1.919590 -0.163080
v 0.059780 1.902760 -0.176330
v 0.169480 1.297810 -0.112110
v 0.166760 1.283940 -0.116850
v 0.182110 1.266570 -0.224430
v -0.224770 1.305800 0.033320
v -0.198150 1.341030 0.035200
v -0.142000 1.217050 0.077390
v -0.142360 1.285080 0.096030
v -0.123560 1.287840 0.110840
v -0.120130 1.209860 0.096130
v 0.154380 1.272480 0.047030
v 0.146720 1.180930 0.050690
v 0.153300 1.230430 0.032090
v -0.124230 1.752990 -0.158820
v -0.117880 1.675260 -0.125430
v -0.124020 2.031280 0.214870
v -0.109630 2.078160 0.200990
v -0.095160 2.078530 0.216590
v -0.079980 2.110820 0.194740
v -0.058510 0.139910 0.044990
v -0.051250 -0.018540 0.006680
v -0.047720 -0.008440 0.022060
v -0.053650 -0.018330 0.030600
v 0.086230 2.114160 0.194770
v 0.105050 2.113020 0.173860
v 0.081240 2.075400 0.238330
v -0.067450 1.931590 0.298900
v -0.051670 1.908750 0.304760
v -0.065940 1.769850 0.257040
v -0.046040 1.856420 0.295710
v -0.072440 0.602650 -0.056830
v -0.032790 0.597790 -0.067650
v -0.055800 0.573280 -0.048360
v 0.247530 1.236610 -0.187620
v 0.249440 1.255080 -0.210590
v -0.095490 1.912690 -0.181800
v -0.062800 1.921300 -0.171570
v -0.053520 1.894260 -0.174870
v -0.193590 1.770380 -0.045980
v -0.201990 1.811770 -0.026110
v -0.191090 1.778930 -0.069400
v -0.187380 1.784850 -0.084590
v -0.161290 1.679910 -0.051670
v -0.080420 0.368020 0.089980
v -0.083610 0.245150 0.073460
v -0.102110 0.344440 0.095030
v -0.089820 0.410430 0.110350
v -0.110180 0.399370 0.110080
v -0.226490 1.351400 -0.324310
v -0.214090 1.333970 -0.332940
v -0.211450 1.338140 -0.326030
v 0.233860 1.271130 -0.345320
v -0.129510 1.779370 0.200200
v 0.064000 0.088170 -0.036520
v 0.056410 0.068630 -0.021920
v 0.077080 -0.014790 -0.037800
v -0.109310 0.101370 0.074800
v 0.160880 1.290750 0.031760
v 0.161110 1.328620 0.035280
v 0.160690 1.342720 0.031240
v -0.265950 1.242170 -0.210460
v -0.270710 1.224840 -0.137030
v -0.089260 1.651780 0.176340
v -0.073500 1.719810 0.232160
v -0.154620 0.270230 0.070030
v -0.171450 0.314800 0.056400
v -0.038540 1.477980 0.106430
v -0.164010 0.889360 -0.073570
v -0.160420 0.756230 -0.053240
v -0.037610 1.763770 -0.177740
v -0.005070 1.753330 -0.175050
v 0.009780 1.771080 -0.184510
v 0.117680 0.357050 -0.048310
v 0.138660 0.325770 -0.042750
v 0.121460 0.270830 -0.052000
v 0.168310 1.239060 -0.014650
v 0.157800 1.212710 -0.039090
v 0.159460 1.229870 -0.038180
v 0.164030 1.232530 -0.014420
v -0.056440 0.216290 0.036800
v 0.094900 0.557800 -0.039470
v 0.110140 0.493890 -0.038130
v 0.089640 0.414050 -0.052790
v 0.097480 0.507330 -0.039780
v -0.133450 0.224040 0.079340
v -0.161640 0.246920 0.054420
v -0.170060 0.639460 0.045970
v -0.165440 0.642560 0.018410
v 0.017360 1.466740 -0.094880
v 0.042950 1.479440 -0.094230
v 0.035400 1.511580 -0.097250
v 0.132550 -0.009880 0.047830
v 0.146460 0.074570 0.042350
v 0.111190 0.041640 0.057600
v 0.127010 0.021400 0.051500
v 0.185440 1.346660 0.021790
v 0.211670 1.319340 0.019410
v 0.204630 1.292010 -0.206520
v 0.167870 0.127880 0.010140
v 0.158300 0.065580 -0.015680
v 0.239470 1.347770 -0.315760
v 0.223110 1.354500 -0.309420
v 0.238440 1.344590 -0.331960
v 0.181640 1.333530 -0.301530
v 0.177700 1.294740 -0.260410
v -0.130440 1.847620 -0.153650
v -0.119340 1.791950 -0.170960
v -0.118180 1.842740 -0.160770
v -0.047140 0.367710 0.043300
v 0.024220 0.418230 -0.012490
v 0.036340 0.504510 -0.028250
v -0.174710 1.192120 -0.017790
v 0.112470 2.155060 -0.018020
v 0.068290 2.167650 -0.042230
v 0.095600 2.166280 0.001740
v 0.018760 0.480250 -0.009230
v 0.010390 0.497350 -0.008000
v -0.007880 0.472500 0.031680
v 0.006370 0.484650 0.005790
v 0.008370 0.465650 0.033360
v -0.226310 1.313760 -0.344420
v -0.151550 0.618270 0.135750
v -0.121570 0.633020 0.168290
v -0.110140 0.666090 0.170770
v -0.075080 0.699750 0.180730
v -0.220820 1.290350 -0.153770
v -0.209780 1.297940 -0.125780
v -0.186010 1.295950 -0.107160
v -0.197360 1.291020 -0.126560
v -0.141200 2.100980 0.053900
v -0.143620 2.095860 -0.041180
v 0.016300 1.461970 0.123860
v -0.021060 1.472130 0.123890
v 0.029410 1.485380 0.133700
v 0.045040 1.461940 0.116570
v 0.048620 1.505680 0.128360
v -0.145890 0.447830 0.115090
v -0.134160 0.433110 0.117740
v -0.118650 0.075110 -0.051780
v -0.108190 0.025090 -0.056890
v -0.089020 1.937610 0.283900
v 0.158590 1.893100 -0.162360
v 0.137570 1.899090 -0.180530
v -0.238460 1.227960 -0.232610
v -0.235600 1.207710 -0.168630
v 0.132960 1.312840 -0.076310
v 0.134520 1.328660 -0.069720
v 0.211270 1.297340 -0.358530
v 0.202950 1.284780 -0.350920
v -0.078760 1.230640 0.119350
v -0.054690 1.287210 0.131500
v 0.124510 0.768660 -0.076980
v 0.132840 0.919330 -0.090470
v 0.074790 0.405760 0.093060
v 0.089290 0.412080 0.101250
v 0.111230 0.387620 0.093040
v 0.140510 -0.017090 -0.044490
v 0.107860 -0.015220 -0.051830
v 0.098300 1.207480 0.100780
v 0.087770 1.178310 0.104760
v 0.072510 1.069860 0.113790
v -0.014990 0.529950 -0.026520
v 0.084950 1.502340 -0.055810
v 0.110340 1.545690 -0.042730
v 0.095990 1.499310 -0.038050
v 0.124230 1.606720 -0.067440
v -0.235450 1.354700 -0.294310
v -0.255450 1.350140 -0.287080
v -0.251830 1.318920 -0.245570
v 0.120370 1.435910 -0.000200
v 0.104070 1.448800 -0.040670
v 0.158030 1.051040 0.007140
v 0.159420 0.964530 0.010030
v 0.157420 0.971300 -0.025770
v 0.157520 1.046850 -0.017500
v 0.140360 0.151580 0.050040
v 0.154980 0.209550 0.043780
v 0.161850 0.156250 0.032350
v -0.023390 1.475540 -0.086840
v -0.103860 1.504190 -0.036420
v -0.103410 0.380720 -0.050650
v -0.088670 0.437080 -0.044850
v 0.260820 1.257710 -0.083790
v -0.132790 1.989830 -0.138200
v 0.071510 0.842620 -0.147450
v 0.064250 -0.022300 -0.005290
v -0.030700 0.667590 0.197760
v 0.048550 0.622160 0.196660
v -0.099770 0.566250 -0.039510
v -0.109230 0.606930 -0.042230
v -0.142880 0.615020 -0.018970
v 0.109370 1.729770 -0.163420
v 0.095580 1.737560 -0.170520
v -0.159460 1.666740 0.068990
v -0.129920 1.583110 0.033290
v 0.159230 0.677400 0.034730
v 0.198500 2.028790 0.059730
v 0.170340 2.014690 0.169750
v 0.130290 1.900210 0.241660
v 0.083990 1.887690 0.276420
v 0.176470 1.284700 -0.135750
v 0.039790 1.639040 0.188930
v -0.056620 0.437810 0.112460
v -0.077790 0.408390 0.103520
v 0.082480 0.891770 0.124280
v 0.100340 0.804020 0.134590
v 0.106860 1.822880 -0.182160
v 0.072180 1.831190 -0.180610
v -0.219490 1.272830 0.029150
v -0.238160 1.276390 0.017100
v -0.252570 1.353050 -0.303170
v -0.227570 1.354390 -0.312250
v -0.153550 0.199610 0.059170
v -0.158480 0.154970 0.037230
v -0.159630 0.125270 0.043120
v -0.159940 0.130520 -0.011910
v 0.221180 1.900360 -0.030230
v 0.214680 1.875160 -0.062310
v 0.216250 1.931910 -0.059240
v 0.212080 1.919780 -0.074730
v -0.274540 1.319720 -0.338050
v 0.152910 -0.015550 -0.031090
v 0.151470 0.012190 -0.037260
v 0.154210 0.028240 -0.028190
v 0.068530 2.042530 0.267580
v -0.117790 2.124990 0.081130
v -0.105790 1.446980 0.079640
v -0.117930 1.444370 0.064680
v -0.083110 1.852760 -0.172220
v -0.092920 1.858880 -0.178160
v -0.107140 1.844380 -0.166620
v 0.048460 1.308470 -0.133250
v 0.062490 1.374820 -0.109980
v 0.160280 1.208210 0.001240
v 0.156630 1.366240 -0.030600
v 0.149930 1.372910 0.004700
v -0.174400 1.290450 0.038310
v -0.174580 1.321570 0.041950
v 0.045430 2.178960 -0.012690
v -0.110290 1.543660 0.070160
v -0.137390 1.675610 -0.102890
v 0.083640 0.449350 0.125650
v 0.065480 0.478260 0.152080
v 0.060890 0.495280 0.165380
v 0.094480 0.516810 0.163900
v -0.007730 1.886960 0.306160
v -0.035260 1.883360 0.305740
v 0.143370 2.055290 -0.129720
v 0.171010 2.063530 -0.094340
v 0.181610 2.061980 -0.074700
v 0.191060 1.777290 -0.091880
v -0.077120 0.520080 -0.036760
v -0.077100 0.552970 -0.040300
v -0.083050 0.579820 -0.045210
v 0.153050 0.646800 0.102260
v -0.195430 1.929510 -0.071620
v -0.176440 1.237290 -0.037910
v -0.183660 1.236760 -0.028560
v 0.060080 0.127210 0.036660
v 0.050960 0.180300 0.016490
v 0.061230 0.033640 0.042780
v 0.066260 1.734020 0.224570
v -0.020590 0.465770 0.025900
v -0.031830 0.442230 0.056490
v -0.025220 0.453690 0.036250
v 0.084830 2.117090 -0.119210
v -0.075720 -0.017470 0.048830
v -0.076360 -0.028700 0.042770
v -0.062840 -0.027670 0.034570
v -0.091140 -0.026850 0.050030
v 0.068900 1.485260 0.111890
v 0.083960 1.477310 0.092900
v -0.245980 1.289360 -0.184280
v -0.255480 1.284590 -0.182650
v 0.089780 1.919780 -0.182620
v 0.068760 1.910000 -0.174920
v 0.093220 1.946810 -0.171170
v -0.148340 0.259280 -0.035430
v -0.108000 0.314520 -0.050840
v -0.136570 0.315940 -0.043310
v -0.141520 0.972450 -0.113280
v -0.156240 1.003100 -0.101040
v 0.107320 2.146630 0.100080
v -0.150430 0.697150 0.107760
v -0.162280 0.623430 0.114820
v -0.150110 0.586370 0.137860
v -0.053190 0.323380 -0.018010
v -0.060090 0.263460 -0.019070
v -0.116500 1.965520 0.249170
v -0.122820 1.898090 0.247150
v -0.036210 0.432540 0.052030
v -0.064820 0.407300 0.091220
v -0.069900 2.148540 -0.062810
v -0.087220 2.078660 -0.132350
v -0.065090 1.874600 -0.176540
v -0.068430 1.887430 -0.181120
v -0.075950 1.912380 -0.181550
v -0.106660 1.696840 -0.145560
v -0.143600 0.144810 -0.033130
v -0.156860 0.236300 -0.025870
v 0.197100 1.744720 -0.038540
v 0.144210 1.267970 -0.074260
v 0.150250 1.270510 -0.076930
v -0.159080 1.330970 -0.062130
v -0.159940 1.298880 -0.069280
v -0.154540 1.347280 -0.049260
v -0.157060 1.309620 -0.067520
v 0.048670 0.309170 0.032020
v -0.206190 1.268240 0.028280
v 0.097850 0.055780 0.056820
v 0.113160 0.065980 0.054240
v 0.039590 2.054150 0.272000
v 0.016170 2.038980 0.284430
v -0.166910 1.222160 0.031390
v 0.043950 1.615450 0.172790
v -0.013410 1.574350 0.159270
v -0.225580 1.252870 -0.302800
v -0.223520 1.262330 -0.319360
v -0.216340 1.253800 -0.287890
v -0.141860 1.402500 -0.032460
v -0.142490 1.417540 -0.012890
v 0.038350 1.960210 0.299660
v -0.221400 1.328540 0.020270
v -0.168840 0.702170 0.041060
v -0.177240 0.820860 -0.001300
v 0.063240 1.796870 -0.182550
v -0.270020 1.241250 -0.072850
v -0.269540 1.231360 -0.085630
v -0.262470 1.215220 -0.133300
v 0.152610 1.064390 -0.052380
v -0.130470 0.368660 0.103450
v -0.120420 0.428610 0.121190
v -0.149000 0.399040 0.098900
v -0.134170 0.396770 0.105350
v 0.092860 0.942060 -0.141120
v 0.227690 1.222200 -0.049790
v 0.246290 1.246210 -0.039330
v 0.209890 1.265610 0.014870
v 0.162350 1.264100 0.016760
v 0.192560 1.260500 0.014200
v -0.064750 0.914420 0.130520
v 0.167860 1.237220 -0.050810
v 0.188300 1.211060 -0.135160
v 0.170660 1.236670 -0.033510
v 0.162680 1.237410 -0.043610
v 0.020100 1.927830 -0.157330
v 0.012780 1.962440 -0.160750
v 0.131980 1.051820 -0.093650
v 0.039520 1.455230 -0.091980
v 0.049080 1.472230 -0.081230
v -0.058180 0.945880 -0.158180
v -0.021060 0.872170 -0.163990
v -0.041840 0.843080 -0.155100
v 0.032930 0.354860 -0.011840
v 0.029670 0.471320 -0.021000
v -0.151390 0.751910 -0.065080
v -0.124090 2.072180 0.185670
v -0.122550 1.566930 -0.021600
v -0.116130 1.589510 -0.054900
v -0.095290 1.564950 -0.071550
v -0.051730 -0.005470 0.034010
v 0.161210 1.316570 0.037100
v 0.160210 1.292390 0.040300
v 0.160000 1.273010 0.024210
v 0.117800 1.536750 0.041200
v 0.119640 1.544590 0.066750
v 0.143040 1.580970 0.015170
v 0.087220 -0.028180 0.050230
v 0.067930 -0.025130 0.041000
v 0.103960 0.753780 0.146930
v 0.094270 0.657360 0.174200
v 0.111890 0.651480 0.162840
v 0.104430 0.608280 0.174120
v 0.040390 0.411380 0.059460
v 0.146890 0.128360 0.047490
v 0.141540 0.097040 0.049160
v -0.206840 1.860380 -0.027340
v 0.214890 1.243510 -0.283120
v 0.195930 1.224970 -0.214680
v 0.171770 0.273510 0.015540
v 0.173730 0.321490 0.003300
v 0.175080 0.374800 0.001230
v 0.180780 1.325980 -0.323840
v 0.191310 1.341080 -0.337670
v -0.175350 0.356650 0.027940
v -0.174510 0.346930 0.050320
v -0.068660 0.029400 -0.041040
v -0.131960 0.355760 -0.041120
v -0.128090 0.385890 -0.043820
v -0.113820 0.363320 -0.047880
v -0.046030 1.468290 -0.094220
v -0.026780 1.452490 -0.100750
v -0.061670 2.080850 -0.144670
v -0.076870 2.063070 -0.145940
v -0.192100 1.313400 0.046140
v -0.177240 1.306510 0.041820
v 0.154100 1.362440 0.019820
v 0.056690 -0.021690 0.028830
v 0.053020 -0.016180 0.032680
v 0.051870 -0.012360 0.012560
v 0.096990 0.360230 -0.051570
v 0.096560 0.120040 -0.057230
v 0.034390 0.813470 0.161100
v 0.021430 0.636880 0.200590
v -0.001740 0.674950 0.196860
v 0.061400 0.021590 -0.027530
v 0.054280 0.245780 -0.024410
v -0.043720 1.777910 -0.179870
v -0.081550 1.779130 -0.183720
v 0.222880 1.203490 -0.150590
v -0.266610 1.267070 -0.315680
v -0.251850 1.246340 -0.273450
v -0.055360 1.399760 0.125620
v -0.084750 1.816540 -0.180870
v 0.249250 1.289090 -0.348790
v 0.111320 0.626630 -0.045670
v -0.129080 2.115460 -0.029940
v -0.145540 0.257160 0.080430
v -0.021290 0.561310 -0.046850
v 0.161960 0.909580 0.024950
v 0.159730 0.841520 0.048520
v 0.153390 0.747020 0.072260
v 0.194760 1.347470 -0.332720
v -0.107770 1.462690 -0.058040
v 0.152530 1.666420 0.121950
v 0.119190 1.575010 0.094600
v 0.084160 1.529730 0.109720
v -0.104010 2.083700 -0.115030
v 0.209650 1.310800 0.026940
v 0.047200 1.835410 -0.170980
v 0.161300 0.040110 -0.011800
v 0.161580 0.061710 0.001770
v 0.059080 0.412570 0.085580
v -0.032070 2.110590 0.225810
v 0.213010 1.264400 -0.338440
v 0.219690 1.256900 -0.324460
v 0.201770 1.246670 -0.286140
v 0.092320 0.575750 -0.041910
v -0.109520 0.730100 0.148460
v -0.161000 0.379950 -0.019310
v -0.177570 0.379840 0.009500
v 0.151240 1.353510 0.037990
v 0.164400 1.238890 -0.001880
v 0.083580 -0.019780 0.058880
v -0.121120 0.199810 0.081580
v -0.121290 0.120860 0.076370
v -0.140730 1.871650 0.215200
v -0.145990 2.057740 0.147980
v -0.099680 0.108960 -0.045260
v 0.234850 1.298800 -0.018410
v 0.000850 1.903990 -0.158530
v -0.018810 1.872680 -0.165880
v -0.160720 0.345920 -0.016350
v 0.064920 1.455260 0.102240
v 0.166980 0.561350 0.046350
v 0.166260 0.532780 0.064460
v 0.162500 0.525620 0.016270
v 0.167270 0.531140 0.034250
v 0.145090 0.285500 -0.038340
v 0.156400 0.314690 -0.030560
v 0.209940 1.341450 -0.276140
v 0.148380 1.682540 0.139410
v -0.106540 1.298810 0.120620
v -0.169980 1.238080 -0.047420
v -0.174650 1.242710 -0.051150
v -0.186860 1.278800 -0.119500
v 0.016320 1.478210 -0.102250
v -0.004860 1.467240 -0.097970
v -0.178660 1.123920 -0.039570
v -0.178070 1.068800 -0.047630
v -0.168120 1.001100 -0.079060
v -0.098160 0.624760 -0.054460
v -0.049910 0.669360 -0.104550
v -0.164430 0.396790 0.086660
v -0.173690 0.373880 0.075750
v -0.158060 0.360580 0.083500
v 0.115190 1.447370 0.024070
v -0.067990 1.610020 -0.108320
v -0.024610 1.594220 -0.117710
v -0.204830 1.277700 -0.215890
v -0.047530 2.016190 0.287450
v -0.009020 1.348000 -0.139980
v -0.263140 1.277260 -0.183540
v -0.271790 1.264220 -0.124110
v 0.119180 1.852010 -0.172490
v -0.094070 1.779000 0.243970
v -0.049740 0.692810 0.189600
v 0.150020 1.357230 -0.048000
v 0.144890 1.370320 -0.038110
v 0.083220 0.543360 -0.041160
v -0.083500 1.923260 -0.179110
v -0.167790 0.342520 0.069680
v -0.014490 0.791750 -0.154620
v -0.037120 0.738610 -0.136250
v 0.139380 1.684720 -0.120570
v 0.160820 0.370700 0.069470
v 0.169150 0.386220 0.060090
v -0.206510 1.886420 -0.024620
v -0.204260 1.878150 0.018440
v 0.037750 1.521280 0.136910
v -0.096450 0.324680 -0.049620
v 0.165450 2.019110 -0.123280
v -0.161220 0.006550 0.011890
v -0.155890 0.033120 0.034010
v -0.103180 1.506150 0.053840
v 0.101550 1.077500 0.100330
v -0.135130 0.049460 0.060470
v 0.035710 0.451080 0.111490
v 0.130940 0.949040 0.082020
v 0.198030 1.295970 -0.222190
v 0.070450 2.172940 -0.019940
v -0.216900 1.346240 -0.323750
v 0.062190 0.920800 0.128680
v 0.041820 0.957340 0.130560
v -0.113890 1.642340 0.139750
v 0.228160 1.289400 -0.155990
v 0.225390 1.288710 -0.175580
v -0.185080 1.931120 -0.095690
v -0.057890 2.150570 0.131700
v 0.005520 1.584720 -0.117640
v 0.014620 0.457750 0.120790
v -0.266450 1.339010 -0.281810
v -0.229430 1.240280 -0.260930
v 0.168520 1.362880 0.011120
v -0.229380 1.320110 -0.058060
v 0.009510 1.373290 0.134760
v -0.081980 0.993010 0.112520
v -0.033040 0.983240 0.130360
v -0.004880 1.665730 0.211270
v 0.032220 0.916360 0.137880
v 0.183490 1.302020 -0.120560
v 0.050400 0.224960 0.018710
v -0.245960 1.346160 -0.273660
v -0.202660 1.282650 -0.150050
v -0.213040 1.284990 -0.195790
v 0.120380 0.276830 0.064140
v 0.086030 0.231140 0.052050
v 0.132500 1.773810 -0.172220
v 0.160300 0.364080 0.060070
v 0.145800 0.035970 0.038680
v 0.156850 0.709150 0.007740
v 0.163800 0.132940 -0.018820
v -0.200010 1.317790 -0.090810
v -0.045760 -0.004180 0.013340
v -0.058650 -0.021680 -0.015950
v 0.053270 0.039010 0.028080
v 0.002880 1.933750 -0.157940
v 0.001990 1.969830 -0.163760
v -0.067580 0.192450 0.054700
v -0.054430 0.197670 0.026650
v -0.117760 1.557560 -0.031730
v -0.088460 2.101580 -0.112710
v -0.105500 1.933830 0.268300
v 0.156670 1.251210 -0.069020
v 0.159650 1.242780 -0.056910
v 0.024770 0.445690 0.058690
v 0.041890 0.429570 0.075900
v -0.149010 1.307410 0.090740
v 0.096800 2.032570 0.254620
v 0.182080 1.999610 0.146770
v -0.150810 1.868660 -0.140920
v 0.148060 1.854520 -0.156190
v -0.272620 1.237170 -0.161730
v -0.265990 1.226690 -0.168680
v -0.266690 1.254080 -0.266220
v 0.040180 1.763760 -0.181990
v 0.077330 0.914900 -0.151570
v -0.170970 0.801140 -0.041890
v 0.178530 1.325450 -0.303860
v -0.053750 0.166850 0.003590
v -0.057210 1.460880 0.112640
v -0.144960 -0.003040 0.039800
v -0.152250 0.002720 0.032580
v 0.078790 0.029230 0.057770
v 0.206300 1.295590 -0.142010
v 0.114330 1.333180 0.100820
v 0.127640 -0.022010 -0.048700
v -0.061980 2.167820 0.035460
v 0.051280 1.575270 -0.106420
v 0.023840 0.391490 0.004350
v -0.117260 1.531320 0.025180
v 0.054240 0.182260 -0.020670
v -0.177080 0.400970 0.063960
v -0.181720 0.376260 0.048460
v -0.116550 -0.024980 -0.045810
v -0.127310 -0.022430 -0.048620
v -0.054340 0.039440 -0.015820
v 0.233960 1.291920 -0.359670
v -0.154800 0.375900 0.094700
v 0.122920 0.644720 -0.040850
v 0.094140 -0.025960 0.062630
v -0.160710 0.041520 -0.031760
v -0.115080 1.566190 0.066630
v 0.137990 0.252690 -0.047170
v 0.145510 0.728210 0.095450
v -0.026910 1.612520 0.178310
v 0.134530 1.050600 0.074760
v 0.144690 0.975360 0.059700
v 0.018010 2.134100 0.201650
v 0.168560 0.343150 -0.007440
v 0.114960 1.439420 -0.022800
v 0.024580 0.735480 0.178920
v -0.199460 1.903260 -0.068310
v -0.130430 0.631120 -0.033480
v 0.174550 1.270990 -0.144770
v 0.134520 1.183820 0.068340
v 0.134880 0.027670 -0.048710
v -0.073020 2.162380 -0.016850
v -0.167380 0.672280 0.030230
v -0.082150 1.595440 -0.093310
v -0.169540 1.689870 0.064780
v -0.036260 0.712660 -0.128380
v -0.004950 1.329530 0.138970
v 0.252970 1.299970 -0.347770
v -0.171870 0.434190 0.082860
v 0.136650 2.017420 0.221540
v -0.114290 1.531540 -0.019160
v 0.084040 0.304660 -0.049590
v 0.123810 0.483160 0.129220
v 0.005200 1.201110 0.124280
v -0.091460 1.482590 -0.067490
v -0.066960 1.458010 -0.091170
v -0.159870 0.774070 -0.060510
v -0.153860 0.815920 -0.077230
v -0.160830 0.183260 0.029140
v 0.024170 1.826620 -0.171750
v 0.205060 1.783530 0.082310
v -0.057470 0.390760 -0.031410
v 0.133470 1.560140 0.029160
v 0.150340 1.883600 -0.170530
v -0.182420 1.353230 0.032110
v 0.173390 0.252620 0.001560
v -0.024770 1.887770 -0.171980
v 0.007870 1.536110 0.145590
v 0.252290 1.262800 -0.256820
v -0.084150 0.195020 -0.038140
v -0.147260 0.765050 0.090960
v 0.122490 2.139610 0.084790
v 0.119720 1.575990 -0.045970
v -0.265230 1.255650 -0.046700
v 0.199510 1.728520 0.000120
v -0.226250 1.209960 -0.068630
v 0.172820 0.322800 0.031250
vn -0.0789 -0.5069 0.8584
vn -0.1861 -0.4196 0.8884
vn -0.2598 -0.5130 0.8181
vn 0.5851 0.1486 -0.7973
vn 0.6012 0.1032 -0.7924
vn 0.5343 0.1641 -0.8292
vn 0.7273 0.1570 -0.6682
vn 0.5413 0.2620 -0.7989
vn 0.7056 0.1830 -0.6845
vn -0.0299 0.2349 0.9716
vn -0.0411 0.1806 0.9827
vn -0.2297 0.2205 0.9480
vn -0.1909 0.1226 0.9739
vn -0.2026 -0.0276 0.9789
vn 0.0104 0.0577 0.9983
vn -0.4873 0.1565 -0.8591
vn -0.3472 0.1061 -0.9318
vn -0.4696 0.0902 -0.8782
vn 0.9318 0.0258 0.3620
vn 0.8495 -0.0896 0.5199
vn 0.9907 0.0434 0.1291
vn -0.7298 0.0559 -0.6814
vn -0.8886 0.0286 -0.4579
vn -0.7570 0.0532 -0.6512
vn -0.5577 -0.3618 0.7471
vn -0.7627 -0.2657 0.5896
vn -0.6995 -0.3996 0.5925
vn -0.0217 0.9358 -0.3518
vn -0.0616 0.8595 -0.5074
vn -0.1893 0.9014 -0.3894
vn -0.7515 -0.2703 0.6018
vn -0.8835 -0.3104 0.3507
vn -0.9079 -0.1622 0.3866
vn 0.9797 0.0704 -0.1878
vn 0.9592 -0.1197 0.2561
vn 0.9962 -0.0864 -0.0107
vn 0.7587 -0.1338 0.6376
vn 0.7927 -0.0684 0.6058
vn 0.8658 -0.0908 0.4921
vn -0.9235 -0.0362 -0.3819
vn -0.8446 0.0322 -0.5344
vn -0.6714 0.0144 -0.7410
vn 0.4971 -0.3861 -0.7770
vn 0.5095 -0.4295 -0.7456
vn 0.2864 -0.4092 -0.8663
vn -0.7021 -0.0974 -0.7054
vn -0.7916 -0.0953 -0.6036
vn -0.6715 0.0392 -0.7400
vn 0.1669 0.7343 0.6580
vn 0.1997 0.5789 0.7906
vn 0.3729 0.6264 0.6845
vn 0.6355 -0.1590 0.7555
vn 0.7230 -0.2315 0.6509
vn 0.7658 -0.0964 0.6359
vn -0.8900 0.4441 -0.1039
vn -0.9703 -0.0015 -0.2418
vn -0.9034 0.3752 -0.2076
vn -0.7616 -0.2204 -0.6094
vn -0.7293 -0.3316 -0.5984
vn -0.8063 -0.2448 -0.5384
vn -0.5475 -0.2744 -0.7905
vn -0.5992 -0.3252 -0.7315
vn -0.6836 -0.2709 -0.6777
vn 0.7942 -0.0119 -0.6076
vn 0.6426 0.0182 -0.7660
vn 0.7076 0.0266 -0.7062
vn 0.2694 -0.0803 0.9597
vn 0.1069 -0.0703 0.9918
vn 0.2041 -0.2504 0.9464
vn 0.0855 -0.9663 -0.2429
vn -0.2972 -0.9547 0.0140
vn 0.0052 -0.9950 -0.1001
vn -0.8780 0.4669 0.1057
vn -0.9250 0.3580 -0.1276
vn -0.6978 0.7135 -0.0636
vn 0.7522 0.0464 -0.6573
vn 0.8342 -0.0997 0.5423
vn 0.8370 -0.2089 0.5057
vn 0.9115 -0.0741 0.4045
vn 0.6979 0.7136 -0.0610
vn 0.4955 0.8491 -0.1830
vn 0.6975 0.7066 0.1193
vn 0.0935 0.0577 -0.9939
vn -0.0008 -0.0763 -0.9971
vn 0.0087 0.1235 -0.9923
vn 0.0944 0.2536 -0.9627
vn -0.6805 0.3158 -0.6612
vn -0.8107 0.2381 -0.5349
vn -0.7852 0.3589 -0.5046
vn -0.6492 0.3670 0.6662
vn -0.6616 0.2353 0.7120
vn -0.4808 0.2996 0.8241
vn 0.9472 0.3145 0.0624
vn 0.9739 0.2180 -0.0626
vn 0.9212 0.3360 -0.1963
vn 0.2775 0.9253 0.2583
vn 0.2455 0.8543 0.4582
vn 0.4466 0.8086 0.3831
vn -0.2176 -0.0274 -0.9756
vn -0.4951 -0.0422 -0.8678
vn -0.5435 -0.0197 -0.8392
vn 0.0562 -0.4829 -0.8739
vn 0.2108 -0.5036 -0.8379
vn -0.0167 -0.5220 -0.8528
vn 0.7411 -0.5946 0.3117
vn 0.4847 -0.6866 0.5419
vn 0.4630 -0.8234 0.3281
vn 0.9933 0.0118 0.1148
vn 0.9971 -0.0368 -0.0660
vn 0.9911 -0.0156 -0.1319
vn -0.7211 0.0608 0.6901
vn -0.7922 0.1253 0.5973
vn -0.6222 0.1472 0.7689
vn 0.9614 0.0513 -0.2704
vn 0.8879 -0.4275 -0.1701
vn 0.9747 0.2206 -0.0371
vn -0.0934 0.8820 -0.4618
vn -0.1389 0.9691 -0.2038
vn -0.3808 0.8805 -0.2822
vn -0.7542 0.1951 -0.6269
vn -0.6460 0.2742 -0.7124
vn -0.7645 0.2795 -0.5809
vn 0.9233 -0.0616 0.3792
vn 0.7858 -0.1014 0.6101
vn 0.9361 -0.1046 0.3359
vn -0.6931 -0.1033 -0.7134
vn -0.5121 -0.0225 -0.8587
vn -0.4732 -0.3233 -0.8195
vn -0.1193 -0.1632 -0.9794
vn -0.4084 -0.2161 -0.8869
vn -0.1749 -0.2141 -0.9610
vn 0.4859 -0.3868 -0.7838
vn 0.5818 -0.4978 -0.6431
vn 0.6950 -0.4141 -0.5878
vn -0.9577 0.0482 0.2836
vn -0.9964 0.0824 0.0219
vn -0.9725 -0.0105 0.2328
vn -0.1583 -0.3886 0.9077
vn -0.0211 -0.4418 0.8969
vn -0.1610 -0.2514 0.9544
vn 0.9992 -0.0247 -0.0319
vn 0.9740 -0.1012 -0.2027
vn 0.9707 -0.0794 0.2270
vn -0.9963 0.0365 0.0773
vn -0.9733 -0.0464 -0.2247
vn -0.9796 -0.0966 0.1763
vn 0.8418 -0.3289 0.4281
vn 0.8450 -0.4014 0.3532
vn 0.9021 -0.3722 0.2184
vn 0.8580 -0.4209 -0.2942
vn 0.9286 -0.3501 -0.1227
vn 0.9006 -0.4132 -0.1350
vn 0.1578 0.0482 0.9863
vn 0.1963 -0.0142 0.9804
vn -0.0378 0.0129 0.9992
vn 0.7515 0.2481 0.6113
vn 0.7993 0.3332 0.5001
vn 0.9084 0.2448 0.3389
vn -0.9548 0.1338 0.2654
vn -0.9769 0.0655 0.2036
vn -0.9477 0.0614 0.3132
vn -0.9843 -0.1673 0.0560
vn -0.9680 -0.2208 0.1192
vn -0.9668 -0.1438 0.2112
vn -0.9841 0.1777 0.0071
vn -0.9007 0.4341 -0.0180
vn -0.9969 -0.0659 -0.0437
vn -0.1214 0.9925 -0.0137
vn 0.2346 0.9720 0.0104
vn 0.1249 0.9580 0.2581
vn -0.7845 0.5178 0.3412
vn -0.8685 0.3575 0.3433
vn -0.9609 0.1583 0.2271
vn 0.5824 -0.7673 -0.2685
vn 0.4857 -0.8327 -0.2660
vn 0.2485 -0.9169 -0.3124
vn -0.5858 -0.1580 -0.7949
vn -0.7189 -0.1516 -0.6784
vn -0.9722 0.0121 0.2339
vn -0.9907 -0.0196 0.1344
vn -0.9992 -0.0140 -0.0370
vn -0.7909 0.3527 0.5001
vn -0.8246 0.3991 0.4008
vn -0.6372 0.3243 0.6992
vn -0.0617 -0.8907 0.4504
vn -0.4825 -0.7406 0.4676
vn -0.2367 -0.9110 0.3378
vn 0.5294 0.0427 0.8473
vn 0.5164 0.0690 0.8536
vn 0.6458 -0.0445 0.7622
vn 0.9820 0.0210 0.1875
vn -0.3003 -0.5190 0.8003
vn 0.5654 -0.3055 0.7662
vn 0.6886 -0.4159 0.5940
vn 0.5181 -0.4109 0.7501
vn 0.4786 -0.0497 -0.8766
vn 0.7555 -0.0741 -0.6509
vn 0.6455 -0.0471 -0.7623
vn -0.2116 -0.4494 -0.8679
vn -0.0311 -0.3951 -0.9181
vn -0.0849 0.1039 -0.9910
vn -0.0875 0.0943 -0.9917
vn -0.6405 0.4099 -0.6494
vn -0.2014 0.9235 0.3264
vn -0.0541 0.9621 0.2673
vn -0.2739 0.9404 0.2015
vn -0.3597 0.5484 0.7549
vn -0.5009 0.4912 0.7126
vn -0.5095 0.3963 0.7638
vn 0.0674 0.8597 -0.5064
vn 0.1288 0.9281 -0.3493
vn 0.2481 0.8308 -0.4982
vn 0.8818 0.4685 -0.0542
vn 0.7126 0.6636 -0.2277
vn 0.8176 0.5749 -0.0313
vn -0.1308 0.4513 -0.8827
vn 0.0883 -0.0986 -0.9912
vn -0.1367 -0.2222 -0.9654
vn 0.0659 0.1442 -0.9873
vn 0.0776 0.0735 -0.9943
vn -0.0320 -0.0194 -0.9993
vn -0.3937 0.0420 -0.9183
vn -0.4888 -0.0117 -0.8723
vn -0.4886 0.0357 -0.8718
vn 0.6218 -0.0913 -0.7778
vn 0.7611 -0.0814 -0.6435
vn 0.6429 -0.1543 -0.7503
vn 0.3639 0.7636 0.5334
vn 0.9568 0.0352 0.2885
vn 0.9681 0.1337 0.2120
vn 0.9444 0.1144 0.3083
vn -0.8155 -0.5274 -0.2383
vn -0.8682 -0.4900 -0.0790
vn -0.9753 -0.2208 -0.0002
vn 0.1157 -0.9620 -0.2472
vn 0.3746 -0.8746 -0.3078
vn 0.4883 -0.8619 -0.1368
vn -0.9904 -0.1373 0.0163
vn -0.9857 -0.1151 -0.1230
vn -0.9035 -0.4058 -0.1381
vn 0.9274 -0.2903 -0.2361
vn 0.9992 0.0387 -0.0132
vn 0.9867 -0.1617 0.0172
vn 0.5034 -0.0656 0.8615
vn 0.1169 -0.0780 0.9901
vn 0.2929 -0.0341 0.9555
vn -0.1896 -0.9681 -0.1640
vn -0.1047 -0.9943 -0.0200
vn -0.3480 -0.9327 -0.0947
vn 0.2010 0.2209 -0.9543
vn 0.2645 0.1627 -0.9506
vn 0.1327 0.1497 -0.9798
vn -0.0656 -0.1373 -0.9884
vn 0.1408 -0.2089 -0.9677
vn 0.3440 -0.1556 -0.9260
vn 0.6299 0.0816 -0.7724
vn 0.5149 0.1147 -0.8495
vn 0.7526 0.1188 -0.6477
vn 0.5542 -0.2624 -0.7900
vn 0.7305 -0.2103 -0.6497
vn 0.5912 -0.3322 -0.7349
vn 0.8043 -0.3140 -0.5046
vn 0.7593 -0.1857 -0.6237
vn 0.8723 -0.1825 -0.4536
vn 0.9933 -0.0451 0.1060
vn 0.9912 -0.1320 0.0137
vn 0.9990 -0.0439 0.0032
vn -0.9413 0.2849 -0.1814
vn -0.9545 -0.2804 -0.1021
vn -0.9150 -0.3649 -0.1718
vn -0.9415 -0.3319 0.0577
vn 0.3164 0.5025 -0.8046
vn 0.5922 0.2911 -0.7513
vn 0.7216 0.3586 -0.5922
vn 0.8008 0.5861 -0.1236
vn 0.8958 0.4443 0.0087
vn 0.8543 0.4974 0.1510
vn -0.6914 0.2806 0.6658
vn -0.7978 0.1905 0.5720
vn -0.6401 0.1284 0.7575
vn -0.8665 -0.0489 0.4967
vn -0.9333 -0.0265 0.3581
vn -0.9190 -0.0342 0.3928
vn 0.2716 -0.1195 0.9550
vn -0.2303 -0.1323 0.9641
vn 0.1136 -0.0871 0.9897
vn 0.0426 -0.6542 0.7551
vn -0.0797 -0.5224 0.8490
vn 0.0966 -0.5975 0.7961
vn -0.8771 0.4566 0.1490
vn -0.7074 0.7066 0.0175
vn -0.8294 0.5585 0.0133
vn -0.1353 0.3269 0.9353
vn -0.5650 0.4005 0.7214
vn -0.1831 0.0016 0.9831
vn -0.0913 0.0140 -0.9957
vn -0.4169 0.0246 -0.9086
vn -0.4788 -0.0377 -0.8771
vn -0.0476 -0.9822 -0.1819
vn 0.2956 -0.8060 -0.5128
vn 0.2134 -0.9704 -0.1134
vn -0.9127 0.2650 -0.3110
vn -0.9460 0.3185 -0.0594
vn -0.9149 0.3798 -0.1369
vn -0.4647 0.8372 0.2883
vn -0.4489 0.8832 0.1357
vn -0.5786 0.8029 0.1435
vn 0.2373 0.2827 0.9294
vn 0.3809 0.1288 0.9156
vn 0.4624 0.2358 0.8547
vn -0.1913 0.0747 0.9787
vn -0.1719 0.3212 0.9313
vn -0.4356 0.1615 0.8855
vn 0.0146 0.8440 0.5361
vn -0.2132 0.8752 0.4343
vn -0.8490 -0.0501 -0.5261
vn -0.9606 -0.2046 -0.1880
vn -0.9449 0.1984 -0.2603
vn 0.9431 -0.0914 -0.3196
vn 0.8831 -0.3869 -0.2655
vn 0.7540 -0.4156 -0.5087
vn 0.9316 -0.3338 -0.1438
vn 0.6921 -0.6662 -0.2777
vn -0.0326 0.9915 -0.1260
vn -0.3643 0.9207 -0.1398
vn -0.4060 0.8273 -0.3883
vn 0.6948 0.6403 0.3275
vn 0.9676 0.2312 0.1016
vn 0.9314 0.2899 0.2201
vn 0.8181 -0.1747 0.5478
vn 0.7551 -0.0393 0.6544
vn 0.5860 -0.2847 0.7587
vn 0.8442 0.1761 0.5062
vn 0.6520 -0.0201 0.7579
vn 0.8809 -0.0133 0.4731
vn -0.0351 -0.9340 0.3555
vn -0.0091 -0.8940 0.4480
vn 0.2395 -0.7719 0.5889
vn -0.9169 -0.3762 -0.1329
vn -0.8624 -0.3874 -0.3259
vn -0.9788 0.0014 -0.2050
vn -0.6904 -0.0382 0.7224
vn -0.8939 -0.1098 0.4346
vn -0.5430 -0.0589 0.8377
vn -0.6457 -0.7473 0.1570
vn -0.4605 -0.7907 0.4035
vn -0.7785 -0.4322 0.4551
vn -0.3790 -0.3578 0.8534
vn -0.5372 -0.3518 0.7666
vn -0.4163 -0.3285 0.8478
vn -0.7435 0.2566 0.6176
vn -0.9733 0.0535 0.2231
vn -0.9197 0.1837 0.3469
vn -0.8667 -0.2550 -0.4288
vn -0.5450 -0.6333 -0.5494
vn -0.7319 -0.6378 -0.2398
vn -0.4167 -0.1730 0.8924
vn -0.5603 -0.2372 0.7936
vn -0.7198 -0.0585 0.6917
vn 0.5547 -0.1964 0.8086
vn 0.6500 -0.2236 0.7263
vn 0.7486 -0.0992 0.6556
vn 0.6416 -0.2224 0.7341
vn 0.2816 -0.2388 0.9293
vn 0.3762 -0.1733 0.9102
vn 0.8327 -0.5271 -0.1696
vn 0.6592 -0.6163 -0.4309
vn -0.2449 0.3183 -0.9158
vn -0.0183 0.4726 -0.8811
vn 0.0025 0.1231 -0.9924
vn 0.1272 -0.1938 -0.9727
vn 0.0505 -0.3331 -0.9415
vn -0.0139 -0.1095 -0.9939
vn -0.4094 -0.4724 -0.7805
vn -0.3526 -0.3629 -0.8625
vn -0.2337 -0.3961 -0.8880
vn -0.9923 -0.1157 -0.0433
vn -0.9957 -0.0832 -0.0395
vn -0.7308 -0.1087 0.6738
vn -0.8665 -0.0545 0.4962
vn -0.7584 -0.1230 0.6401
vn -0.0456 -0.3934 0.9182
vn 0.0386 -0.4345 0.8998
vn 0.1354 -0.3631 0.9219
vn 0.5051 0.0480 0.8617
vn -0.4895 0.2433 0.8374
vn -0.2504 0.2641 0.9314
vn -0.4852 -0.0647 0.8720
vn -0.5936 -0.1660 0.7875
vn -0.3812 -0.1823 0.9064
vn 0.3810 0.0202 -0.9244
vn 0.4457 -0.0099 -0.8951
vn 0.1327 0.0228 -0.9909
vn 0.0794 -0.9652 -0.2492
vn 0.6901 0.7158 0.1069
vn 0.4923 0.8113 0.3154
vn 0.6493 0.6497 0.3954
vn -0.8102 0.5749 -0.1144
vn -0.4587 0.8547 -0.2432
vn -0.5471 0.6711 -0.5003
vn 0.8615 -0.3552 -0.3628
vn 0.9381 -0.2192 -0.2681
vn 0.8944 -0.3590 -0.2669
vn 0.7840 -0.4412 -0.4367
vn -0.9253 0.1700 0.3391
vn -0.9171 0.0091 0.3986
vn -0.8716 0.0542 0.4872
vn -0.8922 -0.2275 0.3903
vn -0.8547 -0.1788 0.4874
vn -0.9241 -0.1506 0.3511
vn -0.3061 0.1459 -0.9408
vn -0.3272 0.0165 -0.9448
vn -0.0042 0.0829 -0.9965
vn 0.7778 -0.0956 -0.6212
vn 0.6242 -0.0152 -0.7812
vn 0.2119 -0.1157 -0.9704
vn -0.0106 -0.0810 -0.9967
vn 0.1268 -0.0395 -0.9911
vn -0.4105 -0.2809 -0.8675
vn -0.4543 -0.3588 -0.8154
vn -0.9670 0.0536 -0.2491
vn -0.8294 -0.0299 -0.5578
vn -0.8991 0.0658 -0.4327
vn -0.5497 0.1350 -0.8244
vn -0.5862 0.0940 -0.8047
vn -0.6042 0.1347 -0.7854
vn 0.8320 0.5419 0.1186
vn 0.9117 0.3831 0.1486
vn 0.8587 0.4219 0.2911
vn 0.8613 0.4589 0.2182
vn 0.7792 0.5828 0.2306
vn -0.2445 0.7783 0.5783
vn -0.4244 0.8201 0.3838
vn -0.6816 0.6053 0.4112
vn -0.2729 0.6378 -0.7202
vn 0.1419 0.8062 -0.5744
vn 0.5158 -0.0574 0.8548
vn 0.4498 -0.8452 -0.2887
vn 0.5752 -0.8170 0.0416
vn 0.7743 0.5332 0.3407
vn 0.6537 0.6834 0.3250
vn 0.7131 0.5611 0.4203
vn 0.6058 0.1711 0.7770
vn 0.6260 0.0004 0.7798
vn 0.7306 0.0830 0.6778
vn -0.5932 0.7957 -0.1222
vn -0.7349 0.6778 -0.0224
vn -0.6763 0.7341 0.0611
vn -0.4858 0.8142 -0.3178
vn -0.5585 0.7106 -0.4279
vn -0.7008 0.6460 -0.3027
vn -0.8621 0.1801 0.4736
vn -0.8734 0.3043 0.3803
vn -0.7802 0.6001 0.1764
vn -0.7217 0.6050 0.3364
vn -0.6463 0.6870 0.3321
vn -0.1171 -0.0931 0.9887
vn 0.0622 -0.1086 0.9921
vn -0.0814 -0.0554 0.9951
vn 0.6761 0.2842 0.6798
vn 0.8539 0.5197 -0.0261
vn 0.8244 0.5596 0.0849
vn 0.9378 0.3003 0.1742
vn 0.8300 -0.5383 -0.1462
vn 0.6901 -0.6986 -0.1888
vn 0.7115 0.1673 0.6825
vn 0.8027 0.1213 0.5840
vn 0.6436 0.1539 0.7498
vn 0.2341 0.1926 0.9530
vn 0.4023 0.1050 0.9095
vn 0.4037 0.2037 0.8919
vn 0.0544 -0.4805 0.8753
vn 0.0698 -0.3201 0.9448
vn -0.3173 -0.2679 0.9097
vn -0.9088 -0.0919 0.4071
vn -0.8303 -0.0955 0.5491
vn -0.8622 -0.1016 0.4963
vn -0.7818 -0.1461 -0.6062
vn -0.9325 -0.1173 -0.3417
vn -0.8002 -0.2761 -0.5324
vn -0.9958 0.0061 0.0914
vn -0.9870 -0.0452 -0.1543
vn 0.7990 -0.0289 0.6006
vn 0.9891 -0.0195 0.1459
vn 0.9684 -0.0383 0.2463
vn 0.6218 -0.0345 -0.7824
vn 0.8253 -0.0425 -0.5630
vn 0.8677 -0.0435 -0.4953
vn 0.9538 0.0356 0.2984
vn 0.9655 -0.0035 0.2604
vn 0.8498 0.0134 0.5270
vn 0.5613 0.0284 0.8271
vn 0.6638 0.0320 0.7473
vn 0.7413 0.0311 0.6705
vn 0.7575 -0.1305 -0.6397
vn 0.9463 -0.0701 -0.3156
vn 0.9172 -0.0337 -0.3970
vn 0.9721 -0.0036 -0.2345
vn 0.3167 0.2532 -0.9141
vn 0.5270 0.4154 -0.7414
vn 0.5736 0.6965 -0.4312
vn 0.7370 0.5833 -0.3414
vn 0.0010 -0.9910 0.1342
vn 0.3969 -0.3711 0.8395
vn 0.2996 -0.4789 0.8252
vn 0.0153 -0.4987 0.8666
vn -0.7397 -0.0069 -0.6729
vn -0.5889 -0.0148 -0.8081
vn -0.9711 -0.0504 -0.2333
vn -0.9983 0.0128 0.0566
vn -0.9730 -0.0040 -0.2307
vn 0.9266 -0.2608 0.2708
vn 0.9762 -0.0837 0.2000
vn 0.9378 -0.0460 -0.3442
vn -0.8358 -0.0480 -0.5469
vn -0.9619 -0.1078 -0.2511
vn -0.8815 -0.2451 -0.4035
vn 0.4680 0.8747 0.1257
vn 0.0520 -0.0136 0.9986
vn 0.0779 -0.3136 0.9463
vn 0.4530 -0.0933 0.8866
vn -0.7824 0.0040 -0.6227
vn -0.7869 -0.0272 -0.6164
vn -0.7968 0.0941 -0.5969
vn 0.3548 -0.1565 -0.9218
vn 0.7663 -0.1111 -0.6328
vn 0.4881 -0.3951 -0.7782
vn 0.3208 0.6206 -0.7155
vn -0.1571 0.7168 -0.6793
vn -0.0756 0.9435 -0.3228
vn 0.1343 -0.0545 -0.9894
vn -0.4002 0.1863 -0.8973
vn -0.2624 0.2121 -0.9414
vn -0.2842 0.2582 -0.9234
vn -0.5791 0.0703 -0.8122
vn 0.1924 0.0502 -0.9800
vn -0.1319 0.0703 -0.9888
vn -0.0389 -0.0076 -0.9992
vn 0.0005 -0.4293 -0.9032
vn 0.2189 -0.7160 -0.6629
vn -0.0972 -0.7186 -0.6886
vn -0.0656 -0.9439 -0.3238
vn -0.3823 -0.8120 -0.4411
vn 0.0704 -0.8971 -0.4362
vn 0.9211 -0.2278 -0.3158
vn 0.8746 -0.0083 -0.4848
vn 0.9957 0.0415 -0.0833
vn 0.5149 0.0368 -0.8565
vn 0.3039 -0.1948 -0.9326
vn 0.2544 0.0809 -0.9637
vn -0.4099 0.3553 -0.8401
vn -0.9221 -0.1017 -0.3733
vn -0.4545 -0.0438 -0.8897
vn 0.3649 0.8894 -0.2755
vn -0.0712 0.8396 -0.5386
vn 0.3689 0.8439 -0.3896
vn -0.4482 -0.8656 -0.2234
vn -0.0639 -0.9791 -0.1931
vn -0.2803 -0.9581 -0.0596
vn -0.4295 -0.8802 0.2018
vn -0.2929 -0.9506 0.1031
vn -0.0473 -0.9586 0.2806
vn -0.2651 0.0363 0.9635
vn 0.0347 0.0965 0.9947
vn -0.7394 -0.0734 0.6692
vn -0.8022 -0.0217 0.5966
vn -0.5986 -0.0190 0.8009
vn 0.5953 -0.3902 0.7024
vn 0.4930 -0.3936 0.7759
vn 0.5935 -0.3354 0.7316
vn 0.4493 -0.3420 0.8254
vn -0.9961 -0.0855 0.0215
vn -0.9878 0.0039 -0.1556
vn -0.9480 -0.2982 0.1116
vn -0.9134 -0.3037 -0.2712
vn -0.6587 -0.7466 -0.0935
vn -0.9722 0.2003 0.1211
vn -0.1843 -0.7779 0.6007
vn -0.5635 -0.4948 0.6616
vn -0.1756 0.9803 0.0907
vn -0.0292 0.9994 0.0182
vn -0.1530 0.9760 -0.1551
vn 0.5776 0.8010 0.1575
vn 0.5724 0.8180 0.0566
vn 0.4325 0.8913 0.1362
vn -0.2276 0.2365 -0.9446
vn -0.2404 0.1466 -0.9595
vn -0.3907 0.1860 -0.9015
vn -0.0405 -0.2993 -0.9533
vn -0.0372 -0.1531 -0.9875
vn -0.6040 -0.1887 -0.7743
vn -0.6348 -0.1054 -0.7655
vn -0.7986 -0.1903 -0.5710
vn -0.8560 -0.3890 -0.3405
vn -0.9304 -0.3365 -0.1454
vn 0.3024 0.1021 -0.9477
vn 0.5183 0.0556 -0.8534
vn 0.1707 0.0068 -0.9853
vn -0.2813 -0.0658 -0.9574
vn -0.0621 0.0294 -0.9976
vn -0.3056 0.0505 -0.9508
vn -0.7852 -0.3539 0.5081
vn -0.6562 -0.1896 0.7304
vn -0.6304 -0.3821 0.6757
vn -0.7502 -0.2695 0.6039
vn -0.4242 0.6327 0.6479
vn -0.0540 0.9036 0.4250
vn 0.3057 -0.8244 0.4763
vn 0.1144 -0.9845 0.1332
vn 0.5842 -0.6576 0.4758
vn -0.0908 0.0009 0.9959
vn 0.4903 -0.8588 0.1482
vn 0.3099 -0.9196 0.2414
vn 0.5560 -0.8290 0.0596
vn -0.9955 0.0109 0.0937
vn 0.7611 -0.2386 -0.6032
vn 0.9124 -0.3555 -0.2029
vn 0.3182 0.5956 -0.7375
vn 0.2162 0.6677 -0.7124
vn -0.3680 0.7089 -0.6017
vn 0.8620 -0.4070 -0.3022
vn 0.9792 -0.1694 -0.1114
vn 0.9258 -0.2596 -0.2747
vn 0.8616 0.4340 -0.2632
vn 0.2664 0.0630 0.9618
vn 0.4244 0.0855 0.9014
vn 0.5164 0.1828 0.8366
vn 0.1682 0.0910 0.9815
vn -0.0219 0.0554 0.9982
vn -0.0260 0.1449 0.9891
vn 0.8845 0.1641 -0.4366
vn 0.7994 0.1448 -0.5831
vn 0.7838 0.2473 -0.5696
vn 0.9828 -0.1297 -0.1313
vn 0.9781 -0.1748 -0.1129
vn 0.2858 0.0751 -0.9553
vn 0.1645 0.2111 -0.9635
vn 0.1056 0.0198 -0.9942
vn -0.3053 0.1847 -0.9342
vn -0.0259 0.1164 -0.9929
vn -0.0270 0.1515 -0.9881
vn 0.0388 0.0630 -0.9973
vn 0.2351 0.0320 -0.9714
vn -0.1056 -0.0168 -0.9943
vn 0.1401 -0.3172 -0.9380
vn 0.4340 -0.3639 -0.8241
vn 0.4002 -0.0422 -0.9155
vn 0.7187 -0.0925 -0.6891
vn 0.9234 -0.0856 -0.3742
vn -0.1325 -0.2997 -0.9448
vn -0.0075 -0.1713 -0.9852
vn 0.1604 -0.2413 -0.9571
vn 0.3843 -0.3544 -0.8525
vn 0.3463 -0.4524 -0.8218
vn 0.2072 -0.3997 -0.8929
vn -0.6919 0.5634 0.4515
vn -0.8980 0.3344 0.2859
vn -0.6497 0.6711 0.3570
vn -0.9520 0.2446 0.1838
vn -0.9902 0.0234 0.1373
vn -0.9749 -0.2228 0.0052
vn -0.3530 0.0049 0.9356
vn -0.5172 0.0310 0.8553
vn -0.2906 0.0730 0.9540
vn -0.5066 -0.0351 0.8615
vn -0.4004 -0.2187 0.8899
vn -0.6009 -0.2190 0.7687
vn -0.4873 -0.2960 0.8215
vn 0.0114 -0.3197 0.9474
vn 0.0103 -0.1205 0.9927
vn -0.7182 -0.1137 0.6865
vn -0.6076 -0.1312 0.7833
vn -0.4432 -0.1375 0.8858
vn -0.3740 0.8457 -0.3806
vn -0.0692 0.8192 -0.5693
vn -0.9121 0.3971 0.1017
vn -0.8656 0.3445 0.3633
vn -0.9441 0.3291 0.0219
vn -0.0637 -0.0707 0.9955
vn 0.0182 -0.2229 0.9747
vn -0.6664 -0.1116 -0.7372
vn -0.2104 -0.3276 -0.9211
vn -0.3044 0.0935 -0.9479
vn 0.0723 -0.1942 -0.9783
vn 0.4113 -0.5032 -0.7600
vn 0.3555 -0.4559 -0.8159
vn 0.2582 -0.4799 -0.8384
vn -0.3237 -0.5437 -0.7744
vn -0.2123 -0.4924 -0.8441
vn -0.2258 -0.5009 -0.8355
vn 0.9078 0.0352 -0.4179
vn 0.8159 0.0324 -0.5772
vn 0.4795 0.0876 -0.8731
vn 0.7453 0.1071 0.6581
vn 0.8982 -0.0193 0.4391
vn 0.8735 -0.0282 0.4860
vn 0.7916 -0.1270 0.5977
vn -0.3460 0.7685 -0.5382
vn -0.1886 0.8423 -0.5050
vn -0.1207 0.2851 -0.9509
vn -0.0456 0.3917 -0.9190
vn 0.0389 -0.6007 -0.7985
vn 0.0635 -0.7402 -0.6694
vn 0.6884 -0.4129 -0.5963
vn -0.4562 -0.8805 -0.1289
vn -0.0610 -0.9489 -0.3097
vn 0.2747 -0.9283 -0.2506
vn -0.1622 -0.4132 -0.8961
vn 0.3741 -0.4564 -0.8073
vn -0.0101 -0.6559 -0.7548
vn -0.9714 0.2209 -0.0872
vn -0.9837 0.1586 0.0843
vn -0.9492 0.3056 0.0756
vn -0.9912 -0.0006 -0.1323
vn -0.9660 -0.0356 -0.2561
vn -0.9606 -0.1248 -0.2482
vn 0.9672 -0.0336 -0.2516
vn 0.9011 -0.0253 -0.4328
vn 0.9014 0.0337 -0.4317
vn -0.7144 -0.6617 -0.2275
vn -0.0933 -0.9808 0.1714
vn -0.4953 -0.8291 0.2593
vn -0.5326 -0.8445 0.0563
vn -0.6414 -0.7352 -0.2194
vn -0.3145 -0.9007 -0.2996
vn -0.5893 -0.7818 -0.2038
vn 0.7386 -0.1356 -0.6604
vn 0.0901 -0.2417 -0.9662
vn -0.2376 -0.1202 -0.9639
vn -0.2308 -0.3059 -0.9237
vn 0.1878 -0.7725 0.6066
vn 0.1649 -0.4655 0.8695
vn 0.5572 -0.2091 0.8036
vn 0.4856 -0.0920 0.8693
vn 0.2652 -0.2176 0.9393
vn -0.3238 -0.2873 0.9014
vn -0.5295 -0.4148 0.7399
vn -0.2465 -0.6283 0.7379
vn -0.9574 -0.0284 -0.2873
vn -0.9957 0.0260 -0.0888
vn -0.9580 -0.0042 -0.2868
vn -0.9968 -0.0179 -0.0774
vn 0.9772 0.1841 0.1056
vn 0.9592 0.2070 -0.1925
vn 0.8929 0.4500 0.0133
vn 0.8637 0.4964 -0.0878
vn 0.7926 0.6007 -0.1048
vn 0.8165 0.4780 -0.3239
vn -0.9051 0.0898 0.4155
vn -0.9762 0.0068 0.2167
vn -0.9743 0.0786 0.2111
vn -0.6404 -0.0735 0.7646
vn 0.8079 0.3698 0.4589
vn 0.7212 0.4128 0.5563
vn 0.3311 -0.7154 0.6154
vn 0.3869 -0.8581 0.3376
vn 0.2298 -0.8957 0.3806
vn 0.8366 -0.3966 0.3780
vn 0.7405 -0.2614 0.6192
vn 0.8748 -0.2051 0.4389
vn -0.9226 -0.3847 -0.0280
vn -0.8682 -0.3700 0.3307
vn -0.8496 -0.3860 0.3594
vn -0.7939 -0.4205 0.4392
vn -0.8636 0.4991 -0.0713
vn -0.9109 0.4110 0.0373
vn -0.8754 0.4707 0.1097
vn -0.8704 0.4539 0.1909
vn -0.8341 0.4738 0.2825
vn -0.6523 -0.0773 -0.7540
vn -0.3973 -0.1136 -0.9106
vn -0.6202 -0.3148 -0.7185
vn -0.0752 -0.1541 -0.9852
vn 0.0638 -0.5221 -0.8505
vn 0.2343 -0.3783 -0.8955
vn -0.0398 -0.2010 -0.9788
vn -0.0077 -0.3790 -0.9254
vn 0.5815 0.0045 -0.8135
vn 0.7331 0.0243 -0.6796
vn 0.5453 0.0981 -0.8325
vn 0.9925 -0.0377 -0.1167
vn 0.9733 -0.0461 -0.2249
vn -0.9773 -0.1605 0.1383
vn -0.9954 -0.0305 -0.0910
vn -0.9865 0.0017 0.1635
vn 0.2946 0.2950 -0.9090
vn 0.1518 0.3371 -0.9292
vn 0.1897 0.3058 -0.9330
vn 0.6575 0.4624 -0.5948
vn 0.6677 0.7437 -0.0324
vn 0.7300 0.6677 0.1456
vn 0.4348 0.7786 -0.4525
vn 0.3272 0.8579 -0.3961
vn 0.5132 0.7999 -0.3111
vn -0.0668 -0.5131 -0.8557
vn 0.1575 -0.4904 -0.8572
vn -0.3081 -0.3245 -0.8943
vn 0.0669 -0.3537 -0.9330
vn 0.1085 -0.3094 -0.9447
vn 0.0818 -0.2760 -0.9577
vn 0.3710 -0.3078 -0.8761
vn 0.0982 -0.2393 -0.9660
vn 0.2436 -0.0431 -0.9689
vn 0.6484 -0.1188 0.7520
vn 0.9060 -0.0678 0.4177
vn 0.8415 -0.1251 0.5257
vn -0.5830 0.1883 -0.7904
vn -0.5273 -0.0511 -0.8481
vn -0.5671 0.0118 0.8236
vn -0.9474 0.0187 0.3197
vn -0.8438 -0.0222 0.5362
vn -0.9060 0.3037 0.2949
vn -0.3353 0.6683 -0.6641
vn -0.1714 0.7206 -0.6719
vn -0.2663 0.5763 -0.7726
vn -0.4929 0.2956 -0.8183
vn -0.7200 -0.1753 0.6715
vn -0.5770 -0.0890 0.8119
vn -0.6983 -0.0767 0.7116
vn -0.8172 -0.1169 0.5643
vn -0.9634 0.0378 0.2654
vn -0.0963 0.1161 -0.9886
vn -0.2595 0.1234 -0.9578
vn -0.2499 -0.0857 -0.9645
vn -0.1712 0.0747 -0.9824
vn 0.0437 0.1602 -0.9861
vn -0.0704 0.1025 -0.9922
vn 0.9176 0.0481 0.3946
vn 0.8923 0.1011 0.4400
vn 0.8670 0.0037 0.4982
vn 0.8354 0.1854 0.5175
vn 0.8128 0.0513 0.5803
vn -0.3909 -0.1786 -0.9029
vn -0.4835 -0.1917 -0.8541
vn -0.1867 0.0648 -0.9803
vn -0.2947 0.0092 -0.9555
vn 0.5234 0.0348 -0.8514
vn 0.3308 -0.0325 -0.9432
vn 0.8454 0.4051 0.3482
vn 0.9138 0.3559 0.1956
vn 0.8884 -0.4331 0.1522
vn 0.9864 0.0251 0.1625
vn 0.9649 -0.0001 0.2625
vn 0.9891 0.0306 -0.1440
vn 0.6583 0.0047 0.7527
vn 0.7392 -0.0460 0.6719
vn 0.0108 -0.4795 0.8775
vn 0.1300 -0.4823 0.8663
vn 0.3900 -0.4356 0.8113
vn 0.2626 -0.4074 0.8747
vn 0.2323 -0.4183 0.8781
vn 0.2212 -0.2094 0.9525
vn 0.4015 -0.2127 0.8908
vn 0.3490 -0.0324 0.9366
vn -0.0287 0.0502 0.9983
vn 0.9757 0.0347 -0.2162
vn 0.9996 -0.0041 -0.0275
vn 0.9983 -0.0009 -0.0586
vn 0.9935 -0.0045 0.1137
vn -0.0100 0.9843 -0.1761
vn -0.4279 0.9036 0.0229
vn -0.0870 0.9550 0.2836
vn 0.3515 0.8388 0.4158
vn 0.6593 0.6236 0.4201
vn 0.7717 0.6203 0.1403
vn 0.3497 0.3564 -0.8665
vn 0.0326 0.2300 -0.9726
vn -0.1030 0.2892 -0.9517
vn -0.0611 0.0031 -0.9981
vn -0.3293 -0.0214 -0.9440
vn 0.2023 -0.0414 0.9784
vn 0.2202 -0.0924 0.9711
vn 0.3462 -0.0654 0.9359
vn 0.6191 -0.0404 0.7843
vn 0.8002 -0.0736 0.5952
vn 0.9298 0.1818 -0.3201
vn 0.8610 0.2764 -0.4270
vn 0.8123 0.5392 -0.2224
vn -0.2952 -0.1352 -0.9458
vn -0.2896 -0.8668 -0.4060
vn -0.1330 -0.8011 -0.5835
vn 0.9647 0.2517 -0.0771
vn 0.7421 0.6610 -0.1111
vn 0.5227 0.8499 -0.0670
vn -0.7710 0.2283 0.5946
vn -0.7668 0.0134 0.6418
vn -0.8495 -0.1928 0.4911
vn -0.5551 0.2283 0.7998
vn -0.3589 0.1123 0.9266
vn -0.4280 0.2079 0.8795
vn -0.8382 -0.4188 -0.3493
vn -0.8801 -0.0222 -0.4742
vn -0.7719 -0.4045 -0.4904
vn -0.4617 -0.6404 -0.6137
vn 0.7601 -0.1360 -0.6354
vn 0.5739 -0.1413 -0.8066
vn 0.9723 0.0304 -0.2316
vn 0.9911 0.0426 -0.1260
vn 0.9971 0.0511 0.0556
vn 0.0273 -0.8128 0.5819
vn 0.0570 -0.6363 0.7694
vn 0.1011 -0.8217 0.5609
vn -0.6960 0.0325 -0.7173
vn 0.8967 0.0648 -0.4378
vn -0.3823 0.6453 -0.6614
vn -0.3610 0.5942 -0.7188
vn 0.0370 0.8271 -0.5608
vn 0.7668 0.4003 -0.5018
vn -0.2921 -0.0137 -0.9563
vn 0.1402 -0.0430 -0.9892
vn -0.5806 0.0229 -0.8138
vn -0.3561 0.0772 -0.9313
vn 0.7870 0.0243 -0.6165
vn 0.7219 0.0579 -0.6896
vn 0.9021 -0.3293 0.2790
vn 0.8819 -0.4665 -0.0684
vn 0.9859 -0.1621 -0.0410
vn 0.1192 -0.3978 0.9097
vn 0.3026 -0.3466 0.8879
vn 0.3511 -0.3525 0.8674
vn -0.3309 -0.3122 0.8905
vn -0.0382 -0.3250 0.9449
vn 0.1067 -0.1821 0.9775
vn -0.6375 0.7252 0.2602
vn -0.7377 0.6749 -0.0191
vn -0.7409 -0.0983 -0.6644
vn -0.5361 0.2401 -0.8093
vn -0.4805 0.0166 -0.8768
vn -0.3002 0.0335 -0.9533
vn -0.7278 -0.2482 -0.6393
vn 0.0642 0.3337 -0.9405
vn -0.0689 0.3376 -0.9388
vn -0.3472 0.2501 -0.9038
vn 0.4934 -0.8659 -0.0819
vn 0.7046 -0.7094 0.0170
vn 0.2751 -0.9513 0.1393
vn 0.1142 -0.9929 0.0331
vn 0.5604 0.4564 0.6911
vn 0.2917 0.5888 0.7538
vn 0.2749 0.2634 0.9247
vn -0.0063 -0.4451 -0.8955
vn 0.1502 -0.3512 -0.9242
vn -0.4177 -0.7867 0.4546
vn -0.6521 -0.5560 0.5155
vn -0.3228 -0.6200 0.7152
vn -0.1939 -0.3068 0.9318
vn -0.4562 -0.5328 -0.7128
vn -0.3443 -0.5362 -0.7707
vn -0.5841 -0.4023 -0.7050
vn -0.7629 -0.4033 -0.5053
vn -0.7159 -0.4743 -0.5124
vn 0.3067 -0.3041 0.9019
vn 0.5643 -0.2810 0.7763
vn 0.8431 -0.5301 0.0899
vn 0.9518 -0.0337 0.3050
vn 0.9023 0.1215 0.4136
vn -0.0543 0.5909 0.8049
vn -0.0493 0.7487 0.6611
vn -0.2467 0.8659 0.4351
vn -0.1582 0.8162 0.5557
vn -0.2530 0.4666 -0.8475
vn -0.0120 0.0981 -0.9951
vn -0.2961 0.2236 -0.9286
vn 0.1369 0.3479 -0.9275
vn -0.7005 0.7056 0.1067
vn 0.3358 0.7724 0.5392
vn 0.0551 0.8569 0.5125
vn -0.0915 -0.2294 -0.9690
vn -0.1798 -0.2783 -0.9435
vn -0.0121 -0.1704 -0.9853
vn -0.1196 0.1578 -0.9802
vn -0.4355 -0.8251 -0.3599
vn -0.1644 -0.9841 0.0666
vn -0.8227 -0.2022 -0.5313
vn -0.7815 -0.4538 -0.4282
vn 0.9357 -0.0873 -0.3417
vn 0.8693 -0.0619 -0.4904
vn 0.8841 0.0435 -0.4653
vn 0.7903 0.0168 -0.6125
vn -0.8072 0.0936 -0.5829
vn -0.7238 0.0956 -0.6833
vn -0.7913 0.0728 -0.6071
vn -0.6131 0.0297 -0.7894
vn -0.4922 0.8705 0.0019
vn -0.2845 0.9316 -0.2264
vn -0.2693 0.9611 -0.0620
vn -0.3681 0.7916 0.4877
vn -0.5546 0.7808 0.2876
vn 0.4698 -0.8746 -0.1197
vn 0.7911 -0.6047 -0.0921
vn 0.5434 -0.6561 -0.5237
vn 0.1896 0.4153 -0.8897
vn 0.1441 0.6105 -0.7788
vn 0.2585 0.5916 -0.7637
vn 0.3608 0.4658 -0.8080
vn 0.5052 -0.2893 -0.8131
vn 0.6545 -0.3138 -0.6879
vn 0.8025 0.0779 -0.5915
vn 0.6525 -0.3132 -0.6901
vn 0.6787 0.0276 -0.7339
vn -0.9923 -0.0906 0.0841
vn -0.8715 -0.2816 0.4015
vn -0.7850 -0.5573 0.2705
vn -0.7569 -0.4527 0.4713
vn 0.9956 0.0650 0.0673
vn 0.9938 0.0837 -0.0727
vn 0.9796 0.1827 0.0839
vn 0.9496 0.2244 0.2188
vn -0.5662 0.1149 0.8162
vn -0.6592 0.0384 0.7510
vn -0.7165 -0.4312 0.5483
vn -0.4462 -0.5931 0.6702
vn -0.9696 -0.1134 0.2167
vn -0.9850 -0.1052 0.1367
vn -0.6995 -0.0556 0.7125
vn -0.8298 -0.0054 0.5580
vn -0.5153 -0.0832 0.8530
vn -0.2130 0.5473 0.8094
vn 0.1609 0.0511 0.9856
vn 0.0187 0.2335 0.9722
vn -0.4479 -0.2753 0.8507
vn -0.2986 -0.3167 0.9003
vn -0.4122 0.8721 -0.2637
vn -0.4826 0.8682 0.1154
vn -0.6155 0.7154 0.3307
vn -0.9864 -0.1635 0.0179
vn -0.9601 -0.1169 -0.2541
vn -0.9776 -0.1085 0.1804
vn -0.8604 -0.1129 -0.4970
vn -0.7352 -0.0367 -0.6768
vn -0.6746 -0.0730 -0.7346
vn -0.9240 0.3506 0.1528
vn -0.9686 0.1690 0.1824
vn -0.9457 0.2353 0.2242
vn -0.9527 0.2635 0.1517
vn 0.1549 0.0017 -0.9879
vn -0.3401 0.3958 -0.8530
vn -0.0277 0.4311 -0.9019
vn -0.1948 0.4097 -0.8912
vn 0.1764 -0.9820 0.0682
vn -0.1912 -0.9764 -0.1002
vn -0.2146 -0.9767 0.0041
vn -0.0226 0.4058 -0.9137
vn 0.1461 0.4808 -0.8646
vn -0.0272 0.6868 -0.7263
vn -0.0942 0.1861 -0.9780
vn 0.3392 -0.4942 -0.8004
vn 0.8111 -0.0970 -0.5768
vn 0.7010 0.0059 -0.7131
vn 0.5509 -0.6203 -0.5584
vn 0.3280 0.2028 0.9227
vn 0.2808 0.2030 0.9381
vn 0.9151 0.0214 0.4027
vn 0.2095 -0.4650 0.8602
vn -0.2433 0.0450 -0.9689
vn 0.1239 0.0508 -0.9910
vn 0.0993 0.8123 0.5748
vn 0.4237 0.7456 0.5143
vn 0.4745 0.8665 0.1549
vn 0.8507 0.5255 0.0129
vn 0.8672 -0.0949 -0.4888
vn 0.8423 -0.1389 -0.5208
vn 0.9009 -0.0848 -0.4257
vn 0.9448 0.0019 -0.3276
vn 0.8801 -0.0244 -0.4742
vn 0.8631 0.0716 0.5000
vn 0.9281 0.0606 0.3675
vn 0.7708 0.0873 0.6311
vn 0.8810 0.0669 0.4683
vn 0.7306 -0.6542 -0.1958
vn 0.9366 -0.3192 -0.1443
vn 0.9935 -0.0594 -0.0970
vn -0.3701 -0.0875 0.9248
vn -0.5993 -0.0820 0.7963
vn -0.5164 0.0380 0.8555
vn -0.0040 0.9900 -0.1409
vn 0.1897 0.9805 -0.0504
vn 0.7866 0.5819 -0.2062
vn 0.9380 0.3453 -0.0297
vn -0.9316 -0.3444 0.1166
vn -0.9022 -0.3849 -0.1948
vn -0.9842 -0.1762 -0.0198
vn -0.6398 -0.7156 0.2803
vn -0.9498 -0.2951 -0.1037
vn -0.6958 -0.6846 -0.2172
vn -0.8040 -0.5641 -0.1881
vn -0.9638 -0.2367 -0.1228
vn -0.8319 -0.2578 0.4914
vn -0.7509 -0.4073 0.5199
vn -0.9499 -0.2715 0.1551
vn -0.9387 -0.2390 0.2487
vn -0.9275 -0.2655 0.2632
vn 0.1470 -0.1517 0.9774
vn -0.2224 -0.1424 0.9645
vn -0.0590 -0.2631 0.9630
vn 0.3420 -0.0443 0.9386
vn 0.4585 -0.0690 0.8860
vn 0.6292 -0.1081 0.7697
vn 0.7761 0.0282 0.6300
vn 0.8665 0.0863 0.4917
vn -0.0528 -0.9248 0.3767
vn -0.3612 -0.4722 0.8041
vn -0.1692 -0.7168 0.6765
vn -0.9989 0.0390 0.0242
vn -0.9913 -0.1316 0.0036
vn -0.9084 -0.0837 0.4096
vn -0.9372 0.0979 0.3347
vn -0.7087 0.1836 -0.6812
vn -0.5347 0.2890 -0.7941
vn 0.9627 -0.0682 0.2617
vn 0.9852 0.0194 0.1703
vn 0.8549 -0.0114 -0.5187
vn 0.9172 0.0270 -0.3975
vn 0.7279 -0.0071 -0.6856
vn -0.9877 -0.1096 0.1112
vn -0.9820 -0.0588 0.1795
vn -0.9902 0.1114 -0.0843
vn 0.9905 -0.1048 0.0887
vn 0.8487 -0.1554 0.5055
vn 0.4816 -0.4119 0.7736
vn 0.1691 0.7566 -0.6316
vn 0.0070 0.7341 -0.6790
vn -0.0192 0.5187 -0.8547
vn 0.1445 -0.9382 0.3144
vn 0.6439 -0.2314 -0.7293
vn 0.7159 -0.4723 -0.5142
vn -0.7024 0.2071 0.6810
vn -0.8553 0.1838 0.4844
vn -0.7216 0.1919 0.6652
vn -0.7634 0.2330 0.6024
vn -0.3111 0.1093 -0.9441
vn -0.2596 0.0812 -0.9623
vn -0.5072 0.1105 -0.8547
vn -0.7547 0.0769 -0.6516
vn -0.5746 0.0696 -0.8155
vn -0.8285 0.1069 -0.5497
vn -0.9703 0.0770 -0.2292
vn -0.8744 0.0148 -0.4849
vn -0.9168 0.0598 -0.3948
vn -0.9770 -0.1439 -0.1573
vn -0.9975 -0.0628 -0.0315
vn -0.9529 -0.1390 -0.2697
vn 0.3276 0.7315 -0.5980
vn 0.8362 0.5125 -0.1952
vn -0.5735 0.8135 -0.0964
vn -0.4768 -0.4867 0.7320
vn -0.4467 -0.5225 0.7263
vn -0.9529 -0.0942 0.2883
vn -0.9474 -0.0431 0.3171
vn -0.9635 -0.0134 0.2673
vn -0.9173 -0.1075 0.3835
vn -0.6251 0.2494 -0.7396
vn 0.9599 0.1120 -0.2572
vn 0.4132 -0.0913 -0.9060
vn 0.3748 -0.2458 -0.8939
vn -0.5567 0.7875 -0.2646
vn -0.6556 0.7539 -0.0430
vn -0.8680 0.4631 -0.1792
vn -0.9168 0.3198 -0.2392
vn -0.8068 0.4006 -0.4343
vn 0.9049 -0.1933 0.3792
vn 0.9830 0.0289 0.1813
vn -0.9423 -0.0482 -0.3312
vn 0.5271 0.3030 -0.7940
vn 0.2355 0.1983 -0.9514
vn 0.1666 0.4074 -0.8979
vn 0.2958 -0.1005 -0.9500
vn 0.5462 -0.3093 -0.7785
vn 0.1429 -0.3632 -0.9207
vn -0.9780 -0.1780 -0.1089
vn -0.9742 -0.2180 -0.0593
vn -0.9271 -0.2513 -0.2780
vn -0.9106 -0.2729 -0.3105
vn -0.8792 -0.2717 -0.3914
vn -0.9127 -0.1916 -0.3608
vn 0.4429 0.6119 -0.6553
vn 0.6332 0.5796 -0.5129
vn 0.9861 0.0565 0.1565
vn 0.9997 0.0054 0.0230
vn 0.9409 0.0154 0.3384
vn -0.2664 0.1993 0.9431
vn -0.2980 -0.1339 0.9451
vn -0.5893 0.1403 0.7956
vn 0.8345 -0.2378 0.4970
vn 0.8457 -0.0824 0.5273
vn 0.9261 -0.2867 0.2451
vn 0.9781 0.0140 0.2079
vn 0.9746 0.1054 0.1978
vn 0.9176 -0.3951 0.0442
vn 0.9387 -0.3417 0.0459
vn 0.9794 -0.1767 0.0976
vn 0.9517 -0.2674 0.1510
vn 0.9664 -0.2567 -0.0137
vn 0.2499 -0.9316 0.2638
vn 0.2409 -0.9702 -0.0273
vn 0.5944 -0.7798 -0.1964
vn 0.4270 -0.9027 0.0528
vn 0.6891 -0.6577 0.3040
vn -0.1629 0.0926 0.9823
vn 0.0066 0.0913 0.9958
vn -0.4468 0.0981 0.8892
vn -0.2750 -0.0589 0.9596
vn -0.2987 0.1285 0.9456
vn -0.7445 -0.4305 -0.5102
vn -0.4896 -0.1163 -0.8641
vn -0.3965 -0.5327 -0.7477
vn -0.8453 0.4380 -0.3060
vn -0.7349 0.5093 -0.4478
vn -0.6428 0.6126 -0.4600
vn 0.3035 -0.7560 -0.5799
vn 0.6414 -0.5965 -0.4825
vn 0.5369 -0.8110 0.2324
vn 0.2866 -0.9546 -0.0809
vn 0.9960 0.0383 0.0804
vn 0.9767 0.0477 -0.2092
vn 0.8198 0.0983 -0.5641
vn -0.9396 -0.2022 0.2762
vn -0.8395 -0.3140 0.4435
vn -0.9065 0.0482 0.4195
vn -0.8343 0.0693 0.5469
vn 0.3650 -0.1890 0.9116
vn 0.0788 -0.4703 0.8790
vn 0.0871 -0.3353 0.9381
vn -0.5721 -0.0788 -0.8164
vn -0.7169 -0.0959 -0.6906
vn -0.4538 -0.0898 -0.8866
vn 0.4114 0.1398 -0.9007
vn 0.2131 0.1202 -0.9696
vn 0.3885 0.0804 -0.9179
vn 0.5230 0.1179 -0.8441
vn -0.6756 0.7088 0.2029
vn -0.1415 0.8780 0.4573
vn 0.0504 0.9864 0.1567
vn 0.3261 0.8622 0.3876
vn 0.8196 -0.0580 0.5700
vn 0.4321 -0.2652 0.8620
vn 0.6012 -0.1884 0.7766
vn 0.6360 -0.2200 0.7397
vn 0.3385 0.4569 -0.8226
vn 0.4902 0.0370 -0.8708
vn 0.7258 0.2475 -0.6418
vn 0.6693 0.5340 -0.5166
vn 0.9446 0.1909 -0.2669
vn 0.4389 -0.3337 0.8343
vn 0.3856 0.1089 0.9162
vn 0.4917 -0.2701 -0.8278
vn 0.5780 -0.0430 -0.8149
vn 0.3889 0.1422 -0.9102
vn 0.3180 -0.4850 -0.8146
vn 0.8203 0.0457 -0.5701
vn 0.9007 0.1046 -0.4217
vn 0.8908 0.0537 -0.4513
vn 0.9414 0.0107 -0.3370
vn 0.5144 0.0030 -0.8575
vn 0.3048 0.0193 -0.9522
vn 0.2106 -0.4544 -0.8656
vn -0.0539 -0.0869 -0.9948
vn -0.5131 -0.3007 -0.8039
vn -0.1112 -0.6745 -0.7298
vn 0.9187 -0.2947 -0.2628
vn 0.9699 -0.1376 -0.2010
vn 0.8863 -0.1563 -0.4358
vn 0.9917 -0.1232 0.0355
vn 0.9721 -0.2330 0.0265
vn 0.9426 -0.2053 0.2635
vn 0.0643 -0.0259 -0.9976
vn 0.2384 -0.0619 -0.9692
vn -0.0506 -0.0510 -0.9974
vn 0.5612 -0.0929 -0.8224
vn 0.1875 -0.0983 -0.9773
vn 0.1779 0.2211 -0.9589
vn -0.0138 0.3922 -0.9198
vn -0.0730 0.5311 -0.8442
vn -0.7539 -0.1421 0.6414
vn -0.6067 -0.7243 -0.3276
vn 0.0794 -0.2025 -0.9761
vn 0.0097 -0.1932 -0.9811
vn -0.0537 0.0090 -0.9985
vn -0.8408 0.4758 -0.2580
vn -0.7960 0.3910 -0.4620
vn -0.3798 0.0376 -0.9243
vn -0.5048 0.1592 -0.8485
vn -0.3936 -0.3220 -0.8610
vn -0.1817 -0.1707 -0.9684
vn -0.1410 0.0496 -0.9888
vn -0.4523 -0.1065 -0.8855
vn -0.3593 0.1298 -0.9242
vn 0.1836 -0.9688 0.1663
vn -0.0012 -0.9430 0.3328
vn -0.2264 -0.4291 0.8744
vn 0.3021 -0.0100 -0.9532
vn 0.6914 0.0907 -0.7168
vn 0.6164 0.0092 -0.7874
vn 0.9989 0.0316 -0.0355
vn 0.9423 -0.0093 -0.3348
vn 0.7302 0.0405 -0.6820
vn 0.6222 -0.0079 -0.7828
vn 0.8143 -0.0227 -0.5800
vn 0.4916 0.7531 0.4372
vn 0.7955 0.5026 0.3386
vn 0.7617 0.5607 0.3245
vn 0.9801 -0.1976 -0.0182
vn 0.8716 -0.4661 -0.1523
vn 0.9907 -0.0518 -0.1256
vn 0.9274 -0.3074 0.2134
vn 0.9646 0.1744 -0.1978
vn 0.2662 -0.5015 0.8232
vn 0.3419 0.0069 0.9397
vn -0.1714 0.0565 0.9836
vn 0.4287 -0.1998 0.8811
vn -0.9783 -0.2037 0.0390
vn -0.6447 -0.7555 0.1170
vn -0.9120 -0.2752 -0.3042
vn -0.7813 -0.4697 0.4112
vn -0.9606 -0.1116 0.2547
vn 0.6821 0.2817 0.6748
vn 0.6092 0.5838 0.5366
vn 0.6228 0.4568 0.6352
vn -0.8907 -0.0227 -0.4539
vn -0.3464 0.7983 0.4927
vn -0.5397 0.7943 0.2790
vn -0.5185 0.5954 0.6137
vn -0.1890 0.4812 -0.8560
vn -0.5934 0.2970 0.7481
vn -0.7713 0.2654 0.5785
vn 0.9793 -0.1830 0.0862
vn 0.9857 0.1567 0.0613
vn -0.1454 0.0942 -0.9849
vn -0.2476 0.0682 -0.9664
vn -0.9963 0.0854 0.0022
vn -0.8972 0.4415 -0.0065
vn 0.4815 -0.3801 -0.7897
vn 0.4628 -0.3460 -0.8161
vn 0.2360 -0.2057 -0.9497
vn 0.6484 0.7468 -0.1478
vn 0.4935 0.8239 -0.2788
vn -0.4643 -0.3883 -0.7960
vn -0.7250 -0.1882 -0.6625
vn -0.4814 -0.0283 -0.8761
vn -0.5722 0.2492 -0.7813
vn -0.7476 0.0719 -0.6602
vn -0.7007 0.2015 -0.6845
vn 0.7907 0.0778 -0.6072
vn 0.8290 0.0087 -0.5591
vn -0.9466 0.3225 0.0016
vn -0.9706 0.0278 0.2389
vn -0.9999 0.0032 -0.0161
vn 0.0518 0.9784 0.2003
vn 0.1025 0.9258 0.3638
vn 0.3022 0.9517 0.0550
vn 0.1747 0.9812 0.0826
vn -0.1135 -0.1792 -0.9772
vn 0.2996 -0.0467 -0.9529
vn -0.1223 -0.1745 0.9770
vn -0.2096 -0.0599 0.9759
vn -0.2223 -0.1378 -0.9652
vn -0.3526 -0.0380 -0.9350
vn -0.2407 0.0647 -0.9684
vn -0.6356 0.5080 -0.5813
vn -0.8797 0.1960 -0.4332
vn -0.9953 0.0963 -0.0128
vn -0.8127 0.2874 0.5068
vn -0.5692 0.6109 0.5503
vn -0.7155 -0.1427 0.6839
vn -0.7044 -0.1271 0.6984
vn -0.5179 -0.1391 0.8441
vn -0.5809 -0.1424 0.8014
vn 0.9381 -0.0951 0.3331
vn 0.8863 -0.0453 0.4609
vn 0.9617 -0.0434 0.2708
vn -0.6317 -0.2943 -0.7172
vn -0.5873 -0.4570 -0.6681
vn -0.7727 0.3029 0.5579
vn -0.6719 0.5348 0.5124
vn -0.5658 0.5465 0.6175
vn -0.5079 0.7238 0.4670
vn 0.8428 -0.0024 0.5383
vn 0.8871 -0.4601 -0.0364
vn 0.9664 -0.1338 0.2193
vn 0.7925 -0.3968 0.4632
vn 0.4898 0.6956 0.5256
vn 0.5832 0.7042 0.4049
vn 0.4878 0.5491 0.6787
vn -0.4405 0.0338 0.8971
vn -0.3146 -0.0531 0.9477
vn -0.3312 -0.3444 0.8785
vn -0.1842 -0.3300 0.9258
vn -0.3111 -0.4165 -0.8543
vn -0.1711 -0.5080 -0.8442
vn -0.1494 -0.3779 -0.9137
vn 0.8977 -0.4016 -0.1814
vn 0.9883 -0.1514 -0.0168
vn -0.0759 0.1441 -0.9866
vn 0.3623 0.2574 -0.8958
vn 0.2915 0.1138 -0.9498
vn -0.9734 -0.2022 -0.1081
vn -0.9897 -0.1258 -0.0689
vn -0.9318 -0.2627 -0.2503
vn -0.8759 -0.2215 -0.4286
vn -0.8816 -0.3613 -0.3038
vn 0.5421 -0.2034 0.8153
vn 0.6142 -0.0968 0.7832
vn 0.2322 -0.1784 0.9561
vn 0.3285 -0.4204 0.8458
vn -0.0126 -0.3490 0.9370
vn 0.2537 0.8596 -0.4436
vn 0.7135 0.2047 -0.6701
vn 0.7992 0.5002 -0.3332
vn 0.3023 -0.7974 -0.5223
vn -0.8387 -0.2154 0.5002
vn -0.7970 -0.0191 -0.6037
vn -0.9186 -0.0395 -0.3932
vn -0.6798 -0.3416 -0.6490
vn 0.0371 -0.1067 0.9936
vn 0.6210 -0.2591 0.7397
vn 0.5963 0.1802 0.7823
vn 0.3738 0.4110 0.8315
vn -0.8276 -0.5456 -0.1317
vn -0.8858 -0.4630 -0.0305
vn -0.6052 -0.4746 0.6391
vn -0.4309 -0.4398 0.7880
vn -0.8410 -0.1395 0.5228
vn -0.9399 -0.1488 0.3072
vn -0.2176 -0.1212 0.9685
vn -0.8788 -0.0799 -0.4705
vn -0.8841 -0.2236 -0.4103
vn -0.0954 -0.2452 -0.9648
vn -0.0412 -0.2204 -0.9745
vn -0.0203 -0.2534 -0.9671
vn 0.2728 0.0255 -0.9617
vn 0.4728 0.0346 -0.8805
vn 0.2523 0.0736 -0.9649
vn 0.5530 -0.8043 0.2173
vn 0.9591 -0.0087 -0.2828
vn 0.8429 -0.3829 -0.3779
vn 0.9568 -0.2894 -0.0284
vn 0.9045 -0.0151 0.4263
vn 0.3488 -0.0348 -0.9366
vn 0.2706 0.0918 -0.9583
vn 0.0264 0.0868 -0.9959
vn 0.1356 0.0641 -0.9887
vn -0.3956 -0.0977 0.9132
vn -0.8576 -0.0868 0.5069
vn -0.9913 0.0876 -0.0986
vn -0.9689 0.0296 -0.2459
vn 0.2563 -0.1158 -0.9596
vn 0.5727 -0.1403 -0.8077
vn 0.5206 -0.1519 -0.8402
vn 0.6632 -0.1245 0.7380
vn 0.6055 -0.0748 0.7924
vn 0.2338 0.0961 0.9675
vn 0.5813 -0.0641 0.8112
vn 0.5845 0.6949 0.4188
vn 0.7864 0.4703 0.4005
vn -0.4174 0.8838 0.2114
vn 0.9982 -0.0397 0.0460
vn 0.9715 -0.0391 -0.2338
vn 0.5549 0.8316 -0.0227
vn 0.2411 0.9704 0.0173
vn 0.4450 0.8266 -0.3446
vn -0.8932 0.4489 0.0264
vn -0.9949 0.0146 0.0993
vn -0.6356 -0.3520 -0.6871
vn -0.5787 0.0734 -0.8122
vn -0.5467 -0.1322 -0.8268
vn 0.9289 -0.1158 0.3517
vn -0.8592 -0.0681 -0.5072
vn -0.5403 -0.0595 -0.8394
vn -0.9972 0.0028 -0.0749
vn 0.5095 0.8336 -0.2135
vn 0.3369 0.8944 -0.2940
vn 0.4464 0.8916 -0.0762
vn -0.7302 -0.1730 -0.6610
vn -0.5475 -0.4658 -0.6952
vn 0.0318 -0.8943 -0.4462
vn -0.6401 -0.5800 -0.5039
vn -0.6869 -0.6944 -0.2144
vn 0.4144 0.1136 -0.9030
vn -0.8132 0.0709 0.5776
vn -0.6555 0.0583 0.7530
vn -0.5709 0.2211 0.7907
vn -0.3717 0.2477 0.8947
vn 0.2655 0.9371 -0.2268
vn 0.1897 0.8886 -0.4177
vn 0.7211 0.4017 -0.5645
vn 0.5783 0.6608 -0.4784
vn -0.8152 0.5774 0.0456
vn -0.8033 0.5787 -0.1411
vn 0.1090 -0.2456 0.9632
vn -0.3439 -0.1355 0.9292
vn 0.2732 -0.2834 0.9193
vn 0.3949 -0.1630 0.9042
vn 0.4253 -0.2682 0.8644
vn -0.5994 -0.2133 0.7715
vn -0.4064 -0.3163 0.8572
vn -0.0361 0.1123 -0.9930
vn 0.0521 0.0480 -0.9975
vn -0.6291 0.0689 0.7742
vn 0.7628 0.0471 -0.6449
vn 0.5321 0.1051 -0.8401
vn 0.0262 -0.9460 -0.3232
vn -0.2815 -0.9322 -0.2275
vn 0.2936 0.1929 -0.9363
vn 0.4778 0.3051 -0.8238
vn -0.4288 -0.0116 -0.9033
vn -0.5761 -0.3179 -0.7530
vn -0.2743 -0.1392 0.9515
vn -0.1583 -0.1039 0.9819
vn 0.8229 -0.1144 -0.5566
vn 0.8703 -0.0479 -0.4902
vn -0.4393 -0.4057 0.8015
vn -0.1842 -0.4396 0.8791
vn 0.1004 -0.3567 0.9288
vn 0.5122 -0.2832 -0.8108
vn -0.2001 -0.4206 -0.8849
vn 0.4545 -0.0921 0.8860
vn 0.4254 -0.0122 0.9049
vn 0.3371 0.0442 0.9404
vn 0.0981 -0.5452 -0.8326
vn 0.7239 -0.3494 -0.5949
vn 0.8081 -0.3113 -0.5000
vn 0.7757 -0.1705 -0.6076
vn 0.7533 -0.4649 -0.4653
vn 0.0737 0.9824 0.1715
vn -0.3496 0.8889 0.2960
vn -0.2966 0.7553 0.5844
vn 0.9515 0.3036 -0.0495
vn 0.7787 0.2976 -0.5523
vn 0.9975 -0.0176 0.0688
vn 0.9959 0.0433 0.0794
vn 0.9890 0.0210 -0.1461
vn 0.9973 -0.0328 -0.0661
vn 0.5672 -0.0195 0.8234
vn 0.6381 -0.0671 0.7671
vn 0.8359 -0.0202 0.5485
vn -0.0485 -0.0853 -0.9952
vn -0.9291 0.0208 -0.3693
vn -0.0880 0.0410 -0.9953
vn 0.1900 0.0794 -0.9786
vn 0.9874 0.1290 0.0911
vn -0.5715 0.2308 -0.7875
vn 0.4596 -0.1506 -0.8752
vn -0.5002 -0.8345 -0.2310
vn -0.0778 0.1932 0.9781
vn 0.2383 0.0671 0.9689
vn -0.2467 -0.0784 -0.9659
vn -0.4761 -0.1771 -0.8614
vn -0.6900 -0.0807 -0.7193
vn 0.2851 -0.3728 -0.8831
vn 0.1744 -0.4147 -0.8931
vn -0.8934 -0.3933 0.2171
vn -0.9370 -0.3149 0.1514
vn 0.9986 0.0525 -0.0101
vn 0.9230 0.3092 0.2292
vn 0.8907 0.2555 0.3759
vn 0.7048 -0.0694 0.7060
vn 0.5152 -0.1408 0.8454
vn -0.7471 0.5552 -0.3654
vn 0.2751 -0.4612 0.8435
vn 0.5040 -0.7193 0.4782
vn 0.5652 -0.4379 0.6991
vn 0.4131 0.1827 0.8922
vn 0.5445 0.2042 0.8135
vn 0.1474 0.1790 -0.9727
vn -0.1144 0.1402 -0.9835
vn -0.2864 -0.5080 0.8124
vn -0.7857 -0.1667 0.5957
vn -0.3472 0.9377 0.0140
vn 0.3741 0.9272 -0.0166
vn -0.9286 -0.0887 0.3602
vn -0.9509 0.0214 0.3087
vn -0.9465 0.0387 0.3205
vn -0.9435 0.0803 -0.3215
vn 0.9934 -0.0351 -0.1090
vn 0.9725 -0.0570 -0.2257
vn 0.9709 0.0604 -0.2317
vn 0.9408 0.0429 -0.3363
vn -0.7220 0.3651 -0.5878
vn 0.9092 -0.1355 -0.3936
vn 0.8480 0.0304 -0.5291
vn 0.9037 0.0219 -0.4277
vn 0.3889 0.4606 0.7979
vn -0.6806 0.7054 0.1978
vn -0.7580 0.2918 0.5834
vn -0.7929 0.2466 0.5572
vn 0.1158 -0.4041 -0.9074
vn 0.0845 -0.4781 -0.8742
vn -0.2222 -0.2982 -0.9283
vn 0.3845 0.1956 -0.9022
vn 0.4849 0.2592 -0.8353
vn 0.9874 -0.0283 0.1559
vn 0.4297 0.8460 -0.3156
vn 0.6413 0.7639 0.0717
vn -0.6432 -0.2425 0.7263
vn -0.3341 0.0571 0.9408
vn 0.1045 0.9817 -0.1592
vn -0.8912 -0.2433 0.3827
vn -0.7906 -0.3701 -0.4879
vn 0.0068 -0.6348 0.7726
vn 0.1097 -0.6318 0.7673
vn 0.1913 -0.4752 0.8588
vn 0.4195 -0.3329 0.8445
vn 0.1179 -0.1310 0.9844
vn -0.1188 -0.1528 0.9811
vn 0.6255 0.3181 -0.7125
vn 0.7399 0.4186 -0.5266
vn 0.8364 0.4298 -0.3402
vn 0.8811 -0.2614 -0.3941
vn 0.1667 -0.0655 -0.9838
vn -0.0381 -0.1719 -0.9844
vn -0.2540 -0.2572 -0.9324
vn 0.9389 0.0866 0.3330
vn -0.9590 0.1443 -0.2440
vn -0.3132 -0.9122 -0.2643
vn 0.1304 -0.9884 0.0780
vn -0.8225 0.0198 0.5685
vn -0.9461 -0.0078 0.3238
vn -0.7892 0.1107 0.6041
vn 0.4156 -0.3959 0.8188
vn 0.6989 -0.6030 -0.3846
vn 0.8261 -0.5561 0.0917
vn 0.8590 -0.4947 -0.1320
vn 0.3438 0.7118 -0.6125
vn 0.4500 -0.3523 0.8206
vn 0.2976 -0.7329 0.6118
vn 0.5433 -0.6378 0.5459
vn 0.1099 -0.5157 0.8497
vn 0.6268 -0.2484 0.7385
vn 0.7729 -0.2378 0.5883
vn -0.3001 0.9297 0.2136
vn -0.4551 0.8904 0.0068
vn -0.3275 0.2407 -0.9137
vn -0.2560 0.1775 -0.9502
vn -0.2221 0.3696 -0.9022
vn -0.6121 0.0237 -0.7904
vn -0.0718 0.0065 -0.9974
vn -0.4669 0.0294 -0.8838
vn -0.6385 -0.0487 -0.7681
vn -0.7950 -0.0068 -0.6066
vn 0.5211 0.8040 0.2865
vn -0.8816 0.1615 0.4435
vn -0.9125 0.0661 0.4037
vn -0.7984 -0.0323 0.6012
vn 0.8868 -0.0934 -0.4527
vn 0.8222 -0.0575 -0.5663
vn -0.7829 0.1438 0.6053
vn -0.7839 -0.0295 0.6201
vn 0.9160 -0.3562 0.1848
vn 0.7113 -0.3804 0.5911
vn -0.3964 0.8049 -0.4415
vn -0.4859 0.4759 -0.7331
vn 0.1636 -0.1947 -0.9671
vn 0.2220 -0.0766 -0.9720
vn 0.2453 0.2054 -0.9474
vn -0.4967 -0.3834 -0.7787
vn -0.5840 0.0155 -0.8116
vn -0.7799 -0.0342 -0.6249
vn 0.9462 -0.2553 -0.1987
vn 0.1109 -0.1691 -0.9793
vn -0.7170 -0.3197 -0.6194
vn 0.4546 0.3986 -0.7966
vn 0.5872 0.0756 -0.8059
vn -0.1108 0.5114 -0.8522
vn -0.1633 0.2398 -0.9570
vn -0.8278 -0.1345 0.5446
vn -0.0486 -0.6429 0.7644
vn -0.0570 0.1156 0.9917
vn 0.2080 -0.0131 0.9780
vn 0.2361 0.4814 0.8441
vn 0.0550 0.4464 0.8932
vn -0.9473 -0.0433 0.3175
vn 0.3116 -0.4457 0.8392
vn -0.0941 -0.3769 0.9215
vn 0.3584 -0.8875 -0.2895
vn 0.5659 -0.6875 -0.4550
vn 0.6436 -0.7223 -0.2532
vn -0.8708 0.3452 -0.3501
vn -0.9520 0.2837 -0.1151
vn 0.2659 0.0993 0.9589
vn -0.7722 0.5098 0.3792
vn -0.9938 -0.0676 0.0885
vn -0.9958 -0.0023 0.0910
vn 0.0927 0.1344 -0.9866
vn -0.9328 -0.2568 0.2528
vn -0.8723 -0.4676 0.1429
vn -0.6445 -0.7623 -0.0588
vn 0.9630 -0.0358 -0.2672
vn -0.1718 -0.1569 0.9725
vn -0.2926 -0.3538 0.8884
vn -0.4487 -0.1770 0.8760
vn -0.2921 -0.2166 0.9315
vn 0.6695 -0.0313 -0.7421
vn 0.2394 -0.8317 0.5009
vn 0.8034 -0.3649 0.4705
vn 0.4771 -0.5199 0.7086
vn 0.4972 -0.4671 0.7312
vn 0.0641 -0.6788 0.7315
vn -0.3378 0.1588 0.9277
vn -0.4935 -0.8684 -0.0494
vn -0.7035 -0.7094 -0.0431
vn -0.2049 -0.9708 0.1244
vn 0.3672 -0.9005 -0.2330
vn -0.0733 -0.0328 -0.9968
vn -0.1134 -0.2234 -0.9681
vn 0.8198 -0.0107 -0.5725
vn 0.4195 0.1901 -0.8876
vn 0.7330 0.2373 -0.6375
vn -0.3419 -0.0327 -0.9392
vn -0.1752 -0.0894 -0.9805
vn -0.3182 -0.1286 -0.9393
vn -0.9472 -0.1250 -0.2951
vn -0.7313 -0.0171 -0.6818
vn -0.7676 -0.2429 -0.5931
vn -0.7809 0.4454 0.4380
vn -0.9368 -0.2251 -0.2679
vn -0.8589 -0.2814 -0.4279
vn -0.6893 -0.2859 -0.6656
vn 0.8285 -0.1022 0.5505
vn 0.9760 0.0258 0.2162
vn 0.9682 -0.0870 0.2347
vn 0.8808 -0.2061 0.4263
vn 0.8901 -0.4545 -0.0334
vn 0.8305 -0.4261 0.3586
vn 0.8629 -0.4855 -0.1404
vn -0.1264 -0.9629 0.2383
vn -0.3754 -0.9081 0.1855
vn 0.5863 0.1987 0.7854
vn 0.4863 0.1610 0.8588
vn 0.6179 0.1320 0.7751
vn 0.6164 0.0321 0.7867
vn -0.8113 -0.3541 0.4651
vn 0.5966 -0.0120 0.8025
vn 0.5150 -0.0900 0.8525
vn -0.9981 -0.0573 0.0223
vn -0.1576 -0.9383 -0.3079
vn -0.5428 -0.7817 -0.3071
vn 0.9997 0.0162 -0.0174
vn 0.9918 0.0686 -0.1079
vn 0.9653 -0.0250 -0.2598
vn -0.9605 0.1350 -0.2433
vn -0.7724 0.4376 -0.4603
vn -0.9914 -0.0903 -0.0945
vn -0.9741 -0.1205 0.1916
vn 0.6920 0.0817 -0.7173
vn -0.4899 0.0122 -0.8717
vn -0.3826 0.0225 -0.9236
vn -0.2324 0.0188 -0.9724
vn 0.0161 0.0626 -0.9979
vn -0.1002 0.3761 -0.9211
vn -0.3270 0.4199 -0.8466
vn -0.4038 0.3376 -0.8503
vn 0.0892 -0.0301 0.9956
vn 0.2241 -0.1573 0.9618
vn 0.5781 0.7026 0.4149
vn -0.6548 -0.7492 0.0995
vn -0.8751 -0.4374 0.2073
vn -0.9232 -0.3464 -0.1667
vn 0.0074 -0.0053 -1.0000
vn -0.1813 -0.0094 -0.9834
vn 0.1800 0.2124 0.9605
vn 0.1337 0.1054 0.9854
vn 0.0596 0.2040 0.9772
vn -0.8567 -0.0806 -0.5094
vn -0.8545 -0.0612 -0.5159
vn -0.0753 -0.1321 -0.9884
vn 0.0058 -0.1019 -0.9948
vn 0.1466 -0.9837 -0.1042
vn -0.6505 -0.7238 -0.2304
vn -0.3983 -0.8599 -0.3191
vn -0.3298 0.2075 0.9210
vn -0.1087 0.2172 -0.9701
vn 0.7411 -0.3313 -0.5840
vn 0.6586 -0.2803 -0.6983
vn -0.6892 0.6948 -0.2054
vn -0.6815 -0.1508 0.7161
vn -0.0459 -0.4981 -0.8659
vn 0.9841 0.0594 0.1674
vn 0.9517 0.0343 0.3052
vn 0.9478 0.0127 0.3185
vn -0.4002 0.8499 -0.3429
vn -0.6968 0.2538 -0.6709
vn 0.7718 -0.4065 0.4890
vn 0.7695 -0.4245 0.4772
vn 0.7532 -0.3067 0.5819
vn -0.6091 0.5298 -0.5902
vn 0.7292 0.2130 0.6503
vn -0.2871 0.2048 -0.9358
vn 0.9838 -0.0403 -0.1744
vn 0.9980 -0.0007 -0.0638
vn -0.6355 -0.4223 0.6464
vn -0.2320 0.6910 0.6846
vn -0.2057 -0.8399 -0.5022
vn 0.0657 -0.9278 -0.3671
vn -0.3156 -0.9045 -0.2868
vn 0.3898 -0.1848 -0.9022
vn -0.6530 0.2606 0.7111
vn -0.7522 -0.0052 -0.6589
vn -0.9496 -0.0498 -0.3095
vn 0.8007 0.3684 0.4723
vn 0.9012 -0.2913 0.3209
vn -0.4282 -0.3998 0.8104
vn -0.0219 -0.0430 0.9988
vn -0.1961 -0.0986 0.9756
vn -0.8796 -0.0888 0.4673
vn -0.9083 0.3382 0.2463
vn 0.1639 0.0854 -0.9828
vn 0.8964 0.3273 0.2989
vn 0.1661 0.0467 -0.9850
vn 0.3055 -0.0187 -0.9520
vn -0.8308 0.0015 -0.5566
vn 0.6529 -0.0549 0.7554
vn 0.9966 0.0443 -0.0697
vn 0.9721 0.0329 0.2322
vn 0.9367 0.1061 -0.3337
vn 0.9718 0.0763 -0.2231
vn 0.5131 0.0559 -0.8565
vn 0.6610 0.0470 -0.7489
vn -0.0821 0.8152 0.5733
vn 0.7343 -0.3382 0.5886
vn -0.3706 -0.0841 0.9250
vn -0.5672 -0.5698 -0.5946
vn -0.0279 -0.8465 -0.5317
vn 0.9190 0.1585 -0.3610
vn 0.2375 -0.2580 -0.9365
vn -0.0889 0.0926 -0.9917
vn -0.9841 0.0567 -0.1681
vn -0.9835 0.0011 -0.1810
vn -0.9189 -0.0065 -0.3945
vn -0.4695 -0.3465 -0.8121
vn -0.3770 -0.4110 -0.8300
vn -0.7475 -0.1051 0.6559
vn -0.8401 -0.1328 0.5260
vn -0.7038 -0.1549 0.6933
vn 0.9192 0.3304 0.2142
vn -0.4058 -0.4133 -0.8152
vn -0.1703 -0.3351 -0.9267
vn 0.9122 0.3759 0.1630
vn -0.3355 0.4483 0.8285
vn 0.0034 0.2500 -0.9682
vn -0.7416 0.6606 -0.1170
vn -0.9536 0.2987 0.0365
vn 0.2075 -0.6771 -0.7061
vn -0.6052 -0.2855 0.7431
vn -0.1832 0.2262 0.9567
vn -0.0335 0.7532 -0.6570
vn 0.5719 0.5951 -0.5646
vn 0.1082 -0.0405 -0.9933
vn 0.1540 0.3718 -0.9155
vn -0.8553 -0.1335 0.5007
vn -0.1819 -0.1856 -0.9656
vn -0.2954 -0.2371 -0.9255
vn 0.6753 -0.3789 -0.6328
vn 0.7724 -0.2250 0.5940
vn 0.8460 -0.2088 0.4905
vn -0.9982 0.0605 0.0045
vn -0.9944 0.0243 0.1026
vn 0.2235 -0.2369 0.9455
vn 0.1500 -0.0233 -0.9884
vn 0.6714 0.2310 -0.7042
vn -0.9381 -0.1928 0.2876
vn -0.8748 -0.1635 0.4560
vn -0.8412 -0.0389 0.5393
vn 0.4942 0.0315 0.8688
vn -0.4390 -0.1818 0.8799
vn -0.1347 -0.9473 0.2906
vn 0.7286 0.0307 0.6843
vn -0.4968 0.7278 0.4728
vn 0.2563 0.9457 -0.1998
vn 0.5985 0.7424 -0.3012
vn 0.3525 0.1179 0.9284
vn 0.2093 0.0921 0.9735
vn -0.7409 -0.4449 0.5032
vn 0.1921 0.9677 -0.1633
vn 0.2812 0.9595 -0.0171
vn -0.8817 0.1244 -0.4552
vn -0.3754 0.8773 0.2991
vn -0.0183 -0.2246 -0.9743
vn -0.0413 -0.9470 0.3185
vn -0.7086 0.5957 0.3782
vn 0.3625 -0.8770 -0.3155
vn 0.3503 0.8712 0.3440
vn -0.6046 0.7818 -0.1522
vn 0.1261 0.1237 0.9843
vn -0.4803 0.0779 0.8736
vn -0.1867 0.1013 0.9772
vn 0.0902 -0.4349 0.8960
vn 0.1951 0.1673 0.9664
vn -0.5234 0.6722 -0.5237
vn -0.9300 -0.0695 0.3609
vn -0.2596 0.7839 0.5641
vn 0.5771 0.7794 -0.2437
vn 0.6229 0.7761 0.0982
vn 0.1795 -0.1783 0.9675
vn -0.3713 -0.1013 0.9230
vn 0.6029 -0.2934 -0.7419
vn 0.8894 -0.2198 0.4008
vn 0.7894 -0.1681 0.5904
vn 0.9770 -0.0341 -0.2104
vn 0.9152 -0.0070 -0.4030
vn 0.1534 0.8232 -0.5466
vn 0.9777 -0.1981 -0.0703
vn 0.7723 -0.5890 -0.2379
vn -0.9476 0.0753 0.3105
vn 0.1946 -0.0731 -0.9782
vn 0.0690 -0.1477 -0.9866
vn 0.7401 -0.0207 0.6721
vn 0.9852 0.0053 0.1711
vn -0.9184 -0.2539 -0.3036
vn -0.5138 0.6148 -0.5984
vn -0.7428 0.0780 0.6650
vn -0.4487 -0.6395 -0.6243
vn -0.1616 -0.8788 -0.4489
vn -0.8031 -0.5717 0.1680
vn -0.7929 -0.4633 0.3959
vn -0.7434 0.1001 0.6613
vn 0.5575 0.3728 0.7417
vn 0.9314 0.1906 0.3102
vn -0.7402 -0.1678 -0.6512
vn 0.5584 -0.2239 -0.7988
vn -0.9854 -0.1508 -0.0796
vn -0.7916 -0.5835 -0.1813
vn -0.6840 -0.6982 -0.2113
vn 0.1653 -0.6244 -0.7634
vn 0.5288 -0.0323 -0.8482
vn -0.9565 -0.0693 -0.2832
vn -0.9728 0.2262 0.0498
vn 0.9843 0.0111 -0.1761
vn -0.1961 0.0839 0.9770
vn -0.6918 -0.2453 0.6792
vn -0.8604 -0.2387 0.4502
vn -0.3787 0.1923 0.9053
vn 0.0448 0.9479 -0.3153
vn 0.6420 0.1527 0.7513
vn 0.1494 -0.4889 -0.8594
vn -0.3545 0.9317 0.0791
vn 0.3877 -0.2889 -0.8754
vn -0.9752 -0.1384 -0.1728
vn -0.9638 -0.1997 0.1765
vn -0.9021 -0.0044 -0.4315
vn -0.9476 -0.0349 0.3177
vn -0.9905 -0.1011 0.0930
vn 0.0323 -0.8832 -0.4679
vn -0.2367 -0.5975 -0.7661
vn 0.9360 0.0578 -0.3473
vn 0.2029 -0.2403 -0.9492
vn -0.6483 -0.1478 0.7469
vn 0.7625 -0.2040 -0.6140
vn -0.2460 -0.5631 0.7889
vn -0.8089 0.0021 -0.5879
vn -0.9103 -0.2257 0.3470
vn 0.4746 0.0331 -0.8796
vn 0.9170 0.0761 0.3915
vn -0.1500 -0.5244 0.8381
vn 0.7354 0.0197 0.6774
vn 0.8677 0.0330 0.4959
vn 0.0440 0.8526 0.5206
vn 0.9823 0.0103 -0.1872
vn 0.9116 0.2999 -0.2810
vn 0.1427 0.2270 0.9634
vn -0.9552 0.0638 -0.2892
vn -0.6415 -0.2303 -0.7317
vn -0.9419 0.1899 -0.2769
vn 0.7884 -0.0277 0.6145
vn 0.4059 -0.0171 -0.9138
vn -0.4190 0.8997 -0.1226
vn -0.9973 -0.0302 -0.0667
vn -0.5494 -0.2944 -0.7820
vn -0.9179 -0.3074 0.2509
vn -0.3079 -0.3434 -0.8873
vn 0.0632 -0.0748 0.9952
vn 0.8459 -0.0401 -0.5318
vn -0.8751 -0.0830 0.4768
vn 0.7725 0.2263 0.5933
vn -0.9311 -0.1886 -0.3121
vn -0.3006 -0.0108 -0.9537
vn 0.5876 -0.2958 0.7531
vn 0.0686 -0.0359 0.9970
vn -0.5617 0.0043 -0.8273
vn -0.3054 0.0587 -0.9504
vn -0.8552 -0.1309 -0.5015
vn -0.7958 -0.1005 -0.5972
vn -0.9834 0.0019 0.1814
vn -0.0644 0.3988 -0.9148
vn 0.9626 -0.1761 0.2061
vn 0.6468 -0.0433 -0.7614
vn 0.8229 -0.5503 -0.1411
vn 0.6554 -0.1628 -0.7375
vn -0.2276 0.6341 0.7390
vn 0.9973 -0.0112 -0.0730
vn 0.4061 -0.0004 -0.9138
vn 0.1497 -0.3115 0.9384
vn 0.9253 -0.3757 -0.0521
vn 0.4755 -0.0335 -0.8791
vn -0.8229 0.1684 0.5426
vn 0.6521 0.7261 0.2180
vn 0.8099 -0.3684 -0.4564
vn -0.9528 -0.1291 0.2748
vn 0.9613 -0.2555 -0.1033
vn 0.0432 -0.9468 0.3188
vn 0.9652 -0.0923 0.2447
vt 0.607100 0.011400
vt 0.451800 0.640400
vt 0.599900 0.054300
vt 0.593000 0.016600
vt 0.441300 0.644800
vt 0.588000 0.803000
vt 0.629900 0.757500
vt 0.654800 0.823500
vt 0.151100 0.805800
vt 0.167900 0.816500
vt 0.143800 0.827500
vt 0.443000 0.329500
vt 0.449600 0.386300
vt 0.432600 0.365200
vt 0.433500 0.539800
vt 0.411000 0.513700
vt 0.463300 0.527400
vt 0.811600 0.824800
vt 0.778600 0.778100
vt 0.817400 0.768700
vt 0.431900 0.089600
vt 0.419600 0.112100
vt 0.411500 0.096500
vt 0.916700 0.437900
vt 0.911400 0.444500
vt 0.961700 0.478000
vt 0.587100 0.061500
vt 0.571000 0.078500
vt 0.553000 0.026100
vt 0.411300 0.647200
vt 0.235200 0.961800
vt 0.247500 0.926500
vt 0.273200 0.952500
vt 0.236600 0.058100
vt 0.256600 0.026800
vt 0.261300 0.080800
vt 0.395100 0.101200
vt 0.400700 0.116900
vt 0.388700 0.116900
vt 0.927800 0.286600
vt 0.881400 0.294400
vt 0.911700 0.305100
vt 0.856600 0.414400
vt 0.874000 0.425000
vt 0.871600 0.404400
vt 0.167400 0.698200
vt 0.160100 0.673800
vt 0.195400 0.672300
vt 0.322600 0.727400
vt 0.362100 0.756700
vt 0.332600 0.755500
vt 0.658600 0.201900
vt 0.657300 0.188900
vt 0.672500 0.195400
vt 0.689700 0.109800
vt 0.717300 0.081600
vt 0.714200 0.110300
vt 0.898100 0.901500
vt 0.889900 0.918600
vt 0.885000 0.906300
vt 0.331700 0.720500
vt 0.347800 0.683300
vt 0.363800 0.735200
vt 0.824200 0.625900
vt 0.837800 0.595900
vt 0.859400 0.632400
vt 0.630500 0.690500
vt 0.651100 0.702900
vt 0.618700 0.731800
vt 0.474500 0.279900
vt 0.448200 0.286600
vt 0.470700 0.262200
vt 0.771600 0.485200
vt 0.426300 0.215000
vt 0.764300 0.477100
vt 0.441000 0.223100
vt 0.235700 0.014200
vt 0.432400 0.230900
vt 0.109100 0.354300
vt 0.117700 0.324900
vt 0.123200 0.342800
vt 0.602800 0.745500
vt 0.728400 0.105400
vt 0.737900 0.080600
vt 0.752700 0.102700
vt 0.221600 0.316400
vt 0.224500 0.272900
vt 0.245400 0.297700
vt 0.198600 0.843000
vt 0.232000 0.828200
vt 0.236600 0.861700
vt 0.212400 0.870900
vt 0.325500 0.846500
vt 0.341500 0.837400
vt 0.331700 0.876300
vt 0.593700 0.190600
vt 0.598600 0.156600
vt 0.615600 0.158000
vt 0.086800 0.891800
vt 0.092500 0.866500
vt 0.119800 0.887100
vt 0.684000 0.253300
vt 0.666800 0.219300
vt 0.690800 0.232500
vt 0.318600 0.074400
vt 0.300300 0.090800
vt 0.310700 0.051100
vt 0.737000 0.588800
vt 0.715100 0.573900
vt 0.742400 0.580500
vt 0.017200 0.266200
vt 0.021000 0.244000
vt 0.029700 0.270800
vt 0.576900 0.345300
vt 0.589800 0.345000
vt 0.598200 0.354600
vt 0.373600 0.409500
vt 0.366000 0.357800
vt 0.388700 0.370900
vt 0.219900 0.533300
vt 0.193900 0.561400
vt 0.153800 0.542000
vt 0.208500 0.489800
vt 0.179900 0.482000
vt 0.209000 0.474200
vt 0.845300 0.873200
vt 0.896200 0.840600
vt 0.891300 0.868800
vt 0.364300 0.210400
vt 0.364400 0.230700
vt 0.349300 0.239900
vt 0.268100 0.219400
vt 0.283200 0.186100
vt 0.270600 0.237300
vt 0.771500 0.896500
vt 0.796800 0.925300
vt 0.757300 0.927400
vt 0.669600 0.933500
vt 0.648700 0.972900
vt 0.146800 0.659400
vt 0.643900 0.931700
vt 0.926300 0.525100
vt 0.939300 0.508300
vt 0.911100 0.493600
vt 0.969200 0.218300
vt 0.432500 0.250400
vt 0.990700 0.224400
vt 0.986600 0.185000
vt 0.422300 0.271800
vt 0.865500 0.320300
vt 0.909300 0.335000
vt 0.904900 0.315000
vt 0.796500 0.430600
vt 0.759000 0.403900
vt 0.757400 0.417700
vt 0.758200 0.020300
vt 0.560900 0.637500
vt 0.547900 0.593100
vt 0.576100 0.621400
vt 0.780600 0.013700
vt 0.600300 0.947500
vt 0.588200 0.961800
vt 0.815200 0.007800
vt 0.584100 0.948600
vt 0.481300 0.442200
vt 0.493000 0.476800
vt 0.452700 0.456200
vt 0.536800 0.543800
vt 0.550000 0.534200
vt 0.554600 0.556100
vt 0.453700 0.892500
vt 0.534900 0.189600
vt 0.424400 0.838600
vt 0.530200 0.155700
vt 0.473500 0.867300
vt 0.418900 0.759300
vt 0.451400 0.732400
vt 0.485400 0.055700
vt 0.492900 0.072400
vt 0.458700 0.755900
vt 0.191000 0.637000
vt 0.146400 0.474900
vt 0.157500 0.633100
vt 0.195000 0.629100
vt 0.167200 0.494500
vt 0.168000 0.507000
vt 0.156100 0.506200
vt 0.113000 0.364200
vt 0.101900 0.382500
vt 0.101600 0.368100
vt 0.033700 0.412000
vt 0.040600 0.347400
vt 0.038100 0.388000
vt 0.830700 0.652300
vt 0.855000 0.652000
vt 0.927900 0.708900
vt 0.321400 0.401600
vt 0.317000 0.423700
vt 0.924900 0.726800
vt 0.910200 0.699300
vt 0.366600 0.533800
vt 0.341800 0.542500
vt 0.286100 0.395600
vt 0.336600 0.536200
vt 0.269700 0.608300
vt 0.258100 0.620700
vt 0.242500 0.606500
vt 0.521500 0.411200
vt 0.507100 0.386300
vt 0.525800 0.391000
vt 0.563600 0.311300
vt 0.441800 0.611700
vt 0.507400 0.581100
vt 0.529800 0.599900
vt 0.516700 0.613400
vt 0.901900 0.370900
vt 0.915700 0.357200
vt 0.885900 0.357200
vt 0.767500 0.594800
vt 0.739400 0.608200
vt 0.292500 0.824000
vt 0.252100 0.861200
vt 0.310400 0.883500
vt 0.633000 0.241100
vt 0.655300 0.255900
vt 0.639400 0.267100
vt 0.620500 0.191300
vt 0.608300 0.189900
vt 0.612400 0.166900
vt 0.228400 0.928200
vt 0.212900 0.955700
vt 0.201500 0.926100
vt 0.112800 0.897500
vt 0.139800 0.931600
vt 0.117500 0.923500
vt 0.252100 0.731300
vt 0.225500 0.723600
vt 0.267600 0.718000
vt 0.266700 0.745300
vt 0.283800 0.728600
vt 0.286900 0.758800
vt 0.789200 0.769200
vt 0.829500 0.713300
vt 0.832000 0.751000
vt 0.669400 0.668200
vt 0.640600 0.676400
vt 0.668100 0.640400
vt 0.679500 0.208600
vt 0.765600 0.117100
vt 0.796700 0.157900
vt 0.057400 0.859700
vt 0.757600 0.153500
vt 0.082800 0.592000
vt 0.130500 0.610900
vt 0.100700 0.612900
vt 0.196300 0.582900
vt 0.174500 0.575900
vt 0.207000 0.580600
vt 0.088100 0.376100
vt 0.081800 0.403600
vt 0.069700 0.387800
vt 0.120600 0.469800
vt 0.031900 0.440700
vt 0.121700 0.450500
vt 0.139900 0.437700
vt 0.389600 0.169300
vt 0.401600 0.177900
vt 0.206100 0.105400
vt 0.388000 0.215300
vt 0.978100 0.942700
vt 0.958100 0.943000
vt 0.954900 0.929400
vt 0.237700 0.241200
vt 0.714700 0.835700
vt 0.699800 0.817100
vt 0.721200 0.804900
vt 0.734400 0.895000
vt 0.713600 0.921200
vt 0.704500 0.892600
vt 0.361700 0.093600
vt 0.367000 0.067200
vt 0.379800 0.077400
vt 0.689900 0.616300
vt 0.656800 0.605800
vt 0.674300 0.573800
vt 0.133600 0.688700
vt 0.155800 0.725800
vt 0.123700 0.745700
vt 0.798200 0.111700
vt 0.038400 0.807300
vt 0.041600 0.754900
vt 0.798800 0.072000
vt 0.066600 0.819100
vt 0.904300 0.908700
vt 0.410500 0.726300
vt 0.413600 0.695700
vt 0.881400 0.990900
vt 0.446200 0.703400
vt 0.478500 0.033800
vt 0.907800 0.984700
vt 0.187900 0.261000
vt 0.579300 0.827500
vt 0.631800 0.851200
vt 0.607900 0.868000
vt 0.554100 0.853300
vt 0.224700 0.251900
vt 0.554400 0.872300
vt 0.588500 0.533200
vt 0.248900 0.253800
vt 0.533900 0.867300
vt 0.379100 0.534600
vt 0.351700 0.523900
vt 0.374200 0.516400
vt 0.347200 0.467700
vt 0.332600 0.457800
vt 0.332500 0.416800
vt 0.905500 0.270500
vt 0.900100 0.256500
vt 0.872900 0.263800
vt 0.989000 0.232700
vt 0.434600 0.249200
vt 0.972200 0.225600
vt 0.955500 0.244100
vt 0.229800 0.415400
vt 0.252900 0.423000
vt 0.189700 0.463200
vt 0.273700 0.397300
vt 0.256500 0.396400
vt 0.260600 0.384800
vt 0.823100 0.374800
vt 0.817800 0.385500
vt 0.841100 0.391000
vt 0.973400 0.816400
vt 0.745200 0.337300
vt 0.988100 0.833100
vt 0.971500 0.857500
vt 0.352800 0.845700
vt 0.367900 0.888600
vt 0.350700 0.892300
vt 0.611400 0.247200
vt 0.616000 0.281300
vt 0.600300 0.272000
vt 0.364200 0.975300
vt 0.658700 0.162100
vt 0.664000 0.149900
vt 0.673400 0.159000
vt 0.620800 0.136900
vt 0.624100 0.159200
vt 0.608500 0.147800
vt 0.130900 0.505400
vt 0.137800 0.497900
vt 0.071200 0.592900
vt 0.079800 0.599200
vt 0.068600 0.601100
vt 0.085900 0.545700
vt 0.112900 0.560000
vt 0.089900 0.565800
vt 0.152300 0.552200
vt 0.163300 0.570300
vt 0.150400 0.343200
vt 0.142100 0.335200
vt 0.146300 0.323300
vt 0.146300 0.396200
vt 0.162500 0.398300
vt 0.120900 0.438400
vt 0.260700 0.338300
vt 0.266800 0.314700
vt 0.272700 0.320500
vt 0.582600 0.509700
vt 0.544900 0.503000
vt 0.584500 0.504100
vt 0.058600 0.224100
vt 0.047300 0.250400
vt 0.611800 0.479800
vt 0.053200 0.207100
vt 0.093300 0.287100
vt 0.115700 0.262500
vt 0.114000 0.303300
vt 0.782800 0.450700
vt 0.758100 0.427700
vt 0.767700 0.452200
vt 0.721300 0.411500
vt 0.947500 0.823300
vt 0.712800 0.430000
vt 0.943900 0.836900
vt 0.723800 0.426700
vt 0.443900 0.604300
vt 0.422400 0.600600
vt 0.428400 0.582500
vt 0.374100 0.572600
vt 0.906500 0.927300
vt 0.369200 0.585700
vt 0.921900 0.914900
vt 0.368500 0.568400
vt 0.251700 0.231200
vt 0.263300 0.240400
vt 0.239100 0.235100
vt 0.227400 0.095100
vt 0.228400 0.065500
vt 0.240700 0.112600
vt 0.487700 0.257400
vt 0.490300 0.090900
vt 0.477900 0.095200
vt 0.482500 0.072700
vt 0.506000 0.264800
vt 0.409100 0.142200
vt 0.430800 0.137600
vt 0.409400 0.156100
vt 0.143000 0.459200
vt 0.025800 0.414700
vt 0.039300 0.431800
vt 0.071200 0.440800
vt 0.077600 0.444300
vt 0.054100 0.438100
vt 0.218800 0.677600
vt 0.242400 0.664800
vt 0.246100 0.678200
vt 0.316700 0.669800
vt 0.311600 0.692500
vt 0.294900 0.669800
vt 0.849000 0.434900
vt 0.864100 0.440000
vt 0.897500 0.533900
vt 0.900700 0.507000
vt 0.889800 0.495800
vt 0.621600 0.067600
vt 0.620300 0.040300
vt 0.641100 0.086400
vt 0.675700 0.135800
vt 0.402800 0.338400
vt 0.423700 0.333500
vt 0.958600 0.165400
vt 0.893200 0.567000
vt 0.880100 0.524700
vt 0.944100 0.207600
vt 0.969000 0.177700
vt 0.320500 0.157800
vt 0.313800 0.190200
vt 0.310800 0.158700
vt 0.983700 0.966200
vt 0.083500 0.534000
vt 0.094300 0.522900
vt 0.122100 0.525200
vt 0.060200 0.615100
vt 0.055500 0.510500
vt 0.059500 0.519500
vt 0.053100 0.606200
vt 0.050000 0.522800
vt 0.116600 0.683000
vt 0.105400 0.734000
vt 0.084100 0.678700
vt 0.825100 0.020600
vt 0.595200 0.977900
vt 0.633300 0.979100
vt 0.129700 0.670500
vt 0.552700 0.196100
vt 0.541000 0.143100
vt 0.566100 0.147300
vt 0.517600 0.054500
vt 0.556800 0.106800
vt 0.511800 0.073300
vt 0.208700 0.756900
vt 0.219000 0.770400
vt 0.195800 0.762800
vt 0.129100 0.749500
vt 0.155800 0.750500
vt 0.708500 0.657800
vt 0.736600 0.677300
vt 0.714200 0.703900
vt 0.792900 0.619500
vt 0.809200 0.609100
vt 0.949700 0.783600
vt 0.924800 0.801600
vt 0.905300 0.752400
vt 0.839300 0.812600
vt 0.846400 0.763600
vt 0.881800 0.819700
vt 0.106500 0.930800
vt 0.091600 0.908000
vt 0.740600 0.200700
vt 0.070200 0.928600
vt 0.760600 0.213100
vt 0.736600 0.241300
vt 0.113000 0.387200
vt 0.100800 0.415200
vt 0.103500 0.389800
vt 0.080300 0.435800
vt 0.085200 0.441400
vt 0.862000 0.280100
vt 0.986900 0.846100
vt 0.748400 0.320700
vt 0.968900 0.863700
vt 0.732300 0.208300
vt 0.715500 0.237100
vt 0.707800 0.205300
vt 0.685800 0.156400
vt 0.691300 0.137500
vt 0.705100 0.139100
vt 0.312100 0.948200
vt 0.341800 0.941700
vt 0.366900 0.965700
vt 0.297400 0.948900
vt 0.305100 0.916500
vt 0.328600 0.916100
vt 0.569100 0.174200
vt 0.567600 0.206000
vt 0.574800 0.260200
vt 0.386800 0.954300
vt 0.586000 0.222400
vt 0.596800 0.227100
vt 0.432300 0.479900
vt 0.466500 0.496200
vt 0.445700 0.514300
vt 0.538900 0.521800
vt 0.207000 0.349400
vt 0.239900 0.316200
vt 0.227500 0.356900
vt 0.024100 0.357700
vt 0.033900 0.318000
vt 0.520700 0.329800
vt 0.530700 0.335800
vt 0.531200 0.366200
vt 0.457300 0.309600
vt 0.484500 0.288100
vt 0.495400 0.337300
vt 0.326900 0.622200
vt 0.336300 0.617500
vt 0.266400 0.374300
vt 0.326100 0.522700
vt 0.250800 0.383600
vt 0.325700 0.636800
vt 0.342700 0.487500
vt 0.350400 0.491300
vt 0.345200 0.515400
vt 0.872300 0.580200
vt 0.986400 0.491100
vt 0.899900 0.587800
vt 0.980700 0.512800
vt 0.880200 0.603000
vt 0.921100 0.675100
vt 0.904600 0.681500
vt 0.386000 0.158700
vt 0.357500 0.193000
vt 0.378100 0.156500
vt 0.314300 0.208100
vt 0.331400 0.198900
vt 0.330200 0.217700
vt 0.571900 0.394900
vt 0.565600 0.435300
vt 0.553900 0.424900
vt 0.527500 0.456300
vt 0.539600 0.435000
vt 0.549600 0.446200
vt 0.648400 0.639000
vt 0.593700 0.629600
vt 0.611100 0.353600
vt 0.596400 0.663100
vt 0.576900 0.643900
vt 0.602600 0.374800
vt 0.193800 0.873000
vt 0.176600 0.879000
vt 0.167200 0.912500
vt 0.147300 0.893800
vt 0.438700 0.232600
vt 0.450700 0.119700
vt 0.468400 0.116200
vt 0.185200 0.031000
vt 0.455800 0.129300
vt 0.202100 0.040400
vt 0.281400 0.159800
vt 0.292700 0.127000
vt 0.248300 0.194600
vt 0.243400 0.185200
vt 0.260500 0.152300
vt 0.768000 0.040700
vt 0.776400 0.083900
vt 0.879600 0.334300
vt 0.293500 0.024200
vt 0.285800 0.035400
vt 0.289300 0.017000
vt 0.753500 0.502400
vt 0.237700 0.271100
vt 0.275700 0.294500
vt 0.278400 0.303400
vt 0.272300 0.308200
vt 0.333000 0.790500
vt 0.358400 0.771600
vt 0.343200 0.811800
vt 0.072200 0.571400
vt 0.077000 0.552500
vt 0.080100 0.566300
vt 0.066500 0.542100
vt 0.055300 0.535100
vt 0.067800 0.528400
vt 0.278200 0.767500
vt 0.309700 0.833300
vt 0.271600 0.869400
vt 0.300700 0.822000
vt 0.939400 0.437800
vt 0.959100 0.407100
vt 0.951600 0.418800
vt 0.970500 0.431400
vt 0.074800 0.577500
vt 0.089000 0.573100
vt 0.083100 0.579200
vt 0.123700 0.579600
vt 0.085100 0.584800
vt 0.100200 0.575200
vt 0.759500 0.317300
vt 0.764200 0.322700
vt 0.767400 0.301400
vt 0.767200 0.338900
vt 0.752600 0.339700
vt 0.777300 0.355500
vt 0.168700 0.264100
vt 0.125600 0.286000
vt 0.136000 0.259000
vt 0.565000 0.798600
vt 0.180500 0.340100
vt 0.180100 0.299300
vt 0.203000 0.284000
vt 0.063600 0.330000
vt 0.052600 0.315100
vt 0.064700 0.299900
vt 0.061200 0.262500
vt 0.065300 0.292200
vt 0.046100 0.264200
vt 0.426300 0.436200
vt 0.460900 0.406200
vt 0.359800 0.458400
vt 0.363000 0.431300
vt 0.388700 0.441100
vt 0.527700 0.643600
vt 0.708000 0.017800
vt 0.515500 0.638300
vt 0.694600 0.010600
vt 0.711000 0.033100
vt 0.669400 0.079200
vt 0.830400 0.434100
vt 0.815600 0.422300
vt 0.733200 0.409200
vt 0.735200 0.393500
vt 0.726100 0.399500
vt 0.954200 0.816900
vt 0.238100 0.642800
vt 0.186300 0.435200
vt 0.296300 0.620500
vt 0.295400 0.635500
vt 0.639600 0.278500
vt 0.664300 0.286400
vt 0.651500 0.311400
vt 0.265300 0.973800
vt 0.709900 0.259200
vt 0.142700 0.964500
vt 0.722800 0.278300
vt 0.699300 0.264400
vt 0.754000 0.837800
vt 0.767000 0.817000
vt 0.794700 0.827900
vt 0.754900 0.898900
vt 0.737300 0.920800
vt 0.814400 0.932000
vt 0.835800 0.908800
vt 0.847400 0.916500
vt 0.857600 0.951200
vt 0.882000 0.945000
vt 0.342600 0.068400
vt 0.349600 0.096500
vt 0.334300 0.077800
vt 0.340000 0.019700
vt 0.351600 0.032800
vt 0.319900 0.056600
vt 0.538200 0.042200
vt 0.413800 0.585900
vt 0.409600 0.604900
vt 0.397900 0.591500
vt 0.616200 0.203900
vt 0.646200 0.222400
vt 0.931500 0.962900
vt 0.950200 0.968900
vt 0.945700 0.974900
vt 0.399100 0.230600
vt 0.199200 0.167600
vt 0.273800 0.584600
vt 0.250100 0.591000
vt 0.220800 0.579600
vt 0.318400 0.447000
vt 0.934500 0.743300
vt 0.930700 0.819300
vt 0.256700 0.533100
vt 0.228600 0.560500
vt 0.273100 0.480300
vt 0.908500 0.851300
vt 0.258800 0.481400
vt 0.283100 0.464700
vt 0.916000 0.860100
vt 0.601400 0.931100
vt 0.593900 0.902300
vt 0.607900 0.905600
vt 0.568800 0.866900
vt 0.485100 0.530700
vt 0.529100 0.507900
vt 0.520000 0.532900
vt 0.484500 0.555600
vt 0.459400 0.558900
vt 0.454000 0.540600
vt 0.123000 0.832400
vt 0.136200 0.815200
vt 0.146200 0.858700
vt 0.091800 0.775900
vt 0.067500 0.735600
vt 0.258100 0.790700
vt 0.275800 0.801300
vt 0.250900 0.815800
vt 0.218900 0.757400
vt 0.723500 0.774500
vt 0.741200 0.818000
vt 0.722800 0.740100
vt 0.705200 0.734200
vt 0.736000 0.718400
vt 0.984900 0.408000
vt 0.780900 0.536800
vt 0.981900 0.385800
vt 0.774400 0.525500
vt 0.970100 0.394400
vt 0.972100 0.377400
vt 0.947900 0.352500
vt 0.754300 0.617900
vt 0.732700 0.640100
vt 0.720800 0.631800
vt 0.701800 0.611700
vt 0.702700 0.579000
vt 0.722700 0.601900
vt 0.096900 0.490100
vt 0.098100 0.627100
vt 0.090600 0.485900
vt 0.138600 0.490000
vt 0.145800 0.629100
vt 0.136300 0.474500
vt 0.096600 0.617700
vt 0.149100 0.616100
vt 0.219000 0.131600
vt 0.220900 0.165100
vt 0.205000 0.182900
vt 0.230700 0.122400
vt 0.609200 0.115700
vt 0.589700 0.104300
vt 0.592600 0.084500
vt 0.625900 0.104700
vt 0.911500 0.260600
vt 0.854800 0.471300
vt 0.894900 0.248500
vt 0.843400 0.471500
vt 0.855200 0.480600
vt 0.911900 0.249300
vt 0.243500 0.465400
vt 0.244600 0.473900
vt 0.927700 0.888600
vt 0.945700 0.898000
vt 0.361200 0.554200
vt 0.913200 0.902700
vt 0.429700 0.285200
vt 0.436900 0.277700
vt 0.338700 0.767600
vt 0.305500 0.765300
vt 0.305000 0.784800
vt 0.296900 0.773000
vt 0.667300 0.971000
vt 0.167900 0.654800
vt 0.690700 0.940300
vt 0.688000 0.976000
vt 0.192900 0.656200
vt 0.781800 0.955700
vt 0.284400 0.653500
vt 0.765000 0.978000
vt 0.757500 0.951600
vt 0.834000 0.326900
vt 0.825100 0.332700
vt 0.809800 0.349900
vt 0.507600 0.289900
vt 0.453900 0.079100
vt 0.477600 0.065300
vt 0.514500 0.267500
vt 0.453900 0.095400
vt 0.283800 0.914800
vt 0.263600 0.938600
vt 0.257000 0.876500
vt 0.243800 0.882800
vt 0.762100 0.520400
vt 0.765600 0.510700
vt 0.978900 0.366800
vt 0.774700 0.515800
vt 0.256400 0.013300
vt 0.766800 0.487300
vt 0.055200 0.342500
vt 0.043800 0.323100
vt 0.052200 0.429800
vt 0.043400 0.437600
vt 0.048500 0.425200
vt 0.374800 0.844400
vt 0.404700 0.851000
vt 0.389300 0.889600
vt 0.387700 0.797700
vt 0.376800 0.782700
vt 0.377800 0.755900
vt 0.553400 0.730000
vt 0.587700 0.713500
vt 0.563100 0.749100
vt 0.089800 0.249900
vt 0.229800 0.596700
vt 0.236600 0.614600
vt 0.222600 0.610400
vt 0.133900 0.595600
vt 0.137700 0.589200
vt 0.173800 0.602500
vt 0.150900 0.781500
vt 0.183600 0.759500
vt 0.202800 0.779700
vt 0.190900 0.773000
vt 0.031500 0.219000
vt 0.027300 0.192700
vt 0.281800 0.314600
vt 0.764600 0.273000
vt 0.804700 0.269100
vt 0.761200 0.258100
vt 0.720400 0.448200
vt 0.720900 0.434700
vt 0.707400 0.447000
vt 0.944300 0.851100
vt 0.879400 0.435200
vt 0.919300 0.479900
vt 0.911200 0.455100
vt 0.894400 0.459000
vt 0.122700 0.533800
vt 0.082100 0.541000
vt 0.089400 0.535200
vt 0.167100 0.535900
vt 0.174600 0.522100
vt 0.206700 0.520000
vt 0.949900 0.617500
vt 0.350500 0.317600
vt 0.980100 0.562300
vt 0.937500 0.608200
vt 0.978200 0.549400
vt 0.963000 0.546100
vt 0.898800 0.557400
vt 0.725200 0.176000
vt 0.709700 0.175900
vt 0.958900 0.255100
vt 0.973700 0.261200
vt 0.421400 0.249900
vt 0.979700 0.250500
vt 0.429600 0.249600
vt 0.957300 0.290700
vt 0.940900 0.283500
vt 0.945700 0.300800
vt 0.899100 0.969400
vt 0.508000 0.031000
vt 0.371800 0.644100
vt 0.379300 0.613100
vt 0.526600 0.026100
vt 0.389400 0.641800
vt 0.349100 0.906300
vt 0.366100 0.906300
vt 0.394300 0.941000
vt 0.413800 0.941600
vt 0.560800 0.238000
vt 0.574700 0.218400
vt 0.753500 0.385300
vt 0.747400 0.368800
vt 0.737300 0.372000
vt 0.747800 0.361600
vt 0.741600 0.356700
vt 0.983000 0.819000
vt 0.370800 0.006100
vt 0.703700 0.546600
vt 0.354600 0.017000
vt 0.725200 0.538300
vt 0.354000 0.006200
vt 0.393200 0.029200
vt 0.403400 0.041200
vt 0.382600 0.042900
vt 0.350400 0.193600
vt 0.355500 0.163900
vt 0.269600 0.039700
vt 0.260000 0.134200
vt 0.240600 0.173800
vt 0.698000 0.844900
vt 0.715600 0.849500
vt 0.696200 0.873100
vt 0.624700 0.875500
vt 0.141500 0.942800
vt 0.109600 0.955200
vt 0.739400 0.252200
vt 0.186100 0.926200
vt 0.193800 0.943700
vt 0.164100 0.939500
vt 0.743200 0.537700
vt 0.716900 0.547800
vt 0.736500 0.524900
vt 0.336100 0.011400
vt 0.237300 0.702100
vt 0.207900 0.716200
vt 0.198700 0.695800
vt 0.177000 0.718300
vt 0.184300 0.720000
vt 0.182600 0.727800
vt 0.398300 0.154700
vt 0.384900 0.145500
vt 0.397300 0.137900
vt 0.832400 0.838900
vt 0.816000 0.905700
vt 0.254400 0.390900
vt 0.203200 0.418400
vt 0.225100 0.402300
vt 0.223200 0.411700
vt 0.272500 0.904900
vt 0.253700 0.904900
vt 0.268900 0.895700
vt 0.293100 0.859700
vt 0.578300 0.107700
vt 0.600400 0.125900
vt 0.590500 0.133700
vt 0.568000 0.123500
vt 0.333800 0.348600
vt 0.935000 0.652600
vt 0.207800 0.808300
vt 0.215700 0.804000
vt 0.223400 0.813800
vt 0.221200 0.773900
vt 0.244600 0.753300
vt 0.234400 0.777800
vt 0.747200 0.127300
vt 0.733100 0.158300
vt 0.739600 0.117700
vt 0.724500 0.166400
vt 0.714400 0.137700
vt 0.792900 0.646300
vt 0.815100 0.642800
vt 0.750100 0.752400
vt 0.766500 0.728500
vt 0.678700 0.718200
vt 0.692700 0.692200
vt 0.569600 0.535500
vt 0.574300 0.548600
vt 0.552800 0.884900
vt 0.560100 0.591600
vt 0.567600 0.930800
vt 0.841700 0.303600
vt 0.818300 0.303200
vt 0.816400 0.313600
vt 0.829100 0.284600
vt 0.792200 0.276100
vt 0.462400 0.616300
vt 0.468400 0.636600
vt 0.503600 0.637200
vt 0.682000 0.006800
vt 0.653400 0.069500
vt 0.644600 0.015700
vt 0.477200 0.647200
vt 0.643300 0.110600
vt 0.662300 0.109200
vt 0.664800 0.131300
vt 0.631000 0.132500
vt 0.550200 0.741000
vt 0.609800 0.461300
vt 0.521600 0.746100
vt 0.601600 0.442300
vt 0.540400 0.725800
vt 0.591200 0.446000
vt 0.091100 0.432600
vt 0.089100 0.427200
vt 0.101200 0.420900
vt 0.108500 0.423400
vt 0.120400 0.423600
vt 0.111200 0.440500
vt 0.175100 0.817400
vt 0.188500 0.818900
vt 0.188500 0.802000
vt 0.187200 0.786400
vt 0.196900 0.780200
vt 0.478400 0.514500
vt 0.504800 0.488400
vt 0.524700 0.496800
vt 0.541000 0.467800
vt 0.564000 0.482000
vt 0.118900 0.851700
vt 0.140900 0.873200
vt 0.137600 0.896500
vt 0.276100 0.238000
vt 0.268200 0.246100
vt 0.982800 0.940800
vt 0.277700 0.249300
vt 0.988600 0.949000
vt 0.208300 0.377800
vt 0.178900 0.367400
vt 0.162700 0.370100
vt 0.385600 0.573100
vt 0.402000 0.577400
vt 0.387100 0.585100
vt 0.390000 0.530700
vt 0.398600 0.521000
vt 0.421600 0.557200
vt 0.065300 0.398900
vt 0.078300 0.425600
vt 0.058100 0.417900
vt 0.053600 0.420600
vt 0.621700 0.565100
vt 0.417600 0.010200
vt 0.392700 0.020600
vt 0.429200 0.036600
vt 0.584500 0.570200
vt 0.439400 0.018200
vt 0.440000 0.048100
vt 0.459200 0.236800
vt 0.201800 0.011200
vt 0.453200 0.253000
vt 0.434200 0.248600
vt 0.985800 0.241800
vt 0.899500 0.809900
vt 0.235100 0.525800
vt 0.162600 0.291900
vt 0.183200 0.268500
vt 0.207200 0.266600
vt 0.577200 0.852800
vt 0.860600 0.386000
vt 0.866500 0.379500
vt 0.906900 0.418400
vt 0.945900 0.428300
vt 0.322800 0.223200
vt 0.314000 0.235700
vt 0.335700 0.275400
vt 0.958700 0.983800
vt 0.978200 0.980500
vt 0.316000 0.268400
vt 0.337700 0.249900
vt 0.472500 0.595200
vt 0.488700 0.592400
vt 0.489800 0.609500
vt 0.444300 0.579500
vt 0.470000 0.571300
vt 0.471400 0.579900
vt 0.097700 0.408100
vt 0.086000 0.424400
vt 0.066400 0.425200
vt 0.077200 0.433000
vt 0.970700 0.463100
vt 0.969100 0.443500
vt 0.859800 0.585700
vt 0.731300 0.874900
vt 0.736900 0.852100
vt 0.793000 0.874400
vt 0.036700 0.304300
vt 0.021400 0.286100
vt 0.035100 0.276400
vt 0.041400 0.295000
vt 0.261700 0.298200
vt 0.259000 0.275100
vt 0.270100 0.293500
vt 0.243000 0.653500
vt 0.730600 0.978200
vt 0.709600 0.937500
vt 0.223800 0.020900
vt 0.226000 0.029000
vt 0.209700 0.028300
vt 0.440100 0.151100
vt 0.218200 0.062600
vt 0.333600 0.651200
vt 0.808000 0.972800
vt 0.309000 0.654100
vt 0.785900 0.977300
vt 0.830500 0.948600
vt 0.844700 0.950000
vt 0.365700 0.666100
vt 0.844200 0.975400
vt 0.656800 0.086800
vt 0.697000 0.080600
vt 0.013600 0.286000
vt 0.233800 0.367100
vt 0.254600 0.327400
vt 0.645100 0.186500
vt 0.646800 0.204800
vt 0.636000 0.224000
vt 0.635800 0.214800
vt 0.052300 0.594500
vt 0.044700 0.533500
vt 0.068500 0.576900
vt 0.064400 0.582700
vt 0.051100 0.568400
vt 0.056600 0.548600
vt 0.073600 0.504600
vt 0.115000 0.522500
vt 0.091500 0.515900
vt 0.260100 0.671100
vt 0.295100 0.686900
vt 0.281000 0.693700
vt 0.273600 0.728200
vt 0.967400 0.813400
vt 0.731400 0.379300
vt 0.947200 0.840100
vt 0.746000 0.386900
vt 0.962900 0.813100
vt 0.730500 0.386400
vt 0.110700 0.779200
vt 0.123200 0.768400
vt 0.128700 0.817100
vt 0.138400 0.804100
vt 0.898700 0.770400
vt 0.882000 0.769400
vt 0.881000 0.743300
vt 0.853600 0.721200
vt 0.624000 0.301200
vt 0.313000 0.972700
vt 0.287400 0.958700
vt 0.638100 0.307900
vt 0.288900 0.973600
vt 0.618800 0.215800
vt 0.602300 0.238300
vt 0.274300 0.572300
vt 0.222400 0.571300
vt 0.940400 0.809500
vt 0.263900 0.551500
vt 0.206400 0.880000
vt 0.217800 0.896400
vt 0.202300 0.889200
vt 0.193000 0.883600
vt 0.675900 0.918500
vt 0.652900 0.916100
vt 0.652500 0.886300
vt 0.649100 0.895400
vt 0.619000 0.890500
vt 0.220700 0.631300
vt 0.272000 0.641000
vt 0.204400 0.409600
vt 0.235900 0.622900
vt 0.276900 0.633900
vt 0.063300 0.848000
vt 0.091000 0.840300
vt 0.082900 0.876100
vt 0.058500 0.889500
vt 0.783100 0.177000
vt 0.209700 0.194600
vt 0.207800 0.212900
vt 0.215400 0.229600
vt 0.200400 0.234600
vt 0.926800 0.939800
vt 0.850200 0.448100
vt 0.837300 0.443200
vt 0.815100 0.465500
vt 0.797800 0.453100
vt 0.783800 0.466800
vt 0.628500 0.185300
vt 0.641200 0.133400
vt 0.633300 0.155700
vt 0.949100 0.212800
vt 0.961300 0.216900
vt 0.275900 0.456400
vt 0.284400 0.425800
vt 0.269100 0.411900
vt 0.267700 0.074200
vt 0.271600 0.105200
vt 0.258400 0.106100
vt 0.288400 0.070900
vt 0.300700 0.045200
vt 0.289700 0.094600
vt 0.422100 0.924200
vt 0.548100 0.229100
vt 0.419100 0.857300
vt 0.443700 0.910100
vt 0.543500 0.206700
vt 0.415600 0.907800
vt 0.272000 0.775700
vt 0.306500 0.803800
vt 0.292800 0.810600
vt 0.297500 0.801400
vt 0.227000 0.588200
vt 0.204000 0.589300
vt 0.218500 0.599600
vt 0.219700 0.734200
vt 0.223700 0.730800
vt 0.241200 0.736500
vt 0.222900 0.754600
vt 0.552500 0.777300
vt 0.562400 0.775600
vt 0.582700 0.791100
vt 0.542500 0.769500
vt 0.483600 0.373900
vt 0.475400 0.328100
vt 0.578000 0.453500
vt 0.297700 0.300500
vt 0.046400 0.185400
vt 0.600700 0.493700
vt 0.307500 0.124400
vt 0.317000 0.131400
vt 0.127700 0.391700
vt 0.135800 0.398000
vt 0.155000 0.381800
vt 0.166400 0.381600
vt 0.610900 0.579900
vt 0.625600 0.612200
vt 0.611800 0.615900
vt 0.594000 0.568100
vt 0.433300 0.016000
vt 0.605600 0.560500
vt 0.424800 0.018000
vt 0.554100 0.375900
vt 0.563200 0.371300
vt 0.537900 0.370000
vt 0.546600 0.340800
vt 0.141600 0.561800
vt 0.117700 0.553300
vt 0.107900 0.540500
vt 0.403200 0.481000
vt 0.384300 0.469000
vt 0.385200 0.518100
vt 0.661600 0.306800
vt 0.249100 0.979300
vt 0.692600 0.292500
vt 0.104100 0.449500
vt 0.113500 0.447900
vt 0.264200 0.022200
vt 0.279200 0.015700
vt 0.759000 0.500300
vt 0.274400 0.026000
vt 0.231400 0.024200
vt 0.083500 0.362000
vt 0.071700 0.359600
vt 0.074900 0.330700
vt 0.089200 0.329300
vt 0.388400 0.600700
vt 0.401400 0.614900
vt 0.897900 0.931500
vt 0.367600 0.592600
vt 0.903700 0.931900
vt 0.904000 0.935200
vt 0.364300 0.598200
vt 0.790300 0.256700
vt 0.790200 0.241100
vt 0.743100 0.461900
vt 0.715200 0.460600
vt 0.939800 0.863900
vt 0.763700 0.250600
vt 0.820200 0.265900
vt 0.486100 0.276800
vt 0.490200 0.078800
vt 0.496400 0.265700
vt 0.509600 0.272300
vt 0.525000 0.289900
vt 0.293400 0.591700
vt 0.328400 0.609900
vt 0.322200 0.515200
vt 0.308200 0.599400
vt 0.311700 0.503100
vt 0.233300 0.211100
vt 0.226100 0.226400
vt 0.219700 0.225800
vt 0.226400 0.210500
vt 0.330100 0.831800
vt 0.314500 0.816200
vt 0.394100 0.126700
vt 0.378600 0.137100
vt 0.361800 0.115500
vt 0.358600 0.144700
vt 0.342200 0.141800
vt 0.421200 0.785500
vt 0.428100 0.802000
vt 0.381600 0.822000
vt 0.341800 0.242300
vt 0.356200 0.252300
vt 0.928200 0.967100
vt 0.219400 0.917100
vt 0.238600 0.909900
vt 0.236300 0.891400
vt 0.455000 0.233000
vt 0.210700 0.012900
vt 0.754400 0.331200
vt 0.751900 0.320300
vt 0.386800 0.328600
vt 0.958300 0.589600
vt 0.930100 0.555800
vt 0.920200 0.566800
vt 0.949400 0.579200
vt 0.800700 0.376900
vt 0.776700 0.373400
vt 0.797200 0.387000
vt 0.802900 0.397200
vt 0.775000 0.382200
vt 0.781100 0.395500
vt 0.935200 0.487900
vt 0.965600 0.492900
vt 0.931600 0.471200
vt 0.910900 0.601400
vt 0.985200 0.526700
vt 0.915300 0.629400
vt 0.896300 0.633900
vt 0.228800 0.497200
vt 0.206700 0.531300
vt 0.196600 0.467700
vt 0.421500 0.615100
vt 0.579300 0.019400
vt 0.431700 0.645600
vt 0.458300 0.779500
vt 0.494600 0.089700
vt 0.477200 0.851900
vt 0.526700 0.140600
vt 0.441300 0.830600
vt 0.545900 0.118000
vt 0.836300 0.884800
vt 0.598500 0.892500
vt 0.691200 0.668800
vt 0.706700 0.621500
vt 0.924400 0.862000
vt 0.285100 0.454300
vt 0.290400 0.441400
vt 0.934300 0.867700
vt 0.923200 0.881300
vt 0.898500 0.892800
vt 0.872900 0.888300
vt 0.763200 0.067100
vt 0.799000 0.141200
vt 0.045400 0.840300
vt 0.894500 0.693300
vt 0.170100 0.803800
vt 0.181400 0.792200
vt 0.181000 0.805800
vt 0.175300 0.785800
vt 0.165900 0.774100
vt 0.180200 0.766900
vt 0.885600 0.923000
vt 0.889600 0.935800
vt 0.877000 0.926800
vt 0.868600 0.922700
vt 0.857800 0.924500
vt 0.860800 0.917500
vt 0.190900 0.892700
vt 0.157000 0.891700
vt 0.459500 0.037700
vt 0.545600 0.279800
vt 0.568300 0.300900
vt 0.463100 0.048400
vt 0.536100 0.272700
vt 0.439100 0.560900
vt 0.419400 0.574900
vt 0.400100 0.560500
vt 0.529600 0.574100
vt 0.535200 0.558600
vt 0.543000 0.574600
vt 0.549000 0.565800
vt 0.574000 0.901700
vt 0.559600 0.567100
vt 0.797800 0.005900
vt 0.573600 0.591500
vt 0.575600 0.940600
vt 0.794800 0.023000
vt 0.794300 0.061000
vt 0.785600 0.039200
vt 0.802000 0.039100
vt 0.428100 0.245600
vt 0.425700 0.233600
vt 0.419800 0.213100
vt 0.778400 0.491300
vt 0.418100 0.236800
vt 0.411500 0.237200
vt 0.969400 0.285500
vt 0.419700 0.292600
vt 0.438600 0.296900
vt 0.395900 0.292600
vt 0.901600 0.578400
vt 0.981300 0.170000
vt 0.887400 0.579100
vt 0.415500 0.279900
vt 0.408400 0.296600
vt 0.076700 0.588900
vt 0.070900 0.586200
vt 0.077400 0.583600
vt 0.341100 0.885200
vt 0.330200 0.892300
vt 0.319000 0.911000
vt 0.989800 0.966300
vt 0.984800 0.978800
vt 0.311100 0.263700
vt 0.954400 0.977000
vt 0.972100 0.975900
vt 0.797100 0.301400
vt 0.789700 0.309700
vt 0.790600 0.328200
vt 0.501600 0.056700
vt 0.529600 0.049500
vt 0.336800 0.401800
vt 0.352700 0.401100
vt 0.479000 0.267900
vt 0.458600 0.254400
vt 0.456100 0.263000
vt 0.835400 0.695800
vt 0.853000 0.679400
vt 0.807200 0.687100
vt 0.688000 0.766500
vt 0.712000 0.776400
vt 0.687100 0.737100
vt 0.673500 0.761100
vt 0.118400 0.352800
vt 0.125500 0.374100
vt 0.139800 0.364600
vt 0.143500 0.384800
vt 0.435600 0.100000
vt 0.433300 0.125400
vt 0.428000 0.120800
vt 0.448900 0.108300
vt 0.060600 0.457700
vt 0.093300 0.460100
vt 0.046500 0.444700
vt 0.104000 0.466900
vt 0.048100 0.455200
vt 0.101200 0.458000
vt 0.111100 0.457600
vt 0.504800 0.608800
vt 0.497400 0.540800
vt 0.167700 0.761200
vt 0.170200 0.728700
vt 0.179000 0.736000
vt 0.173700 0.767200
vt 0.367700 0.105700
vt 0.393300 0.071700
vt 0.410600 0.045900
vt 0.418100 0.049500
vt 0.935300 0.377900
vt 0.918600 0.384400
vt 0.933500 0.813000
vt 0.261700 0.541300
vt 0.921400 0.819100
vt 0.929700 0.807100
vt 0.938700 0.805100
vt 0.973100 0.353200
vt 0.964900 0.348000
vt 0.968100 0.363600
vt 0.924500 0.334700
vt 0.966700 0.336300
vt 0.960300 0.319300
vt 0.302400 0.191600
vt 0.301300 0.212100
vt 0.293000 0.211500
vt 0.306500 0.250000
vt 0.289400 0.246100
vt 0.252500 0.752000
vt 0.239500 0.743500
vt 0.259400 0.732800
vt 0.751500 0.443500
vt 0.060600 0.394800
vt 0.217800 0.713500
vt 0.249700 0.718500
vt 0.198300 0.731700
vt 0.882400 0.897400
vt 0.863900 0.899700
vt 0.831200 0.896700
vt 0.809000 0.895600
vt 0.310900 0.712500
vt 0.302500 0.719700
vt 0.295200 0.731400
vt 0.311600 0.723200
vt 0.304100 0.735400
vt 0.960600 0.860800
vt 0.947600 0.853300
vt 0.951300 0.232600
vt 0.843300 0.366700
vt 0.809400 0.339100
vt 0.824400 0.344700
vt 0.590400 0.380000
vt 0.580700 0.690200
vt 0.326100 0.182200
vt 0.335700 0.152500
vt 0.347400 0.155900
vt 0.150600 0.516800
vt 0.117200 0.530700
vt 0.150400 0.525300
vt 0.006000 0.291600
vt 0.213600 0.382500
vt 0.017100 0.310800
vt 0.177500 0.397600
vt 0.013100 0.337100
vt 0.233100 0.375600
vt 0.008900 0.268600
vt 0.103100 0.853800
vt 0.180900 0.232800
vt 0.925000 0.959000
vt 0.180300 0.213100
vt 0.382100 0.275200
vt 0.197800 0.212500
vt 0.177300 0.227900
vt 0.375700 0.288800
vt 0.925200 0.965600
vt 0.974900 0.784300
vt 0.979000 0.788300
vt 0.297100 0.588100
vt 0.956600 0.793200
vt 0.992100 0.782800
vt 0.303100 0.593200
vt 0.314600 0.501600
vt 0.317800 0.488600
vt 0.978200 0.773600
vt 0.694300 0.162700
vt 0.695900 0.201200
vt 0.691000 0.182800
vt 0.368800 0.779300
vt 0.286900 0.419100
vt 0.294900 0.427600
vt 0.944900 0.873300
vt 0.951400 0.874000
vt 0.339200 0.546400
vt 0.293600 0.410600
vt 0.265100 0.884500
vt 0.400300 0.552300
vt 0.388200 0.549500
vt 0.564000 0.577900
vt 0.582500 0.905100
vt 0.583400 0.893600
vt 0.756400 0.778200
vt 0.765500 0.752100
vt 0.079200 0.612900
vt 0.067200 0.495700
vt 0.073100 0.621800
vt 0.690400 0.588300
vt 0.678600 0.555000
vt 0.388200 0.004300
vt 0.368900 0.015700
vt 0.205100 0.329300
vt 0.206100 0.302600
vt 0.311000 0.767700
vt 0.321900 0.778900
vt 0.309200 0.784000
vt 0.313000 0.796700
vt 0.323900 0.788300
vt 0.329100 0.807000
vt 0.581300 0.754900
vt 0.587600 0.745500
vt 0.913200 0.910900
vt 0.903200 0.921000
vt 0.895500 0.921400
vt 0.670300 0.264200
vt 0.667100 0.233700
vt 0.698100 0.283000
vt 0.678800 0.278900
vt 0.232700 0.816400
vt 0.251300 0.799600
vt 0.420700 0.167900
vt 0.217300 0.088000
vt 0.211200 0.118400
vt 0.205700 0.774200
vt 0.221900 0.793800
vt 0.211100 0.785700
vt 0.148900 0.294700
vt 0.136200 0.292800
vt 0.096800 0.355600
vt 0.249000 0.394800
vt 0.273500 0.404600
vt 0.361800 0.491900
vt 0.366800 0.512500
vt 0.381400 0.511000
vt 0.380500 0.488400
vt 0.587100 0.492000
vt 0.571400 0.462700
vt 0.589300 0.476000
vt 0.324500 0.714700
vt 0.339500 0.674400
vt 0.580400 0.187900
vt 0.591700 0.206600
vt 0.599600 0.202100
vt 0.608500 0.216800
vt 0.835700 0.294100
vt 0.979300 0.861800
vt 0.754000 0.299000
vt 0.760700 0.290500
vt 0.755200 0.283900
vt 0.968800 0.869100
vt 0.687300 0.208300
vt 0.698900 0.212400
vt 0.680300 0.186800
vt 0.608200 0.135200
vt 0.614600 0.125600
vt 0.598800 0.070700
vt 0.614700 0.105500
vt 0.806200 0.563600
vt 0.775600 0.565000
vt 0.789700 0.551500
vt 0.994700 0.425400
vt 0.021200 0.336200
vt 0.167300 0.404800
vt 0.014100 0.352500
vt 0.297600 0.793200
vt 0.280200 0.797500
vt 0.276100 0.781900
vt 0.396500 0.743900
vt 0.402200 0.770100
vt 0.383100 0.744300
vt 0.374300 0.744500
vt 0.396700 0.689000
vt 0.868900 0.990000
vt 0.932200 0.276300
vt 0.880800 0.282800
vt 0.919000 0.267300
vt 0.945800 0.259100
vt 0.936800 0.253400
vt 0.069200 0.535100
vt 0.070400 0.545000
vt 0.074000 0.541700
vt 0.042200 0.426400
vt 0.557300 0.080700
vt 0.270800 0.185900
vt 0.259500 0.192500
vt 0.264300 0.237300
vt 0.820400 0.255200
vt 0.596800 0.497800
vt 0.293800 0.294600
vt 0.276100 0.277200
vt 0.589700 0.512500
vt 0.267600 0.271300
vt 0.589400 0.517800
vt 0.154800 0.610600
vt 0.199900 0.619100
vt 0.564900 0.019100
vt 0.420900 0.643000
vt 0.590400 0.049500
vt 0.838300 0.463000
vt 0.857100 0.457500
vt 0.434300 0.571600
vt 0.879800 0.681500
vt 0.879900 0.633600
vt 0.270300 0.709500
vt 0.251400 0.701900
vt 0.242400 0.712100
vt 0.336700 0.093800
vt 0.342800 0.110500
vt 0.326100 0.125700
vt 0.516900 0.760600
vt 0.618600 0.470500
vt 0.062000 0.220900
vt 0.537700 0.756600
vt 0.534000 0.762700
vt 0.518500 0.757200
vt 0.616400 0.467900
vt 0.868900 0.305300
vt 0.373700 0.024000
vt 0.361800 0.046700
vt 0.330800 0.065000
vt 0.359000 0.038600
vt 0.822500 0.472900
vt 0.869700 0.253200
vt 0.833600 0.453700
vt 0.956800 0.517800
vt 0.967600 0.508000
vt 0.703900 0.883000
vt 0.684700 0.889100
vt 0.693400 0.899400
vt 0.364000 0.279700
vt 0.932100 0.978500
vt 0.371000 0.236200
vt 0.185100 0.194400
vt 0.388100 0.257400
vt 0.374300 0.264700
vt 0.255500 0.282500
vt 0.258400 0.304500
vt 0.129800 0.363400
vt 0.355900 0.205000
vt 0.334400 0.226300
vt 0.102300 0.439100
vt 0.099000 0.430700
vt 0.096200 0.446400
vt 0.091400 0.411000
vt 0.095200 0.380400
vt 0.323500 0.763200
vt 0.316500 0.732900
vt 0.316100 0.759000
vt 0.934700 0.310400
vt 0.289000 0.042400
vt 0.735700 0.516600
vt 0.327000 0.017500
vt 0.958000 0.774000
vt 0.164000 0.954200
vt 0.199100 0.956200
vt 0.167700 0.969900
vt 0.708500 0.291100
vt 0.748100 0.505600
vt 0.300200 0.017400
vt 0.752500 0.514800
vt 0.772100 0.500800
vt 0.757900 0.508400
vt 0.267300 0.014900
vt 0.765100 0.494900
vt 0.065800 0.558900
vt 0.917500 0.546300
vt 0.907400 0.565600
vt 0.915200 0.577700
vt 0.390800 0.303100
vt 0.409500 0.313900
vt 0.185600 0.503100
vt 0.206900 0.498800
vt 0.227900 0.508900
vt 0.211900 0.509600
vt 0.377600 0.943000
vt 0.336700 0.913100
vt 0.475600 0.562900
vt 0.449800 0.568400
vt 0.482800 0.572100
vt 0.496200 0.561500
vt 0.497100 0.575100
vt 0.931900 0.228100
vt 0.880200 0.499800
vt 0.936000 0.235200
vt 0.789100 0.369400
vt 0.766300 0.359700
vt 0.597300 0.139900
vt 0.157900 0.787000
vt 0.170900 0.787900
vt 0.149500 0.584200
vt 0.188700 0.589200
vt 0.585000 0.813400
vt 0.162700 0.256800
vt 0.174000 0.258700
vt 0.585900 0.820700
vt 0.057100 0.432600
vt 0.057200 0.423900
vt 0.411500 0.491900
vt 0.429100 0.508100
vt 0.634500 0.620200
vt 0.616500 0.670100
vt 0.218900 0.042500
vt 0.210500 0.043100
vt 0.441000 0.138700
vt 0.207600 0.055800
vt 0.300300 0.256500
vt 0.993800 0.971300
vt 0.282100 0.245100
vt 0.530000 0.475100
vt 0.520800 0.466700
vt 0.504200 0.433300
vt 0.762400 0.533500
vt 0.630300 0.895500
vt 0.622600 0.914400
vt 0.613200 0.895500
vt 0.631400 0.943400
vt 0.081600 0.520800
vt 0.081000 0.511000
vt 0.113100 0.501000
vt 0.570000 0.881600
vt 0.601200 0.876400
vt 0.578600 0.419900
vt 0.582200 0.393900
vt 0.599600 0.400800
vt 0.568700 0.673900
vt 0.557400 0.699500
vt 0.588800 0.418500
vt 0.382700 0.203400
vt 0.381300 0.178700
vt 0.370600 0.197000
vt 0.753100 0.889200
vt 0.871100 0.908600
vt 0.917000 0.393700
vt 0.941300 0.396900
vt 0.221900 0.366000
vt 0.315900 0.840000
vt 0.682500 0.655900
vt 0.243800 0.238500
vt 0.429000 0.304500
vt 0.466400 0.290900
vt 0.978100 0.441900
vt 0.834900 0.560700
vt 0.987900 0.460600
vt 0.975900 0.481300
vt 0.178100 0.696800
vt 0.188400 0.699000
vt 0.917900 0.978900
vt 0.499100 0.032400
vt 0.363200 0.644400
vt 0.904200 0.941500
vt 0.359100 0.604900
vt 0.445200 0.026500
vt 0.577100 0.579000
vt 0.572100 0.291500
vt 0.068000 0.901700
vt 0.780800 0.190500
vt 0.733900 0.172500
vt 0.701700 0.117500
vt 0.675500 0.112000
vt 0.136800 0.308800
vt 0.484600 0.632700
vt 0.965200 0.264400
vt 0.948400 0.267000
vt 0.502700 0.377400
vt 0.510000 0.345500
vt 0.185300 0.744600
vt 0.204700 0.747200
vt 0.311600 0.631600
vt 0.301500 0.641600
vt 0.227700 0.392900
vt 0.072000 0.517000
vt 0.074800 0.530500
vt 0.815700 0.456100
vt 0.802700 0.440700
vt 0.789400 0.442400
vt 0.802200 0.409200
vt 0.084200 0.810200
vt 0.099900 0.790900
vt 0.103700 0.821900
vt 0.110200 0.813100
vt 0.062500 0.596600
vt 0.312000 0.260400
vt 0.314200 0.245000
vt 0.322200 0.239600
vt 0.671400 0.171500
vt 0.587100 0.264200
vt 0.378200 0.967500
vt 0.390300 0.562900
vt 0.380600 0.562900
vt 0.294000 0.760500
vt 0.298900 0.765400
vt 0.308900 0.758100
vt 0.677300 0.816300
vt 0.656700 0.842200
vt 0.604500 0.464000
vt 0.217100 0.263000
vt 0.242100 0.256000
vt 0.328400 0.521400
vt 0.337200 0.532400
vt 0.281800 0.386200
vt 0.212600 0.976200
vt 0.683800 0.303100
vt 0.383300 0.594600
vt 0.361600 0.680000
vt 0.199000 0.028600
vt 0.186500 0.014000
vt 0.466600 0.238900
vt 0.177600 0.008700
vt 0.466900 0.247600
vt 0.165100 0.021800
vt 0.477200 0.256800
vt 0.486000 0.103200
vt 0.632900 0.114500
vt 0.620900 0.115000
vt 0.169400 0.872800
vt 0.149600 0.882800
vt 0.139100 0.885800
vt 0.114300 0.733900
vt 0.971300 0.415100
vt 0.981200 0.427200
vt 0.809500 0.549700
vt 0.987900 0.439300
vt 0.538000 0.285600
vt 0.366000 0.822100
vt 0.280400 0.572000
vt 0.956400 0.798700
vt 0.283800 0.581000
vt 0.229700 0.159400
vt 0.247400 0.137900
vt 0.216400 0.203200
vt 0.669300 0.045000
vt 0.780000 0.504600
vt 0.976000 0.344300
vt 0.410900 0.221500
vt 0.970400 0.313200
vt 0.412400 0.210300
vt 0.786000 0.498000
vt 0.972400 0.332200
vt 0.199700 0.906600
vt 0.954000 0.867300
vt 0.756800 0.265000
vt 0.956900 0.862100
vt 0.964000 0.864400
vt 0.949400 0.859500
vt 0.751500 0.255300
vt 0.513900 0.569100
vt 0.528300 0.565300
vt 0.157300 0.494600
vt 0.154700 0.487400
vt 0.195000 0.795900
vt 0.206500 0.790300
vt 0.193900 0.811100
vt 0.858700 0.403500
vt 0.891700 0.386100
vt 0.884000 0.401600
vt 0.853700 0.708800
vt 0.870300 0.718600
vt 0.707700 0.245400
vt 0.949100 0.558500
vt 0.927300 0.539200
vt 0.907800 0.539300
vt 0.908600 0.349600
vt 0.883200 0.344900
vt 0.581700 0.156300
vt 0.574500 0.129500
vt 0.964800 0.312900
vt 0.951300 0.278300
vt 0.289800 0.938600
vt 0.288900 0.884900
vt 0.283200 0.771500
vt 0.284900 0.778800
vt 0.288000 0.792200
vt 0.324600 0.683200
vt 0.814300 0.394000
vt 0.846900 0.409000
vt 0.083700 0.720000
vt 0.561800 0.789600
vt 0.123500 0.258400
vt 0.558400 0.792000
vt 0.907600 0.842000
vt 0.265300 0.491600
vt 0.258900 0.512400
vt 0.915000 0.829800
vt 0.906000 0.851900
vt 0.261400 0.505300
vt 0.908100 0.833800
vt 0.251500 0.082700
vt 0.314200 0.622900
vt 0.194400 0.189000
vt 0.388900 0.245500
vt 0.186800 0.182000
vt 0.658800 0.175900
vt 0.647800 0.170000
vt 0.329400 0.494300
vt 0.487200 0.621000
vt 0.454400 0.605100
vt 0.108300 0.571100
vt 0.097800 0.568700
vt 0.116700 0.565700
vt 0.902500 0.875700
vt 0.910600 0.885200
vt 0.654900 0.139900
vt 0.256300 0.409200
vt 0.926800 0.596700
vt 0.975000 0.536600
vt 0.917700 0.652800
vt 0.210900 0.727600
vt 0.237000 0.634800
vt 0.229800 0.628500
vt 0.204200 0.612200
vt 0.574700 0.713100
vt 0.923100 0.252800
vt 0.941000 0.240800
vt 0.871700 0.488400
vt 0.923600 0.239900
vt 0.928900 0.245100
vt 0.659200 0.687600
vt 0.031300 0.253100
vt 0.012000 0.245400
vt 0.249500 0.361000
vt 0.278800 0.329800
vt 0.024800 0.207100
vt 0.051700 0.195800
vt 0.605700 0.486000
vt 0.035800 0.205500
vt 0.415500 0.386600
vt 0.078300 0.243000
vt 0.073900 0.298500
vt 0.526300 0.766000
vt 0.068000 0.232800
vt 0.078500 0.237000
vt 0.534900 0.767200
vt 0.234300 0.797400
vt 0.238300 0.816700
vt 0.604400 0.718400
vt 0.680200 0.876800
vt 0.668200 0.884800
vt 0.781600 0.698300
vt 0.755200 0.671000
vt 0.772100 0.662400
vt 0.281000 0.068300
vt 0.306700 0.024600
vt 0.870200 0.633100
vt 0.582800 0.209500
vt 0.873300 0.933300
vt 0.852400 0.942200
vt 0.833200 0.930700
vt 0.762800 0.283300
vt 0.282600 0.282300
vt 0.590800 0.507900
vt 0.591700 0.498400
vt 0.601400 0.490000
vt 0.554900 0.583900
vt 0.569900 0.910600
vt 0.544800 0.583900
vt 0.583500 0.930700
vt 0.929800 0.946200
vt 0.210400 0.237400
vt 0.933800 0.933600
vt 0.507100 0.330700
vt 0.492400 0.299000
vt 0.502100 0.294100
vt 0.494600 0.280900
vt 0.243700 0.037500
vt 0.378300 0.212600
vt 0.378000 0.227500
vt 0.395600 0.795000
vt 0.048100 0.384500
vt 0.066900 0.344000
vt 0.374200 0.148100
vt 0.373500 0.128200
vt 0.379300 0.109300
vt 0.083200 0.419600
vt 0.080000 0.430400
vt 0.878100 0.449800
vt 0.869200 0.458200
vt 0.775400 0.335400
vt 0.899300 0.407100
vt 0.912200 0.408400
vt 0.907200 0.398300
vt 0.774600 0.888000
vt 0.753500 0.880100
vt 0.275100 0.883600
vt 0.283000 0.874700
vt 0.269100 0.386000
vt 0.275800 0.378100
vt 0.331400 0.528000
vt 0.254300 0.261200
vt 0.589700 0.526900
vt 0.940200 0.925500
vt 0.222100 0.235400
vt 0.220400 0.231100
vt 0.232400 0.230400
vt 0.325900 0.086500
vt 0.295200 0.179100
vt 0.469500 0.352800
vt 0.453400 0.296300
vt 0.443400 0.307800
vt 0.258900 0.216100
vt 0.277200 0.115900
vt 0.273300 0.717700
vt 0.295100 0.721700
vt 0.045300 0.309600
vt 0.094100 0.591300
vt 0.122400 0.589000
vt 0.427300 0.545500
vt 0.295700 0.741000
vt 0.038700 0.439600
vt 0.656600 0.556600
vt 0.399900 0.006900
vt 0.332400 0.927100
vt 0.881000 0.249000
vt 0.833200 0.469800
vt 0.765500 0.548800
vt 0.578200 0.376600
vt 0.568700 0.354600
vt 0.556700 0.322300
vt 0.082300 0.430000
vt 0.853700 0.894000
vt 0.550500 0.634700
vt 0.538000 0.596800
vt 0.518800 0.581900
vt 0.299600 0.891000
vt 0.264500 0.306400
vt 0.218700 0.748100
vt 0.333500 0.238600
vt 0.343700 0.232400
vt 0.225900 0.037500
vt 0.630900 0.206000
vt 0.050600 0.416200
vt 0.046600 0.409800
vt 0.057000 0.384700
vt 0.378300 0.018000
vt 0.941800 0.588700
vt 0.393800 0.321300
vt 0.899000 0.427700
vt 0.890900 0.444400
vt 0.582700 0.521100
vt 0.612300 0.473400
vt 0.195400 0.231200
vt 0.922500 0.943900
vt 0.861200 0.259600
vt 0.780000 0.472200
vt 0.829900 0.252400
vt 0.558300 0.121400
vt 0.564700 0.217200
vt 0.808600 0.360500
vt 0.243900 0.326700
vt 0.244900 0.785200
vt 0.257900 0.768700
vt 0.885800 0.425900
vt 0.512400 0.557300
vt 0.429500 0.058200
vt 0.433900 0.072200
vt 0.408400 0.062000
vt 0.418700 0.065400
vt 0.342800 0.127700
vt 0.352500 0.120300
vt 0.107000 0.409900
vt 0.545200 0.643400
vt 0.733000 0.021200
vt 0.394600 0.513300
vt 0.947400 0.799800
vt 0.947900 0.803500
vt 0.272400 0.563000
vt 0.220800 0.521700
vt 0.717800 0.890100
vt 0.729000 0.884700
vt 0.926700 0.755900
vt 0.912500 0.739200
vt 0.887400 0.718200
vt 0.828300 0.572100
vt 0.788100 0.598000
vt 0.875600 0.480400
vt 0.871900 0.471800
vt 0.864600 0.475800
vt 0.566400 0.558700
vt 0.565600 0.893500
vt 0.797600 0.951000
vt 0.761000 0.940400
vt 0.153700 0.533300
vt 0.619800 0.165000
vt 0.735900 0.835800
vt 0.151600 0.480400
vt 0.174000 0.462200
vt 0.201600 0.644800
vt 0.176500 0.761500
vt 0.583800 0.077000
vt 0.420900 0.312200
vt 0.201500 0.262900
vt 0.210600 0.255700
vt 0.563700 0.843700
vt 0.363900 0.024100
vt 0.291500 0.798200
vt 0.862900 0.466300
vt 0.752400 0.643900
vt 0.772200 0.625700
vt 0.144900 0.676800
vt 0.414600 0.129800
vt 0.410900 0.121100
vt 0.393100 0.809300
vt 0.414800 0.813100
vt 0.485800 0.581900
vt 0.898100 0.381000
vt 0.155400 0.856000
vt 0.739300 0.416600
vt 0.749400 0.432200
vt 0.377200 0.582400
vt 0.523600 0.434100
vt 0.751200 0.453800
vt 0.219200 0.014800
vt 0.450700 0.228800
vt 0.540700 0.390900
vt 0.120500 0.368600
vt 0.193700 0.967500
vt 0.697100 0.303500
vt 0.072600 0.538000
vt 0.491200 0.386700
vt 0.480800 0.398900
vt 0.539100 0.018600
vt 0.401800 0.637000
vt 0.165400 0.356100
vt 0.155400 0.362800
vt 0.353600 0.818600
vt 0.621300 0.247000
vt 0.735000 0.934700
vt 0.443600 0.236600
vt 0.082900 0.502900
vt 0.132600 0.575000
vt 0.247400 0.269100
vt 0.230700 0.453100
vt 0.471800 0.533400
vt 0.405000 0.413900
vt 0.435500 0.410200
vt 0.463200 0.647200
vt 0.623500 0.017500
vt 0.472100 0.386000
vt 0.156900 0.309300
vt 0.250300 0.118600
vt 0.092000 0.512100
vt 0.195500 0.515900
vt 0.162000 0.520000
vt 0.410400 0.168400
vt 0.223200 0.113100
vt 0.169300 0.722900
vt 0.409700 0.128900
vt 0.364500 0.252800
vt 0.591900 0.593700
vt 0.586700 0.301600
vt 0.341200 0.194800
vt 0.231600 0.485500
vt 0.762800 0.296000
vt 0.985100 0.851500
vt 0.750000 0.313400
vt 0.226500 0.201800
vt 0.243400 0.800800
vt 0.244600 0.821900
vt 0.858800 0.291300
vt 0.860300 0.310400
vt 0.867100 0.929300
vt 0.292100 0.900600
vt 0.587600 0.141000
vt 0.549200 0.780800
vt 0.100000 0.251500
vt 0.088000 0.244600
vt 0.543100 0.773400
vt 0.249600 0.021800
vt 0.236000 0.028900
vt 0.362600 0.519300
vt 0.685000 0.168800
vt 0.746100 0.168400
vt 0.334500 0.777200
vt 0.158200 0.765500
vt 0.183200 0.621500
vt 0.181700 0.612500
vt 0.122100 0.600500
vt 0.225300 0.708100
vt 0.676000 0.679900
vt 0.891900 0.648800
vt 0.089200 0.409300
vt 0.845300 0.321600
vt 0.425000 0.565900
vt 0.728800 0.434200
vt 0.733500 0.429200
vt 0.201400 0.204000
vt 0.159400 0.334900
vt 0.542100 0.513200
vt 0.290400 0.254200
vt 0.993500 0.962000
vt 0.625700 0.289000
vt 0.692200 0.928300
vt 0.275500 0.050200
vt 0.899300 0.926500
vt 0.269500 0.141800
vt 0.883500 0.470700
vt 0.879700 0.460600
vt 0.978800 0.820200
vt 0.736700 0.365900
vt 0.976800 0.815000
vt 0.783900 0.318500
vt 0.048200 0.438500
vt 0.866500 0.483200
vt 0.640200 0.564800
vt 0.409100 0.004500
vt 0.188100 0.233800
vt 0.922700 0.951700
vt 0.764300 0.394400
vt 0.378100 0.602000
vt 0.333000 0.136800
vt 0.543700 0.317200
vt 0.449300 0.622900
vt 0.545600 0.423600
vt 0.554400 0.397800
vt 0.655300 0.216000
vt 0.370500 0.117800
vt 0.584200 0.876600
vt 0.460100 0.328000
vt 0.371000 0.809300
vt 0.858900 0.572600
vt 0.987100 0.479500
vt 0.123500 0.310200
vt 0.558600 0.465600
vt 0.306400 0.231900
vt 0.303500 0.960400
vt 0.971100 0.522600
vt 0.813800 0.944600
vt 0.495500 0.043000
vt 0.773800 0.615900
vt 0.461700 0.519900
vt 0.112200 0.472000
vt 0.039700 0.447100
vt 0.888700 0.483400
vt 0.708000 0.166800
vt 0.876900 0.920600
vt 0.308800 0.102500
vt 0.461900 0.106300
vt 0.465900 0.478300
vt 0.848200 0.901500
vt 0.797600 0.885300
vt 0.877000 0.640700
vt 0.868800 0.654000
vt 0.815100 0.437400
vt 0.231500 0.742200
vt 0.776900 0.070500
vt 0.932900 0.367900
vt 0.576400 0.921300
vt 0.162300 0.781200
vt 0.284600 0.409400
vt 0.365200 0.152600
vt 0.260800 0.777300
vt 0.466500 0.589100
vt 0.016000 0.381500
vt 0.155200 0.427200
vt 0.849200 0.358000
vt 0.364600 0.322700
vt 0.973700 0.574300
vt 0.717900 0.247900
vt 0.622300 0.927900
vt 0.254500 0.641800
vt 0.194100 0.422600
vt 0.060600 0.714600
vt 0.812100 0.045700
vt 0.247500 0.599200
vt 0.387900 0.134900
s 1
usemtl 01___Default
f 1/1/1 2/3/2 3/4/3
f 4/6/4 5/7/5 6/8/6
f 7/9/7 8/10/8 9/11/9
f 10/12/10 11/13/11 12/14/12
f 13/15/13 14/16/14 15/17/15
f 16/18/16 17/19/17 18/20/18
f 19/21/19 20/22/20 21/23/21
f 22/24/22 23/25/23 24/26/24
f 25/27/25 26/28/26 27/29/27
f 28/31/28 29/32/29 30/33/30
f 31/34/31 32/35/32 33/36/33
f 34/37/34 35/38/35 36/39/36
f 37/40/37 38/41/38 39/42/39
f 40/43/40 41/44/41 42/45/42
f 43/46/43 44/47/44 45/48/45
f 46/49/46 47/50/47 48/51/48
f 49/52/49 50/53/50 51/54/51
f 52/55/52 53/56/53 54/57/54
f 55/58/55 56/59/56 57/60/57
f 58/61/58 59/62/59 60/63/60
f 61/64/61 62/65/62 63/66/63
f 64/67/64 65/68/65 66/69/66
f 67/70/67 68/71/68 69/72/69
f 70/74/70 71/76/71 72/78/72
f 73/79/73 74/80/74 75/81/75
f 4/6/4 76/82/76 5/7/5
f 77/83/77 78/84/78 79/85/79
f 80/86/80 81/87/81 82/88/82
f 83/89/83 84/90/84 85/91/85
f 85/91/85 86/92/86 83/89/83
f 87/93/87 88/94/88 89/95/89
f 90/96/90 91/97/91 92/98/92
f 93/99/93 94/100/94 95/101/95
f 96/102/96 97/103/97 98/104/98
f 99/105/99 100/106/100 101/107/101
f 102/108/102 103/109/103 104/110/104
f 105/111/105 106/112/106 107/113/107
f 108/114/108 109/115/109 110/116/110
f 111/117/111 112/118/112 113/119/113
f 114/120/114 115/121/115 116/122/116
f 117/123/117 118/124/118 119/125/119
f 120/126/120 121/127/121 122/128/122
f 123/129/123 124/130/124 125/131/125
f 126/132/126 127/133/127 128/134/128
f 129/135/129 130/136/130 131/137/131
f 132/138/132 133/139/133 134/141/134
f 135/142/135 136/143/136 137/144/137
f 138/145/138 139/147/139 140/148/140
f 141/150/141 142/151/142 143/152/143
f 144/153/144 145/154/145 146/155/146
f 147/157/147 148/158/148 149/159/149
f 150/161/150 151/162/151 152/164/152
f 153/165/153 154/166/154 155/167/155
f 156/168/156 157/169/157 158/170/158
f 159/171/159 160/173/160 161/175/161
f 162/176/162 163/177/163 164/180/164
f 165/181/165 166/183/166 167/184/167
f 168/185/168 169/186/169 170/187/170
f 171/188/171 172/189/172 173/190/173
f 174/191/174 175/192/175 176/193/176
f 177/194/177 63/66/63 178/195/178
f 179/196/179 180/199/180 181/200/181
f 182/201/182 183/202/183 184/204/184
f 185/205/185 186/206/186 187/207/187
f 188/208/188 189/209/189 190/210/190
f 191/211/191 109/115/109 108/114/108
f 1/2/1 3/5/3 192/212/192
f 193/213/193 194/214/194 195/215/195
f 196/216/196 197/217/197 198/218/198
f 104/110/104 199/219/199 200/220/200
f 84/90/84 201/221/201 202/222/202
f 87/93/87 89/95/89 203/223/203
f 204/224/204 205/225/205 206/226/206
f 207/227/207 208/228/208 209/229/209
f 210/230/210 211/231/211 212/232/212
f 213/233/213 214/234/214 215/235/215
f 216/236/216 217/237/217 218/238/218
f 219/239/219 220/240/220 221/241/221
f 222/242/222 223/243/223 224/244/224
f 225/245/225 226/246/226 227/247/227
f 98/104/98 97/103/97 228/248/228
f 229/249/229 230/250/230 231/252/231
f 232/253/232 233/254/233 234/255/234
f 235/256/235 236/257/236 237/258/237
f 238/259/238 239/260/239 240/261/240
f 241/262/241 242/264/242 243/265/243
f 244/266/244 245/267/245 246/269/246
f 247/270/247 248/271/248 249/272/249
f 250/274/250 251/275/251 252/276/252
f 253/277/253 254/278/254 255/279/255
f 256/280/256 257/281/257 258/282/258
f 259/283/259 260/284/260 261/285/261
f 262/286/262 263/287/263 264/288/264
f 265/290/265 266/291/266 267/293/267
f 55/58/55 268/294/268 56/59/56
f 269/295/269 270/296/270 271/298/271
f 272/302/272 273/303/273 274/304/274
f 275/305/275 276/307/276 277/310/277
f 278/311/278 279/312/279 280/313/280
f 281/314/281 282/315/282 283/316/283
f 284/317/284 285/318/285 286/319/286
f 287/320/287 288/322/288 289/323/289
f 290/324/290 291/325/291 292/326/292
f 293/327/293 294/328/294 295/329/295
f 296/330/296 297/331/297 298/332/298
f 299/333/299 300/335/300 301/336/301
f 302/337/302 303/338/303 304/339/304
f 305/340/305 306/341/306 307/342/307
f 308/344/308 309/345/309 310/346/310
f 311/347/311 312/348/312 313/349/313
f 314/350/314 315/351/315 170/187/170
f 316/352/316 317/353/317 318/354/318
f 319/355/319 320/356/320 321/357/321
f 322/358/322 115/121/115 323/359/323
f 324/360/324 325/361/325 326/362/326
f 327/363/327 328/364/328 329/365/329
f 330/366/330 331/367/331 332/368/332
f 333/369/333 334/370/334 335/371/335
f 336/372/336 337/373/337 338/375/338
f 339/376/339 340/377/340 341/378/341
f 342/379/342 343/380/343 344/381/344
f 345/382/345 346/384/346 347/386/347
f 348/387/348 349/388/349 350/389/350
f 351/390/351 352/392/352 353/394/353
f 354/395/354 355/396/355 356/397/356
f 357/398/357 358/399/358 359/400/359
f 360/402/360 361/403/361 362/404/362
f 363/406/363 364/407/364 365/408/365
f 366/410/366 367/411/367 241/263/241
f 368/412/368 369/413/369 370/414/370
f 371/415/371 372/416/372 373/417/373
f 374/418/374 375/419/375 376/420/376
f 40/43/40 377/421/377 378/422/378
f 379/423/379 380/424/380 381/425/381
f 382/426/382 383/427/383 384/428/384
f 310/346/310 309/345/309 385/429/385
f 386/430/386 387/431/387 12/14/12
f 388/432/388 389/435/389 390/436/390
f 391/437/391 392/438/392 393/439/393
f 248/271/248 247/270/247 394/440/394
f 395/441/395 396/442/396 397/443/397
f 398/445/398 399/446/399 400/448/400
f 401/449/401 402/450/402 403/451/403
f 404/454/404 403/453/403 150/161/150
f 405/456/405 406/457/406 407/458/407
f 408/459/408 409/460/409 410/461/410
f 411/462/411 412/463/412 413/464/413
f 414/465/414 263/287/263 415/466/415
f 416/467/416 417/468/417 418/469/418
f 419/470/419 420/471/420 61/64/61
f 421/472/421 422/473/422 423/474/423
f 424/475/424 425/476/425 426/477/426
f 213/233/213 427/478/427 428/479/428
f 429/480/429 430/482/430 431/483/431
f 432/484/432 433/485/433 434/486/434
f 435/487/435 436/488/436 369/413/369
f 286/319/286 437/489/437 284/317/284
f 438/490/438 439/492/439 301/336/301
f 440/493/440 441/494/441 442/495/442
f 443/496/443 444/497/444 445/498/445
f 446/499/446 447/500/447 448/501/448
f 449/502/449 450/503/450 451/504/451
f 405/456/405 452/505/452 453/506/453
f 454/507/454 455/509/455 456/510/456
f 457/511/457 458/512/458 459/513/459
f 157/169/157 156/168/156 460/514/460
f 461/515/461 462/516/462 463/517/463
f 464/518/464 465/519/465 175/192/175
f 466/520/466 467/521/467 468/522/468
f 469/523/469 470/524/470 471/525/471
f 472/526/472 473/527/473 474/531/474
f 475/532/475 476/533/476 477/534/477
f 478/535/478 479/537/479 480/539/480
f 481/540/481 181/200/181 482/541/482
f 483/542/483 484/543/484 485/544/485
f 486/545/486 487/546/487 488/547/488
f 489/548/489 490/549/490 491/550/491
f 492/551/492 493/552/493 494/553/494
f 227/247/227 495/554/495 260/284/260
f 496/555/496 497/557/497 498/558/498
f 8/10/8 499/560/499 500/561/500
f 501/562/501 214/234/214 502/563/502
f 503/564/503 72/78/72 71/76/71
f 504/565/504 505/566/505 506/568/506
f 507/570/507 508/571/508 127/133/127
f 509/572/509 510/573/510 511/574/511
f 147/156/147 149/160/149 512/575/512
f 513/576/513 266/292/266 265/289/265
f 514/577/514 142/151/142 141/150/141
f 515/578/515 516/579/516 517/580/517
f 82/88/82 81/87/81 518/582/518
f 519/583/519 520/584/520 521/585/521
f 522/586/522 523/587/523 524/588/524
f 269/295/269 163/177/163 162/176/162
f 525/589/525 526/590/526 527/591/527
f 528/592/528 529/593/529 530/594/530
f 531/595/531 219/239/219 221/241/221
f 532/596/532 533/597/533 534/598/534
f 24/26/24 535/599/535 22/24/22
f 536/600/536 537/601/537 538/602/538
f 539/603/539 540/604/540 541/605/541
f 542/606/542 543/607/543 544/608/544
f 545/609/545 546/610/546 547/611/547
f 548/612/548 549/613/549 550/614/550
f 551/615/551 552/616/552 553/617/553
f 554/619/554 555/620/555 556/621/556
f 557/622/557 558/623/558 559/624/559
f 560/625/560 561/626/561 562/627/562
f 563/628/563 564/629/564 155/167/155
f 565/630/565 566/631/566 567/632/567
f 568/633/568 195/215/195 194/214/194
f 569/636/569 570/637/570 571/638/571
f 572/639/572 40/43/40 573/640/573
f 574/641/574 575/642/575 576/643/576
f 292/326/292 577/646/577 290/324/290
f 578/647/578 579/648/579 186/206/186
f 580/649/580 581/650/581 582/651/582
f 583/653/583 584/655/584 585/656/585
f 586/657/586 587/658/587 588/659/588
f 253/277/253 589/660/589 590/661/590
f 591/662/591 592/663/592 593/664/593
f 594/665/594 595/666/595 270/297/270
f 596/667/596 597/668/597 598/669/598
f 599/670/599 600/671/600 601/672/601
f 27/29/27 26/28/26 602/673/602
f 603/674/603 604/675/604 605/676/605
f 606/677/606 208/228/208 207/227/207
f 204/224/204 607/678/607 205/225/205
f 608/679/608 609/680/609 610/681/610
f 245/267/245 611/682/611 246/269/246
f 612/684/612 613/685/613 614/686/614
f 283/316/283 282/315/282 615/687/615
f 616/690/616 617/691/617 114/120/114
f 618/692/618 619/694/619 620/695/620
f 621/697/621 622/698/622 623/699/623
f 624/700/624 276/307/276 275/305/275
f 625/701/625 626/702/626 627/703/627
f 628/704/628 629/705/629 630/706/630
f 631/707/631 632/708/632 633/709/633
f 402/450/402 634/710/634 635/711/635
f 636/712/636 637/713/637 638/714/638
f 412/463/412 411/462/411 639/715/639
f 640/716/640 641/717/641 252/276/252
f 642/718/642 643/719/643 644/720/644
f 645/721/645 646/723/646 647/725/647
f 197/217/197 648/726/648 649/727/649
f 650/728/650 651/729/651 652/730/652
f 653/731/653 654/732/654 655/733/655
f 656/734/656 657/736/657 658/737/658
f 659/738/659 660/740/660 661/741/661
f 662/742/662 663/743/663 664/744/664
f 359/400/359 663/743/663 665/745/665
f 666/746/666 667/747/667 668/748/668
f 384/428/384 669/749/669 382/426/382
f 670/750/670 285/318/285 284/317/284
f 671/751/671 672/753/672 673/754/673
f 117/123/117 674/756/674 675/757/675
f 676/758/676 677/759/677 678/761/678
f 387/431/387 10/12/10 12/14/12
f 68/71/68 679/762/679 680/763/680
f 523/587/523 522/586/522 681/764/681
f 682/765/682 683/766/683 684/767/684
f 685/768/685 686/770/686 687/771/687
f 688/773/688 689/775/689 690/776/690
f 691/777/691 692/778/692 514/577/514
f 550/614/550 693/779/693 548/612/548
f 467/521/467 466/520/466 694/780/694
f 695/781/695 696/782/696 697/784/697
f 698/785/698 30/33/30 699/786/699
f 700/787/700 701/788/701 86/92/86
f 702/789/702 703/790/703 704/792/704
f 705/794/705 71/75/71 70/73/70
f 706/795/706 176/193/176 707/796/707
f 708/797/708 709/798/709 710/799/710
f 711/800/711 712/801/712 713/802/713
f 714/803/714 715/804/715 716/805/716
f 717/806/717 718/807/718 719/808/719
f 720/809/720 340/377/340 339/376/339
f 721/810/721 722/811/722 723/812/723
f 724/813/724 725/814/725 726/815/726
f 727/816/727 414/465/414 415/466/415
f 728/817/728 729/818/729 730/819/730
f 338/375/338 337/373/337 731/820/731
f 520/584/520 732/822/732 521/585/521
f 733/823/733 734/824/734 735/825/735
f 736/826/736 737/827/737 738/828/738
f 378/422/378 739/830/739 40/43/40
f 740/831/740 741/832/741 742/833/742
f 743/834/743 744/835/744 745/836/745
f 746/837/746 747/838/747 748/839/748
f 749/842/749 750/844/750 751/845/751
f 389/434/389 752/846/752 379/423/379
f 753/847/753 442/495/442 754/848/754
f 51/54/51 228/248/228 49/52/49
f 755/849/755 756/850/756 757/852/757
f 758/854/758 759/855/759 760/856/760
f 595/666/595 761/857/761 270/297/270
f 762/859/762 763/860/763 764/862/764
f 765/863/765 766/864/766 767/865/767
f 454/507/454 768/867/768 769/868/769
f 770/869/770 771/870/771 772/871/772
f 773/872/773 549/613/549 774/873/774
f 775/875/775 776/877/776 777/879/777
f 778/880/778 779/881/779 780/882/780
f 256/280/256 597/668/597 257/281/257
f 484/543/484 781/883/781 782/884/782
f 33/36/33 32/35/32 783/885/783
f 784/886/784 511/574/511 785/887/785
f 786/888/786 787/889/787 788/890/788
f 274/304/274 273/303/273 789/891/789
f 790/892/790 584/654/584 791/893/791
f 792/895/792 793/896/793 794/897/794
f 795/898/795 796/899/796 777/878/777
f 795/898/795 797/900/797 702/789/702
f 798/902/798 799/903/799 800/904/800
f 801/905/801 802/906/802 803/907/803
f 804/908/804 805/909/805 806/910/806
f 365/408/365 804/908/804 363/406/363
f 807/911/807 121/127/121 120/126/120
f 591/662/591 808/912/808 592/663/592
f 474/530/474 295/329/295 809/913/809
f 810/914/810 811/915/811 812/916/812
f 813/917/813 814/918/814 815/919/815
f 87/93/87 203/223/203 816/920/816
f 817/921/817 818/922/818 819/923/819
f 820/924/820 407/458/407 406/457/406
f 179/196/179 181/200/181 481/540/481
f 749/840/749 821/926/821 750/843/750
f 822/927/822 823/928/823 824/929/824
f 825/930/825 826/931/826 827/932/827
f 828/933/828 829/934/829 830/935/830
f 829/934/829 831/936/831 832/937/832
f 833/938/833 419/470/419 834/939/834
f 835/940/835 644/720/644 836/941/836
f 837/942/837 5/7/5 66/69/66
f 838/943/838 416/467/416 418/469/418
f 158/170/158 839/944/839 840/945/840
f 841/947/841 149/159/149 148/158/148
f 842/949/842 843/950/843 844/951/844
f 845/952/845 734/824/734 846/953/846
f 1/2/1 847/954/847 848/955/848
f 849/957/849 850/958/850 851/959/851
f 852/961/852 853/962/853 854/963/854
f 855/964/855 312/348/312 311/347/311
f 856/965/856 857/967/857 858/969/858
f 857/966/857 859/970/859 858/968/858
f 860/971/860 861/972/861 862/973/862
f 863/974/863 864/975/864 865/976/865
f 866/977/866 867/978/867 499/560/499
f 868/979/868 869/980/869 870/981/870
f 871/982/871 872/983/872 873/984/873
f 874/985/874 875/986/875 334/370/334
f 95/101/95 876/987/876 877/988/877
f 878/989/878 502/563/502 214/234/214
f 127/133/127 879/990/879 128/134/128
f 880/992/880 881/994/881 394/440/394
f 461/515/461 882/995/882 883/996/883
f 884/997/884 554/619/554 883/996/883
f 885/998/885 886/999/886 887/1000/887
f 888/1001/888 889/1002/889 890/1003/890
f 891/1004/891 892/1005/892 893/1006/893
f 894/1007/894 891/1004/891 893/1006/893
f 895/1009/895 779/881/779 896/1010/896
f 897/1011/897 898/1013/898 899/1014/899
f 140/149/140 139/146/139 680/763/680
f 900/1015/900 901/1017/901 902/1018/902
f 426/477/426 425/476/425 903/1020/903
f 616/690/616 114/120/114 904/1021/904
f 905/1022/905 906/1023/906 907/1024/907
f 274/304/274 908/1025/908 272/302/272
f 296/330/296 909/1026/909 910/1027/910
f 911/1028/911 535/599/535 912/1029/912
f 486/545/486 913/1030/913 914/1031/914
f 915/1032/915 916/1035/916 917/1036/917
f 918/1037/918 919/1038/919 920/1039/920
f 921/1040/921 922/1041/922 923/1042/923
f 924/1043/924 433/485/433 925/1044/925
f 926/1045/926 892/1005/892 927/1046/927
f 928/1047/928 929/1048/929 537/601/537
f 930/1049/930 63/66/63 62/65/62
f 787/889/787 931/1050/931 788/890/788
f 932/1051/932 586/657/586 933/1052/933
f 934/1053/934 935/1054/935 936/1055/936
f 561/626/561 937/1056/937 936/1055/936
f 938/1057/938 939/1058/939 940/1059/940
f 840/945/840 839/944/839 277/308/277
f 372/416/372 371/415/371 45/48/45
f 941/1061/941 687/771/687 942/1062/942
f 943/1063/943 944/1064/944 945/1065/945
f 357/398/357 946/1067/946 358/399/358
f 947/1069/947 948/1071/948 688/773/688
f 949/1072/949 950/1073/950 951/1075/951
f 952/1076/952 853/962/853 852/961/852
f 953/1077/953 53/56/53 52/55/52
f 105/111/105 107/113/107 954/1078/954
f 330/366/330 955/1079/955 956/1080/956
f 957/1081/957 49/52/49 958/1082/958
f 607/678/607 959/1083/959 960/1084/960
f 961/1085/961 962/1087/962 963/1088/963
f 964/1090/964 529/593/529 528/592/528
f 398/445/398 965/1091/965 399/446/399
f 966/1092/966 396/442/396 967/1093/967
f 968/1094/968 969/1095/969 970/1096/970
f 971/1097/971 220/240/220 219/239/219
f 972/1098/972 299/333/299 973/1100/973
f 974/1101/974 772/871/772 975/1103/975
f 976/1104/976 977/1105/977 978/1106/978
f 414/465/414 727/816/727 979/1107/979
f 980/1108/980 981/1109/981 982/1110/982
f 223/243/223 983/1111/983 224/244/224
f 448/501/448 984/1113/984 446/499/446
f 985/1114/985 986/1116/986 582/652/582
f 959/1083/959 987/1117/987 960/1084/960
f 305/340/305 307/342/307 988/1118/988
f 989/1119/989 612/684/612 614/686/614
f 990/1120/990 991/1122/991 989/1119/989
f 992/1123/992 993/1124/993 994/1125/994
f 499/560/499 995/1126/995 500/561/500
f 996/1127/996 132/138/132 997/1128/997
f 998/1129/998 999/1130/999 1000/1131/1000
f 167/184/167 1001/1132/1001 165/181/165
f 1002/1133/1002 1003/1135/1003 1004/1136/1004
f 1005/1137/1005 1006/1138/1006 1007/1139/1007
f 230/250/230 1008/1141/1008 231/252/231
f 664/744/664 663/743/663 1009/1142/1009
f 1010/1143/1010 1011/1144/1011 1012/1145/1012
f 1013/1147/1013 377/421/377 1014/1148/1014
f 1015/1149/1015 1016/1150/1016 1017/1151/1017
f 1018/1152/1018 312/348/312 957/1081/957
f 1019/1153/1019 308/344/308 1020/1154/1020
f 440/493/440 431/483/431 441/494/441
f 584/655/584 583/653/583 791/894/791
f 1021/1155/1021 1022/1156/1022 390/436/390
f 673/755/673 285/318/285 670/750/670
f 1023/1157/1023 291/325/291 1024/1158/1024
f 1025/1159/1025 1024/1158/1024 291/325/291
f 1026/1160/1026 1027/1161/1027 1028/1162/1028
f 1029/1163/1029 1030/1164/1030 1031/1165/1031
f 1032/1166/1032 767/865/767 766/864/766
f 1033/1168/1033 1034/1169/1034 1035/1171/1035
f 1036/1172/1036 637/713/637 636/712/636
f 1037/1173/1037 1038/1174/1038 1039/1175/1039
f 237/258/237 1040/1176/1040 1041/1177/1041
f 723/812/723 1042/1178/1042 721/810/721
f 1043/1179/1043 1044/1180/1044 1045/1181/1045
f 1046/1182/1046 826/931/826 825/930/825
f 1047/1183/1047 1048/1184/1048 1049/1185/1049
f 1050/1186/1050 1048/1184/1048 1047/1183/1047
f 1051/1187/1051 1052/1188/1052 471/525/471
f 155/167/155 564/629/564 153/165/153
f 494/553/494 491/550/491 1053/1189/1053
f 1054/1190/1054 732/822/732 520/584/520
f 508/571/508 1055/1193/1055 127/133/127
f 393/439/393 1056/1194/1056 391/437/391
f 863/974/863 1057/1195/1057 1058/1196/1058
f 1059/1197/1059 884/997/884 1060/1198/1060
f 1061/1199/1061 1062/1200/1062 1063/1201/1063
f 1064/1203/1064 897/1011/897 1065/1205/1065
f 1066/1206/1066 1067/1207/1067 489/548/489
f 1068/1208/1068 1069/1209/1069 1067/1207/1067
f 1070/1210/1070 1071/1211/1071 322/358/322
f 743/834/743 116/122/116 1072/1212/1072
f 1073/1213/1073 1074/1214/1074 567/632/567
f 889/1002/889 888/1001/888 1075/1215/1075
f 212/232/212 211/231/211 793/896/793
f 1076/1216/1076 581/650/581 1077/1218/1077
f 864/975/864 329/365/329 865/976/865
f 1078/1219/1078 865/976/865 1079/1220/1079
f 1080/1221/1080 1081/1222/1081 1082/1224/1082
f 71/77/71 705/793/705 1083/1225/1083
f 1084/1226/1084 1085/1227/1085 1086/1228/1086
f 339/376/339 341/378/341 1087/1229/1087
f 763/860/763 1088/1230/1088 1089/1231/1089
f 1090/1232/1090 1091/1234/1091 1092/1235/1092
f 1093/1237/1093 1094/1238/1094 1095/1242/1095
f 437/489/437 286/319/286 1096/1243/1096
f 1097/1244/1097 360/401/360 1098/1246/1098
f 694/780/694 1099/1247/1099 1100/1248/1100
f 185/205/185 613/685/613 1101/1249/1101
f 1102/1250/1102 472/526/472 1103/1252/1103
f 1104/1254/1104 509/572/509 1105/1255/1105
f 1106/1256/1106 1010/1143/1010 1107/1257/1107
f 522/586/522 524/588/524 1108/1258/1108
f 534/598/534 1037/1173/1037 1109/1259/1109
f 36/39/36 1110/1260/1110 1111/1261/1111
f 1112/1262/1112 1113/1263/1113 1114/1264/1114
f 1115/1265/1115 164/180/164 1116/1266/1116
f 1117/1267/1117 712/801/712 711/800/711
f 915/1032/915 1118/1268/1118 1119/1269/1119
f 610/681/610 1120/1270/1120 608/679/608
f 1121/1271/1121 993/1124/993 1122/1272/1122
f 814/918/814 1123/1273/1123 815/919/815
f 943/1063/943 945/1065/945 900/1016/900
f 1124/1274/1124 900/1015/900 902/1018/902
f 1125/1276/1125 546/610/546 1126/1277/1126
f 301/336/301 300/335/300 438/490/438
f 113/119/113 1127/1278/1127 386/430/386
f 1128/1280/1128 1129/1281/1129 1130/1282/1130
f 1131/1283/1131 1132/1284/1132 1133/1285/1133
f 1134/1286/1134 1135/1287/1135 1136/1288/1136
f 1137/1289/1137 1138/1290/1138 1139/1291/1139
f 1140/1292/1140 1141/1294/1141 1142/1295/1142
f 675/757/675 619/694/619 1143/1296/1143
f 1144/1297/1144 746/837/746 748/839/748
f 657/736/657 659/739/659 658/737/658
f 119/125/119 118/124/118 1145/1298/1145
f 1146/1299/1146 192/212/192 1147/1301/1147
f 1089/1231/1089 764/862/764 763/860/763
f 1148/1302/1148 1149/1304/1149 1150/1306/1150
f 1151/1307/1151 1149/1305/1149 1148/1303/1148
f 807/911/807 1152/1308/1152 933/1052/933
f 586/657/586 588/659/588 933/1052/933
f 623/699/623 622/698/622 1153/1309/1153
f 1000/1131/1000 274/304/274 789/891/789
f 1154/1310/1154 416/467/416 838/943/838
f 1155/1311/1155 655/733/655 652/730/652
f 1156/1312/1156 1157/1315/1157 1158/1316/1158
f 122/128/122 1159/1317/1159 1160/1318/1160
f 78/84/78 1161/1319/1161 79/85/79
f 1162/1320/1162 229/249/229 513/576/513
f 482/541/482 181/200/181 1163/1322/1163
f 423/474/423 980/1108/980 982/1110/982
f 1164/1323/1164 1165/1324/1165 1166/1325/1166
f 1167/1326/1167 1168/1327/1168 1169/1328/1169
f 1170/1329/1170 1171/1330/1171 1172/1331/1172
f 1173/1332/1173 1174/1333/1174 1175/1334/1175
f 633/709/633 632/708/632 9/11/9
f 500/561/500 1176/1335/1176 1177/1336/1177
f 1178/1338/1178 1179/1339/1179 191/211/191
f 696/783/696 1180/1341/1180 1100/1248/1100
f 630/706/630 629/705/629 1181/1342/1181
f 1182/1343/1182 886/999/886 1183/1344/1183
f 1184/1345/1184 1185/1346/1185 1186/1347/1186
f 1186/1347/1186 1187/1348/1187 1188/1350/1188
f 1189/1351/1189 151/163/151 1190/1354/1190
f 1191/1355/1191 1192/1356/1192 1193/1357/1193
f 1194/1358/1194 1195/1359/1195 503/564/503
f 1196/1360/1196 1197/1362/1197 1198/1363/1198
f 1199/1365/1199 679/762/679 1200/1366/1200
f 1201/1367/1201 1202/1371/1202 1203/1372/1203
f 232/253/232 317/353/317 1204/1373/1204
f 1205/1374/1205 539/603/539 1206/1375/1206
f 1207/1376/1207 302/337/302 304/339/304
f 1208/1377/1208 451/504/451 1209/1378/1209
f 1210/1379/1210 1211/1380/1211 394/440/394
f 1212/1382/1212 1213/1383/1213 916/1034/916
f 844/951/844 1214/1384/1214 1215/1385/1215
f 691/777/691 1216/1386/1216 692/778/692
f 410/461/410 1217/1387/1217 408/459/408
f 764/861/764 1218/1388/1218 762/858/762
f 281/314/281 283/316/283 566/631/566
f 1219/1389/1219 749/841/749 1220/1390/1220
f 1097/1244/1097 1221/1391/1221 360/401/360
f 139/146/139 1222/1392/1222 1223/1393/1223
f 1224/1394/1224 177/194/177 1225/1395/1225
f 833/938/833 834/939/834 1226/1396/1226
f 1227/1397/1227 1228/1398/1228 251/275/251
f 1229/1399/1229 1230/1400/1230 837/942/837
f 1231/1401/1231 73/79/73 75/81/75
f 1232/1402/1232 1233/1403/1233 1234/1404/1234
f 1235/1405/1235 695/781/695 697/784/697
f 1236/1406/1236 1237/1407/1237 1238/1408/1238
f 370/414/370 1239/1409/1239 1240/1411/1240
f 1241/1412/1241 1242/1414/1242 1243/1415/1243
f 919/1038/919 193/213/193 1244/1416/1244
f 1245/1417/1245 625/701/625 627/703/627
f 1246/1418/1246 1247/1419/1247 1248/1420/1248
f 1249/1421/1249 1168/1327/1168 1246/1418/1246
f 1250/1422/1250 1251/1423/1251 34/37/34
f 1252/1424/1252 1065/1205/1065 1253/1425/1253
f 647/725/647 648/726/648 1254/1426/1254
f 1255/1427/1255 647/725/647 1254/1426/1254
f 1256/1428/1256 1257/1430/1257 1258/1431/1258
f 1259/1432/1259 1256/1428/1256 1258/1431/1258
f 1260/1433/1260 1261/1434/1261 1262/1435/1262
f 1263/1436/1263 1264/1437/1264 1265/1438/1265
f 1266/1439/1266 1267/1440/1267 1268/1441/1268
f 1267/1440/1267 1269/1442/1269 1270/1443/1270
f 184/204/184 279/312/279 182/201/182
f 474/530/474 473/528/473 295/329/295
f 1271/1444/1271 219/239/219 531/595/531
f 1272/1445/1272 1273/1446/1273 1271/1444/1271
f 344/381/344 343/380/343 1274/1447/1274
f 347/386/347 574/641/574 345/382/345
f 1084/1226/1084 240/261/240 1085/1227/1085
f 1275/1448/1275 891/1004/891 894/1007/894
f 217/237/217 1276/1449/1276 1277/1450/1277
f 802/906/802 1278/1451/1278 803/907/803
f 1279/1452/1279 1280/1453/1280 1160/1318/1160
f 1152/1308/1152 1281/1454/1281 1282/1455/1282
f 969/1095/969 1283/1456/1283 1284/1457/1284
f 1285/1458/1285 1286/1459/1286 1287/1460/1287
f 1288/1461/1288 1289/1462/1289 299/333/299
f 738/828/738 1095/1240/1095 736/826/736
f 1290/1463/1290 289/323/289 288/322/288
f 1290/1463/1290 1022/1156/1022 1021/1155/1021
f 910/1027/910 1291/1464/1291 296/330/296
f 1292/1465/1292 693/779/693 1293/1466/1293
f 110/116/110 1294/1467/1294 108/114/108
f 1295/1468/1295 498/558/498 497/557/497
f 1296/1469/1296 392/438/392 1297/1470/1297
f 1298/1471/1298 1296/1469/1296 1297/1470/1297
f 314/350/314 1299/1472/1299 966/1092/966
f 1300/1473/1300 1299/1472/1299 1301/1474/1301
f 1302/1475/1302 1303/1477/1303 1304/1479/1304
f 1302/1475/1302 1305/1481/1305 954/1078/954
f 634/710/634 267/293/267 266/291/266
f 1306/1482/1306 876/987/876 95/101/95
f 1307/1483/1307 1308/1485/1308 1309/1487/1309
f 1307/1483/1307 1310/1488/1310 1308/1485/1308
f 1311/1491/1311 1312/1492/1312 1313/1494/1313
f 1102/1251/1102 1314/1497/1314 1315/1498/1315
f 445/498/445 1316/1500/1316 443/496/443
f 754/848/754 1317/1501/1317 1318/1502/1318
f 711/800/711 303/338/303 302/337/302
f 524/588/524 523/587/523 1319/1503/1319
f 1320/1504/1320 1024/1158/1024 1025/1159/1025
f 1321/1506/1321 1322/1507/1322 676/758/676
f 532/596/532 816/920/816 533/597/533
f 1323/1510/1323 701/788/701 700/787/700
f 1121/1271/1121 994/1125/994 993/1124/993
f 1177/1336/1177 1176/1335/1176 501/562/501
f 890/1003/890 1324/1511/1324 888/1001/888
f 1325/1512/1325 677/760/677 182/201/182
f 1326/1513/1326 1186/1347/1186 1188/1350/1188
f 1327/1515/1327 1326/1514/1326 1188/1349/1188
f 1328/1516/1328 641/717/641 640/716/640
f 836/941/836 222/242/222 1329/1517/1329
f 657/735/657 660/740/660 659/738/659
f 1330/1518/1330 1331/1520/1331 318/354/318
f 1332/1521/1332 654/732/654 653/731/653
f 775/875/775 1333/1523/1333 1334/1524/1334
f 81/87/81 1335/1525/1335 1336/1526/1336
f 883/996/883 554/619/554 1335/1525/1335
f 1337/1527/1337 1338/1528/1338 1339/1529/1339
f 1340/1530/1340 1341/1531/1341 1342/1532/1342
f 1048/1184/1048 1343/1533/1343 1049/1185/1049
f 718/807/718 1344/1534/1344 719/808/719
f 1345/1535/1345 1346/1536/1346 1347/1537/1347
f 353/393/353 352/391/352 1345/1535/1345
f 96/102/96 1348/1538/1348 1349/1539/1349
f 1350/1540/1350 1077/1218/1077 1351/1541/1351
f 822/927/822 824/929/824 1352/1542/1352
f 638/714/638 1353/1543/1353 636/712/636
f 1354/1545/1354 946/1067/946 357/398/357
f 662/742/662 611/683/611 1355/1546/1355
f 412/463/412 1356/1547/1356 413/464/413
f 412/463/412 1357/1548/1357 1358/1549/1358
f 551/615/551 1359/1550/1359 1360/1551/1360
f 1361/1552/1361 341/378/341 74/80/74
f 812/916/812 811/915/811 1362/1553/1362
f 1363/1554/1363 1320/1504/1320 1025/1159/1025
f 477/534/477 1364/1555/1364 1365/1556/1365
f 1366/1557/1366 1367/1558/1367 1073/1213/1073
f 1368/1559/1368 1369/1560/1369 1370/1561/1370
f 335/371/335 334/370/334 875/986/875
f 59/62/59 1371/1562/1371 1372/1563/1372
f 947/1068/947 374/418/374 948/1070/948
f 453/506/453 452/505/452 1373/1564/1373
f 1374/1565/1374 1375/1566/1375 1376/1567/1376
f 843/950/843 1377/1568/1377 846/953/846
f 1378/1570/1378 1379/1571/1379 1380/1572/1380
f 1381/1574/1381 1382/1575/1382 98/104/98
f 1317/1501/1317 1381/1574/1381 1383/1576/1383
f 1384/1577/1384 818/922/818 1385/1578/1385
f 1386/1579/1386 1387/1580/1387 666/746/666
f 1388/1581/1388 1389/1582/1389 1390/1583/1390
f 61/64/61 420/471/420 62/65/62
f 1391/1585/1391 464/518/464 1392/1587/1392
f 1392/1586/1392 243/265/243 329/365/329
f 683/766/683 1393/1588/1393 684/767/684
f 1394/1589/1394 637/713/637 1395/1590/1395
f 716/805/716 1396/1591/1396 1397/1592/1397
f 1398/1593/1398 1399/1594/1399 1400/1595/1400
f 37/40/37 1401/1597/1401 1402/1598/1402
f 1403/1599/1403 1404/1600/1404 1405/1601/1405
f 530/594/530 1406/1602/1406 528/592/528
f 744/835/744 1407/1603/1407 1408/1604/1408
f 590/661/590 254/278/254 253/277/253
f 942/1062/942 687/771/687 686/770/686
f 176/193/176 1409/1605/1409 174/191/174
f 710/799/710 709/798/709 1409/1605/1409
f 1410/1606/1410 409/460/409 408/459/408
f 819/923/819 820/924/820 817/921/817
f 1411/1607/1411 1412/1608/1412 511/574/511
f 354/395/354 126/132/126 1413/1609/1413
f 342/379/342 1094/1239/1094 1017/1151/1017
f 1414/1610/1414 1094/1238/1094 1093/1237/1093
f 1415/1612/1415 519/583/519 1416/1613/1416
f 940/1059/940 939/1058/939 1417/1615/1417
f 726/815/726 1418/1617/1418 724/813/724
f 167/184/167 1419/1618/1419 1001/1132/1001
f 1420/1620/1420 1146/1299/1146 1147/1301/1147
f 1420/1619/1420 1147/1300/1147 1421/1621/1421
f 1422/1622/1422 1423/1623/1423 1013/1147/1013
f 137/144/137 380/424/380 135/142/135
f 1182/1343/1182 1424/1624/1424 350/389/350
f 350/389/350 921/1040/921 348/387/348
f 1163/1322/1163 1425/1625/1425 482/541/482
f 1142/1295/1142 1426/1626/1426 1140/1292/1140
f 984/1112/984 307/342/307 306/341/306
f 582/651/582 986/1115/986 580/649/580
f 970/1096/970 1427/1627/1427 1428/1628/1428
f 1429/1629/1429 1428/1628/1428 218/238/218
f 200/220/200 199/219/199 650/728/650
f 650/728/650 652/730/652 200/220/200
f 101/107/101 601/672/601 99/105/99
f 1430/1630/1430 1431/1631/1431 1432/1632/1432
f 338/375/338 1433/1635/1433 336/372/336
f 1434/1636/1434 1435/1637/1435 1436/1638/1436
f 1377/1568/1377 845/952/845 846/953/846
f 39/42/39 38/41/38 1437/1640/1437
f 1438/1641/1438 778/880/778 780/882/780
f 1439/1642/1439 1440/1643/1440 1441/1644/1441
f 1017/1151/1017 1442/1645/1442 1015/1149/1015
f 1013/1147/1013 1443/1647/1443 1422/1622/1422
f 136/143/136 751/845/751 1444/1648/1444
f 1444/1648/1444 1445/1649/1445 1137/1289/1137
f 1446/1650/1446 255/279/255 1447/1651/1447
f 1447/1651/1447 1448/1652/1448 999/1130/999
f 915/1032/915 1119/1269/1119 1449/1653/1449
f 1450/1655/1450 1451/1657/1451 1452/1658/1452
f 956/1080/956 331/367/331 330/366/330
f 1453/1659/1453 1454/1660/1454 82/88/82
f 1233/1403/1233 1232/1402/1232 1455/1661/1455
f 1233/1403/1233 325/361/325 324/360/324
f 781/883/781 1456/1662/1456 1457/1663/1457
f 917/1036/917 1118/1268/1118 915/1032/915
f 863/974/863 1458/1664/1458 1459/1665/1459
f 436/488/436 1460/1666/1460 1242/1414/1242
f 925/1044/925 1461/1667/1461 924/1043/924
f 1462/1668/1462 239/260/239 238/259/238
f 1337/1527/1337 1463/1669/1463 1338/1528/1338
f 1287/1460/1287 1464/1670/1464 1465/1671/1465
f 1263/1436/1263 1466/1672/1466 143/152/143
f 1466/1672/1466 1263/1436/1263 1265/1438/1265
f 1030/1164/1030 1467/1673/1467 515/578/515
f 601/672/601 101/107/101 1468/1675/1468
f 1313/1494/1313 421/472/421 1469/1676/1469
f 422/473/422 421/472/421 1313/1494/1313
f 1470/1677/1470 1471/1678/1471 1472/1679/1472
f 1350/1540/1350 1472/1680/1472 1077/1218/1077
f 1473/1681/1473 517/581/517 1474/1683/1474
f 1475/1684/1475 1476/1685/1476 1477/1687/1477
f 961/1085/961 964/1089/964 962/1087/962
f 525/589/525 1478/1688/1478 526/590/526
f 1129/1281/1129 1479/1689/1479 1480/1690/1480
f 1481/1692/1481 1201/1367/1201 1482/1693/1482
f 1483/1694/1483 168/185/168 1484/1695/1484
f 1485/1696/1485 1486/1697/1486 1143/1296/1143
f 1487/1698/1487 447/500/447 1488/1699/1488
f 1207/1376/1207 1488/1699/1488 451/504/451
f 1489/1700/1489 922/1041/922 1490/1701/1490
f 1491/1702/1491 1492/1703/1492 1493/1704/1493
f 389/434/389 379/423/379 381/425/381
f 1494/1705/1494 1495/1707/1495 1021/1155/1021
f 1135/1287/1135 771/870/771 770/869/770
f 1496/1708/1496 1497/1709/1497 1132/1284/1132
f 91/97/91 313/349/313 92/98/92
f 1498/1710/1498 819/923/819 818/922/818
f 1164/1323/1164 1499/1711/1499 1500/1712/1500
f 7/9/7 1499/1711/1499 1164/1323/1164
f 235/256/235 1501/1713/1501 236/257/236
f 1502/1714/1502 726/815/726 725/814/725
f 553/617/553 1503/1716/1503 551/615/551
f 273/303/273 272/302/272 1504/1718/1504
f 926/1045/926 927/1046/927 1505/1719/1505
f 894/1007/894 1506/1720/1506 708/797/708
f 1073/1213/1073 1507/1721/1507 1366/1557/1366
f 1507/1721/1507 457/511/457 1508/1722/1508
f 227/247/227 226/246/226 495/554/495
f 1063/1201/1063 1509/1723/1509 1510/1724/1510
f 1376/1567/1376 305/340/305 988/1118/988
f 1376/1567/1376 456/510/456 1374/1565/1374
f 1511/1725/1511 946/1067/946 1512/1726/1512
f 1513/1727/1513 504/565/504 506/568/506
f 1270/1443/1270 1269/1442/1269 1514/1729/1514
f 880/991/880 1515/1731/1515 881/993/881
f 873/984/873 872/983/872 1516/1732/1516
f 1517/1733/1517 154/166/154 1518/1734/1518
f 645/722/645 1519/1735/1519 646/724/646
f 646/724/646 1519/1735/1519 702/789/702
f 1072/1212/1072 322/358/322 1071/1211/1071
f 1072/1212/1072 320/356/320 319/355/319
f 1520/1736/1520 1521/1737/1521 1522/1738/1522
f 134/141/134 133/139/133 1523/1739/1523
f 677/760/677 183/202/183 182/201/182
f 1322/1507/1322 677/759/677 676/758/676
f 1524/1740/1524 1525/1741/1525 967/1093/967
f 656/734/656 658/737/658 1526/1742/1526
f 1527/1743/1527 276/307/276 624/700/624
f 1153/1309/1153 1528/1744/1528 1522/1738/1522
f 1529/1745/1529 490/549/490 1530/1746/1530
f 1530/1746/1530 1531/1747/1531 1532/1750/1532
f 244/266/244 1533/1751/1533 1534/1752/1534
f 1535/1753/1535 484/543/484 483/542/483
f 253/277/253 1536/1754/1536 589/660/589
f 1281/1454/1281 808/912/808 1282/1455/1282
f 1279/1452/1279 1537/1755/1537 1280/1453/1280
f 1537/1755/1537 593/664/593 592/663/592
f 910/1027/910 196/216/196 1291/1464/1291
f 1538/1756/1538 1539/1757/1539 1255/1427/1255
f 1161/1319/1161 78/84/78 147/156/147
f 953/1077/953 570/637/570 53/56/53
f 1540/1758/1540 882/995/882 461/515/461
f 1540/1758/1540 1305/1480/1305 1302/1476/1302
f 532/596/532 1541/1759/1541 816/920/816
f 1108/1258/1108 1342/1532/1342 522/586/522
f 227/247/227 260/284/260 259/283/259
f 1542/1760/1542 1155/1311/1155 652/730/652
f 1421/1621/1421 3/4/3 2/3/2
f 668/748/668 1386/1579/1386 666/746/666
f 1105/1255/1105 1106/1256/1106 1107/1257/1107
f 880/991/880 249/273/249 1543/1761/1543
f 1199/1365/1199 1200/1366/1200 1544/1762/1544
f 469/523/469 1545/1763/1545 470/524/470
f 1546/1764/1546 928/1047/928 1547/1766/1547
f 1548/1767/1548 928/1047/928 24/26/24
f 45/48/45 371/415/371 1549/1768/1549
f 802/906/802 801/905/801 1550/1769/1550
f 163/178/163 1217/1387/1217 164/179/164
f 1551/1770/1551 271/300/271 1552/1773/1552
f 1553/1775/1553 1178/1337/1178 899/1014/899
f 1180/1340/1180 696/782/696 695/781/695
f 968/1094/968 941/1060/941 376/420/376
f 689/775/689 941/1061/941 690/776/690
f 440/493/440 442/495/442 753/847/753
f 1554/1779/1554 429/480/429 1555/1780/1555
f 444/497/444 1556/1781/1556 445/498/445
f 1557/1782/1557 385/429/385 854/963/854
f 907/1024/907 555/620/555 905/1022/905
f 326/362/326 325/361/325 1558/1783/1558
f 1244/1416/1244 920/1039/920 919/1038/919
f 849/956/849 851/960/851 1559/1784/1559
f 1404/1600/1404 289/323/289 1405/1601/1405
f 1560/1785/1560 1561/1786/1561 1198/1364/1198
f 287/321/287 902/1018/902 901/1017/901
f 287/320/287 289/323/289 902/1019/902
f 471/525/471 1562/1787/1562 1051/1187/1051
f 189/209/189 1563/1788/1563 468/522/468
f 413/464/413 1564/1789/1564 1565/1790/1565
f 1248/1420/1248 728/817/728 1246/1418/1246
f 474/531/474 579/648/579 1566/1791/1566
f 474/530/474 809/913/809 1567/1793/1567
f 1524/1740/1524 1568/1794/1568 1525/1741/1525
f 1569/1795/1569 1406/1602/1406 530/594/530
f 354/395/354 1413/1609/1413 355/396/355
f 1515/1731/1515 355/396/355 128/134/128
f 1570/1796/1570 1571/1797/1571 1016/1150/1016
f 1572/1798/1572 144/153/144 146/155/146
f 1573/1799/1573 1134/1286/1134 1136/1288/1136
f 575/642/575 974/1101/974 975/1103/975
f 1574/1800/1574 1575/1801/1575 1576/1802/1576
f 978/1106/978 1577/1803/1577 976/1104/976
f 400/447/400 1578/1804/1578 398/444/398
f 1578/1804/1578 961/1085/961 963/1088/963
f 93/99/93 213/233/213 428/479/428
f 1008/1140/1008 230/251/230 1007/1139/1007
f 1579/1805/1579 1580/1806/1580 1581/1807/1581
f 1269/1442/1269 1211/1381/1211 1514/1729/1514
f 310/346/310 1582/1808/1582 308/344/308
f 1318/1502/1318 1317/1501/1317 1383/1576/1383
f 1487/1698/1487 448/501/448 447/500/447
f 988/1118/988 307/342/307 1583/1809/1583
f 886/999/886 1584/1811/1584 1183/1344/1183
f 1325/1512/1325 1585/1812/1585 353/394/353
f 684/767/684 1586/1813/1586 1587/1814/1587
f 1337/1527/1337 1588/1815/1588 1465/1671/1465
f 786/888/786 1589/1816/1589 250/274/250
f 6/8/6 1590/1817/1590 1504/1718/1504
f 1369/1560/1369 1053/1189/1053 1370/1561/1370
f 1370/1561/1370 1053/1189/1053 1591/1818/1591
f 363/406/363 804/908/804 806/910/806
f 21/23/21 20/22/20 35/38/35
f 555/620/555 907/1024/907 556/621/556
f 1592/1819/1592 275/306/275 1593/1820/1593
f 475/532/475 477/534/477 1594/1821/1594
f 1594/1821/1594 477/534/477 1595/1822/1595
f 1076/1217/1076 1596/1824/1596 211/231/211
f 30/33/30 582/652/582 28/31/28
f 887/1000/887 886/999/886 605/676/605
f 1091/1233/1091 1597/1826/1597 1092/1236/1092
f 1399/1594/1399 1598/1827/1598 1400/1595/1400
f 594/665/594 1400/1596/1400 951/1075/951
f 1599/1828/1599 505/567/505 1600/1829/1600
f 1601/1832/1601 1602/1834/1602 69/72/69
f 384/428/384 852/961/852 669/749/669
f 1603/1836/1603 855/964/855 1604/1837/1604
f 1605/1838/1605 1606/1839/1606 633/709/633
f 877/988/877 1606/1839/1606 1607/1840/1607
f 264/288/264 976/1104/976 402/450/402
f 1608/1841/1608 262/286/262 264/288/264
f 869/980/869 868/979/868 1165/1324/1165
f 1169/1328/1169 730/819/730 1167/1326/1167
f 1609/1842/1609 1610/1843/1610 645/721/645
f 1546/1764/1546 1547/1766/1547 1611/1845/1611
f 1068/1208/1068 467/521/467 1069/1209/1069
f 1180/1341/1180 1612/1846/1612 1100/1248/1100
f 1552/1773/1552 761/857/761 595/666/595
f 1171/1330/1171 1090/1232/1090 1552/1773/1552
f 711/800/711 1613/1847/1613 1117/1267/1117
f 302/337/302 1613/1847/1613 711/800/711
f 1614/1848/1614 1312/1493/1312 1615/1850/1615
f 1103/1252/1103 578/647/578 1101/1249/1101
f 785/887/785 1616/1851/1616 1617/1852/1617
f 1009/1142/1009 1616/1851/1616 1618/1853/1618
f 571/638/571 853/962/853 952/1076/952
f 1619/1854/1619 571/638/571 850/958/850
f 703/790/703 1620/1855/1620 704/792/704
f 1196/1360/1196 1621/1857/1621 1622/1859/1622
f 792/895/792 1623/1862/1623 212/232/212
f 212/232/212 793/896/793 792/895/792
f 1624/1863/1624 1625/1865/1625 1626/1866/1626
f 1625/1865/1625 1627/1867/1627 1289/1462/1289
f 1184/1345/1184 1628/1869/1628 1629/1870/1629
f 1493/1704/1493 1492/1703/1492 1628/1869/1628
f 110/116/110 109/115/109 496/556/496
f 899/1014/899 898/1013/898 1553/1775/1553
f 45/48/45 44/47/44 685/769/685
f 404/454/404 1523/1739/1523 133/139/133
f 60/63/60 47/50/47 58/61/58
f 1319/1503/1319 47/50/47 1399/1594/1399
f 315/351/315 1630/1871/1630 170/187/170
f 166/182/166 1631/1872/1631 658/737/658
f 867/978/867 866/977/866 1166/1325/1166
f 1632/1873/1632 1633/1874/1633 1634/1875/1634
f 1635/1876/1635 42/45/42 909/1026/909
f 1636/1877/1636 909/1026/909 1637/1878/1637
f 1224/1394/1224 1225/1395/1225 1638/1879/1638
f 1639/1880/1639 1225/1395/1225 1425/1625/1425
f 585/656/585 1640/1881/1640 583/653/583
f 98/104/98 1382/1575/1382 441/494/441
f 1128/1280/1128 1641/1882/1641 751/845/751
f 1642/1883/1642 380/424/380 1643/1884/1643
f 197/217/197 649/727/649 1644/1885/1644
f 198/218/198 197/217/197 1645/1886/1645
f 1646/1887/1646 407/458/407 1647/1888/1647
f 1373/1564/1373 452/505/452 1646/1887/1646
f 1622/1861/1622 1621/1858/1621 1648/1889/1648
f 1198/1364/1198 1561/1786/1561 1649/1890/1649
f 625/701/625 871/982/871 873/984/873
f 14/16/14 459/513/459 15/17/15
f 1650/1891/1650 698/785/698 450/503/450
f 815/919/815 1651/1892/1651 813/917/813
f 1652/1893/1652 1586/1813/1586 684/767/684
f 1653/1894/1653 1654/1895/1654 1395/1590/1395
f 1283/1456/1283 1655/1896/1655 1371/1562/1371
f 47/50/47 46/49/46 58/61/58
f 298/332/298 1656/1897/1656 1657/1898/1657
f 1134/1286/1134 573/640/573 1657/1898/1657
f 403/451/403 402/450/402 1658/1899/1658
f 1190/1354/1190 151/163/151 1193/1357/1193
f 1047/1183/1047 1049/1185/1049 1659/1900/1659
f 340/377/340 1660/1901/1660 552/616/552
f 1661/1904/1661 1662/1905/1662 1485/1696/1485
f 1661/1903/1661 1663/1907/1663 1664/1909/1664
f 359/400/359 358/399/358 1665/1910/1665
f 1617/1852/1617 784/886/784 785/887/785
f 830/935/830 829/934/829 832/937/832
f 832/937/832 1556/1781/1556 54/57/54
f 578/647/578 1566/1791/1566 579/648/579
f 1666/1911/1666 578/647/578 1103/1252/1103
f 1309/1487/1309 1451/1656/1451 1667/1912/1667
f 1668/1913/1668 1451/1657/1451 1450/1655/1450
f 308/344/308 1582/1808/1582 1669/1915/1669
f 957/1081/957 312/348/312 1670/1916/1670
f 615/687/615 1671/1917/1671 1315/1498/1315
f 1671/1917/1671 1594/1821/1594 1315/1498/1315
f 847/954/847 918/1037/918 1672/1918/1672
f 923/1042/923 1673/1919/1673 921/1040/921
f 544/608/544 1674/1920/1674 542/606/542
f 1675/1921/1675 320/356/320 1676/1922/1676
f 1677/1923/1677 1678/1924/1678 1159/1317/1159
f 1159/1317/1159 1678/1924/1678 678/761/678
f 1679/1925/1679 308/344/308 1019/1153/1019
f 854/963/854 1019/1153/1019 1603/1836/1603
f 1362/1553/1362 1680/1926/1680 812/916/812
f 1680/1926/1680 291/325/291 290/324/290
f 620/696/620 1158/1316/1158 1677/1923/1677
f 618/693/618 620/696/620 1663/1907/1663
f 1681/1927/1681 1141/1294/1141 1140/1292/1140
f 750/843/750 821/926/821 1682/1929/1682
f 1683/1930/1683 1044/1180/1044 1043/1179/1043
f 799/903/799 217/237/217 1683/1930/1683
f 1003/1135/1003 1684/1931/1684 1685/1932/1685
f 1003/1135/1003 1685/1932/1685 1686/1933/1686
f 1687/1934/1687 718/807/718 717/806/717
f 1532/1750/1532 858/968/858 859/970/859
f 1688/1935/1688 1403/1599/1403 1405/1601/1405
f 1689/1936/1689 1690/1938/1690 1691/1939/1691
f 838/943/838 643/719/643 837/942/837
f 225/245/225 1692/1940/1692 226/246/226
f 562/627/562 561/626/561 936/1055/936
f 1693/1941/1693 106/112/106 337/373/337
f 1328/1516/1328 1329/1517/1329 17/19/17
f 17/19/17 588/659/588 587/658/587
f 882/995/882 1304/1478/1304 1060/1198/1060
f 1392/1586/1392 329/365/329 328/364/328
f 1694/1942/1694 1695/1945/1695 106/112/106
f 1696/1946/1696 1697/1948/1697 732/821/732
f 113/119/113 386/430/386 1698/1949/1698
f 567/632/567 563/628/563 1073/1213/1073
f 1699/1950/1699 1700/1951/1700 560/625/560
f 1701/1952/1701 1433/1633/1433 1702/1955/1702
f 1357/1548/1357 1703/1956/1703 1704/1957/1704
f 1357/1548/1357 825/930/825 1703/1956/1703
f 1705/1958/1705 64/67/64 66/69/66
f 1510/1724/1510 1509/1723/1509 226/246/226
f 373/417/373 798/902/798 371/415/371
f 970/1096/970 1428/1628/1428 968/1094/968
f 115/121/115 237/258/237 323/359/323
f 614/686/614 990/1120/990 989/1119/989
f 1522/1738/1522 1528/1744/1528 1000/1131/1000
f 1522/1738/1522 1000/1131/1000 1520/1736/1520
f 1447/1651/1447 999/1130/999 998/1129/998
f 1706/1959/1706 1707/1960/1707 273/303/273
f 1068/1208/1068 1067/1207/1067 1066/1206/1066
f 493/552/493 491/550/491 494/553/494
f 1708/1961/1708 1709/1962/1709 1710/1963/1710
f 651/729/651 417/468/417 416/467/416
f 1026/1160/1026 1711/1964/1711 1027/1161/1027
f 517/580/517 516/579/516 1082/1224/1082
f 1474/1683/1474 797/900/797 1473/1681/1473
f 1030/1164/1030 515/578/515 1712/1965/1712
f 479/537/479 1426/1626/1426 480/539/480
f 63/66/63 1713/1966/1713 178/195/178
f 1708/1961/1708 223/243/223 222/242/222
f 1708/1961/1708 1710/1963/1710 1226/1396/1226
f 1002/1133/1002 1684/1931/1684 1003/1135/1003
f 812/916/812 577/646/577 810/914/810
f 1714/1967/1714 453/506/453 1373/1564/1373
f 456/510/456 455/509/455 1374/1565/1374
f 1715/1968/1715 595/666/595 594/665/594
f 1716/1969/1716 1717/1970/1717 1174/1333/1174
f 733/823/733 1624/1864/1624 1380/1572/1380
f 1380/1572/1380 1379/1571/1379 1718/1971/1718
f 1415/1611/1415 1719/1973/1719 1720/1974/1720
f 1415/1611/1415 1720/1974/1720 1721/1975/1721
f 1722/1976/1722 841/947/841 1723/1978/1723
f 621/697/621 1724/1979/1724 622/698/622
f 609/680/609 608/679/608 1725/1980/1725
f 1012/1146/1012 1726/1982/1726 1725/1980/1725
f 873/984/873 1516/1732/1516 334/370/334
f 626/702/626 460/514/460 627/703/627
f 1727/1983/1727 1728/1984/1728 1729/1985/1729
f 1098/1246/1098 1730/1986/1730 1097/1244/1097
f 31/34/31 1731/1987/1731 32/35/32
f 1083/1225/1083 944/1064/944 943/1063/943
f 1533/1751/1533 1732/1988/1732 1535/1753/1535
f 1733/1989/1733 246/269/246 1668/1913/1668
f 162/176/162 1397/1592/1397 1396/1591/1396
f 1734/1990/1734 1115/1265/1115 1116/1266/1116
f 1229/1399/1229 1228/1398/1228 1227/1397/1227
f 643/719/643 642/718/642 1228/1398/1228
f 1085/1227/1085 1735/1991/1735 1736/1992/1736
f 1086/1228/1086 1085/1227/1085 1736/1992/1736
f 1737/1993/1737 1112/1262/1112 1738/1994/1738
f 34/37/34 1739/1995/1739 1250/1422/1250
f 239/260/239 1740/1996/1740 891/1004/891
f 1740/1996/1740 1461/1667/1461 1741/1997/1741
f 1742/1998/1742 739/830/739 378/422/378
f 1743/1999/1743 378/422/378 1423/1623/1423
f 693/779/693 1292/1465/1292 1744/2000/1744
f 1125/1276/1125 1744/2000/1744 546/610/546
f 928/1047/928 537/601/537 912/1029/912
f 1745/2001/1745 1746/2002/1746 1747/2003/1747
f 1748/2004/1748 1536/1754/1536 1749/2005/1749
f 129/135/129 1536/1754/1536 1748/2004/1748
f 1750/2006/1750 533/597/533 1751/2007/1751
f 1651/1892/1651 1750/2006/1750 1751/2007/1751
f 1752/2008/1752 1595/1823/1595 293/327/293
f 1753/2009/1753 1595/1823/1595 1752/2008/1752
f 1424/1624/1424 921/1040/921 350/389/350
f 1181/1342/1181 1490/1701/1490 1424/1624/1424
f 1754/2011/1754 1417/1615/1417 939/1058/939
f 518/582/518 81/87/81 1593/1820/1593
f 1011/1144/1011 1726/1981/1726 1012/1145/1012
f 1755/2014/1755 1756/2015/1756 1757/2016/1757
f 1758/2017/1758 1430/1630/1430 1432/1632/1432
f 1056/1194/1056 1759/2018/1759 1055/1193/1055
f 1760/2019/1760 11/13/11 10/12/10
f 1761/2020/1761 469/523/469 1762/2021/1762
f 1757/2016/1757 509/572/509 354/395/354
f 1763/2022/1763 126/132/126 354/395/354
f 1764/2023/1764 508/571/508 507/570/507
f 1029/1163/1029 1031/1165/1031 1764/2023/1764
f 795/898/795 104/110/104 796/899/796
f 199/219/199 104/110/104 1389/1582/1389
f 575/642/575 975/1103/975 576/643/576
f 973/1100/973 576/644/576 972/1098/972
f 1765/2024/1765 1766/2025/1766 220/240/220
f 1286/1459/1286 1285/1458/1285 1284/1457/1284
f 1767/2026/1767 937/1056/937 559/624/559
f 707/796/707 465/519/465 934/1053/934
f 1574/1800/1574 1576/1802/1576 1006/1138/1006
f 1005/1137/1005 267/293/267 1006/1138/1006
f 1768/2027/1768 543/607/543 1769/2028/1769
f 543/607/543 232/253/232 1204/1373/1204
f 890/1003/890 889/1002/889 1770/2029/1770
f 1181/1342/1181 13/15/13 630/706/630
f 1586/1813/1586 1588/1815/1588 1587/1814/1587
f 1771/2030/1771 1588/1815/1588 221/241/221
f 1239/1409/1239 1241/1413/1241 1240/1411/1240
f 367/411/367 709/798/709 1772/2031/1772
f 1062/1200/1062 1061/1199/1061 260/284/260
f 895/1009/895 896/1010/896 1773/2033/1773
f 1774/2034/1774 447/500/447 446/499/446
f 1774/2034/1774 1488/1699/1488 447/500/447
f 672/752/672 285/318/285 673/755/673
f 1443/1647/1443 1442/1645/1442 1775/2036/1775
f 1776/2037/1776 645/722/645 1390/1583/1390
f 645/721/645 1610/1843/1610 1390/1584/1390
f 1067/1207/1067 1777/2038/1777 1530/1746/1530
f 108/114/108 1778/2039/1778 1779/2040/1779
f 1741/1997/1741 1461/1667/1461 925/1044/925
f 435/487/435 1780/2041/1780 436/488/436
f 120/126/120 122/128/122 1781/2042/1781
f 1781/2042/1781 1281/1454/1281 1152/1308/1152
f 148/158/148 1782/2043/1782 1783/2044/1783
f 194/214/194 1784/2045/1784 1723/1978/1723
f 1208/1377/1208 1209/1378/1209 1785/2046/1785
f 203/223/203 1651/1892/1651 816/920/816
f 521/585/521 1786/2047/1786 940/1059/940
f 956/1080/956 1786/2047/1786 331/367/331
f 1445/1649/1445 1138/1290/1138 1137/1289/1137
f 478/536/478 1138/1290/1138 479/538/479
f 1573/1799/1573 145/154/145 144/153/144
f 1573/1799/1573 1136/1288/1136 145/154/145
f 397/443/397 1299/1472/1299 1300/1473/1300
f 1300/1473/1300 395/441/395 397/443/397
f 1700/1951/1700 561/626/561 560/625/560
f 559/624/559 1700/1951/1700 557/622/557
f 1121/1271/1121 1122/1272/1122 210/230/210
f 698/785/698 699/786/699 814/918/814
f 1565/1790/1565 1043/1179/1043 1787/2048/1787
f 1272/1445/1272 826/931/826 1046/1182/1046
f 913/1030/913 1581/1807/1581 914/1031/914
f 1788/2049/1788 1457/1663/1457 1789/2050/1789
f 486/545/486 392/438/392 487/546/487
f 1267/1440/1267 1266/1439/1266 392/438/392
f 934/1053/934 465/519/465 935/1054/935
f 1302/1475/1302 954/1078/954 1303/1477/1303
f 1497/1709/1497 549/613/549 773/872/773
f 773/872/773 1132/1284/1132 1497/1709/1497
f 358/399/358 946/1067/946 1511/1725/1511
f 1790/2051/1790 1731/1987/1731 31/34/31
f 1791/2052/1791 606/677/606 207/227/207
f 1018/1152/1018 957/1081/957 1791/2052/1791
f 1792/2053/1792 1793/2054/1793 1794/2055/1794
f 1793/2054/1793 1792/2053/1792 1409/1605/1409
f 1650/1891/1650 30/33/30 698/785/698
f 985/1114/985 582/652/582 30/33/30
f 1795/2056/1795 1333/1523/1333 896/1010/896
f 896/1010/896 1333/1523/1333 1773/2033/1773
f 1127/1278/1127 1796/2058/1796 386/430/386
f 1481/1692/1481 1482/1693/1482 386/430/386
f 900/1016/900 945/1065/945 1599/1828/1599
f 1600/1829/1600 900/1016/900 1599/1828/1599
f 1090/1232/1090 1171/1330/1171 1170/1329/1170
f 268/294/268 1347/1537/1347 56/59/56
f 1797/2059/1797 1798/2060/1798 23/25/23
f 23/25/23 1798/2060/1798 742/833/742
f 1435/1637/1435 1434/1636/1434 1048/1184/1048
f 1343/1533/1343 1048/1184/1048 719/808/719
f 1799/2061/1799 1754/2012/1754 839/944/839
f 460/514/460 1799/2061/1799 157/169/157
f 1433/1634/1433 338/374/338 1800/2062/1800
f 1696/1947/1696 1368/1559/1368 1800/2062/1800
f 1010/1143/1010 1009/1142/1009 1618/1853/1618
f 1801/2063/1801 1309/1487/1309 1010/1143/1010
f 1802/2065/1802 1414/1610/1414 1096/1243/1096
f 1442/1646/1442 1803/2067/1803 1802/2065/1802
f 807/911/807 426/477/426 121/127/121
f 616/689/616 1662/1906/1662 1257/1430/1257
f 409/460/409 26/28/26 820/924/820
f 820/924/820 406/457/406 1804/2068/1804
f 319/355/319 1407/1603/1407 744/835/744
f 526/590/526 1478/1688/1478 1407/1603/1407
f 1035/1171/1035 1034/1169/1034 1032/1166/1032
f 1034/1170/1034 1805/2069/1805 1032/1167/1032
f 799/903/799 802/906/802 800/904/800
f 802/906/802 799/903/799 1278/1451/1278
f 296/330/296 1291/1464/1291 1806/2070/1806
f 1806/2070/1806 1497/1709/1497 1496/1708/1496
f 485/544/485 484/543/484 782/884/782
f 1737/1993/1737 1113/1263/1113 1112/1262/1112
f 1454/1660/1454 1807/2071/1807 462/516/462
f 463/517/463 462/516/462 1807/2071/1807
f 96/102/96 1350/1540/1350 1351/1541/1351
f 96/102/96 1640/1881/1640 585/656/585
f 350/389/350 349/388/349 604/675/604
f 604/675/604 1146/1299/1146 1420/1620/1420
f 69/72/69 68/71/68 680/763/680
f 1223/1393/1223 1601/1832/1601 69/72/69
f 1808/2072/1808 826/931/826 1809/2073/1809
f 1809/2073/1809 1271/1444/1271 531/595/531
f 911/1028/911 22/24/22 535/599/535
f 1810/2074/1810 1797/2059/1797 42/45/42
f 156/168/156 1185/1346/1185 1811/2075/1811
f 1811/2075/1811 1245/1417/1245 627/703/627
f 1812/2076/1812 1813/2077/1813 21/23/21
f 1814/2078/1814 1815/2079/1815 34/37/34
f 1431/1631/1431 1816/2080/1816 1432/1632/1432
f 1431/1631/1431 1817/2081/1817 1816/2080/1816
f 112/118/112 1127/1278/1127 113/119/113
f 1130/1282/1130 1641/1882/1641 1128/1280/1128
f 1459/1665/1459 862/973/862 863/974/863
f 863/974/863 1818/2082/1818 1057/1195/1057
f 299/333/299 1289/1462/1289 973/1100/973
f 738/828/738 737/827/737 346/384/346
f 1782/2043/1782 1819/2083/1819 194/214/194
f 147/156/147 78/84/78 1819/2084/1819
f 1365/1556/1365 1364/1555/1364 1366/1557/1366
f 889/1002/889 1075/1215/1075 1820/2085/1820
f 992/1123/992 995/1126/995 499/560/499
f 83/89/83 86/92/86 499/560/499
f 422/473/422 1313/1494/1313 1821/2086/1821
f 1822/2087/1822 1821/2086/1821 1614/1849/1614
f 904/1021/904 114/120/114 1823/2089/1823
f 1823/2089/1823 1144/1297/1144 748/839/748
f 1126/1277/1126 300/334/300 1125/1276/1125
f 774/873/774 549/613/549 300/334/300
f 255/279/255 1824/2090/1824 253/277/253
f 788/890/788 1825/2091/1825 1446/1650/1446
f 1826/2092/1826 1827/2093/1827 615/688/615
f 1469/1676/1469 421/472/421 615/688/615
f 1694/1942/1694 106/112/106 105/111/105
f 1694/1943/1694 1305/1480/1305 955/1079/955
f 1163/1322/1163 1639/1880/1639 1425/1625/1425
f 1639/1880/1639 1828/2094/1828 423/474/423
f 1389/1582/1389 1388/1581/1388 199/219/199
f 1388/1581/1388 1829/2095/1829 1830/2096/1830
f 425/476/425 981/1109/981 903/1020/903
f 983/1111/983 981/1109/981 425/476/425
f 1831/2097/1831 1832/2098/1832 1833/2099/1833
f 381/425/381 1494/1706/1494 389/434/389
f 603/674/603 886/999/886 1182/1343/1182
f 605/676/605 886/999/886 603/674/603
f 228/248/228 97/103/97 49/52/49
f 205/225/205 607/678/607 1349/1539/1349
f 1188/1350/1188 158/170/158 1834/2100/1834
f 1327/1515/1327 1188/1349/1188 1834/2101/1834
f 791/893/791 427/478/427 790/892/790
f 427/478/427 791/893/791 430/481/430
f 1835/2102/1835 1836/2103/1836 130/136/130
f 949/1072/949 1717/1970/1717 950/1073/950
f 746/837/746 1837/2104/1837 747/838/747
f 1837/2104/1837 116/122/116 743/834/743
f 168/185/168 118/124/118 1484/1695/1484
f 1631/1872/1631 1145/1298/1145 118/124/118
f 822/927/822 1633/1874/1633 1358/1549/1358
f 413/464/413 1356/1547/1356 729/818/729
f 1649/1890/1649 1561/1786/1561 759/855/759
f 759/855/759 1561/1786/1561 1401/1597/1401
f 1687/1934/1687 717/806/717 1532/1749/1532
f 1532/1749/1532 1531/1748/1531 1687/1934/1687
f 1838/2105/1838 312/348/312 1018/1152/1018
f 313/349/313 312/348/312 92/98/92
f 821/925/821 749/841/749 1219/1389/1219
f 283/316/283 180/198/180 179/197/179
f 634/710/634 266/291/266 635/711/635
f 266/292/266 1191/1355/1191 1193/1357/1193
f 932/1051/932 787/889/787 1839/2106/1839
f 252/276/252 641/717/641 250/274/250
f 166/182/166 1145/1298/1145 1840/2107/1840
f 292/326/292 166/182/166 1841/2108/1841
f 728/817/728 730/819/730 1169/1328/1169
f 1249/1421/1249 1246/1418/1246 1842/2110/1842
f 820/924/820 26/28/26 817/921/817
f 817/921/817 26/28/26 1843/2111/1843
f 386/430/386 1482/1693/1482 387/431/387
f 1199/1365/1199 1544/1762/1544 1844/2112/1844
f 1592/1819/1592 1845/2113/1845 1846/2114/1846
f 1845/2113/1845 272/301/272 1846/2114/1846
f 1847/2116/1847 1438/1641/1438 1439/1642/1439
f 1334/1524/1334 776/877/776 775/875/775
f 1848/2117/1848 1038/1174/1038 637/713/637
f 534/598/534 533/597/533 201/221/201
f 1310/1490/1310 1307/1484/1307 608/679/608
f 1307/1484/1307 1725/1980/1725 608/679/608
f 640/716/640 1329/1517/1329 1328/1516/1328
f 642/718/642 644/720/644 835/940/835
f 1040/1176/1040 614/686/614 613/685/613
f 721/810/721 187/207/187 722/811/722
f 1236/1406/1236 504/565/504 1513/1727/1513
f 364/407/364 946/1066/946 1354/1544/1354
f 1743/1999/1743 1849/2118/1849 1832/2098/1832
f 1832/2098/1832 1849/2118/1849 1833/2099/1833
f 1710/1963/1710 1850/2119/1850 1851/2120/1851
f 1710/1963/1710 1709/1962/1709 1850/2119/1850
f 401/449/401 262/286/262 1608/1841/1608
f 133/140/133 1852/2121/1852 404/455/404
f 1237/1407/1237 364/407/364 1853/2122/1853
f 1854/2123/1854 35/38/35 20/22/20
f 79/85/79 1161/1319/1161 513/576/513
f 1191/1355/1191 512/575/512 1192/1356/1192
f 191/211/191 1612/1846/1612 1178/1338/1178
f 1779/2040/1779 1778/2039/1778 1069/1209/1069
f 201/221/201 533/597/533 202/222/202
f 86/92/86 85/91/85 700/787/700
f 1855/2124/1855 1856/2125/1856 712/801/712
f 159/171/159 1033/1168/1033 160/173/160
f 174/191/174 464/518/464 175/192/175
f 366/409/366 241/262/241 243/265/243
f 1857/2126/1857 923/1042/923 1491/1702/1491
f 1857/2126/1857 1491/1702/1491 1493/1704/1493
f 436/488/436 1780/2041/1780 860/971/860
f 860/971/860 1460/1666/1460 436/488/436
f 1747/2003/1747 1636/1877/1636 1637/1878/1637
f 1747/2003/1747 1858/2127/1858 1636/1877/1636
f 1565/1790/1565 1564/1789/1564 1278/1451/1278
f 1565/1790/1565 1278/1451/1278 1043/1179/1043
f 633/709/633 1859/2128/1859 1605/1838/1605
f 1605/1838/1605 1859/2128/1859 8/10/8
f 145/154/145 574/641/574 146/155/146
f 146/155/146 1860/2129/1860 1861/2130/1861
f 351/390/351 885/998/885 1862/2131/1862
f 885/998/885 1584/1811/1584 886/999/886
f 1863/2132/1863 493/552/493 492/551/492
f 334/370/334 1516/1732/1516 874/985/874
f 736/826/736 1864/2133/1864 737/827/737
f 344/381/344 1094/1239/1094 342/379/342
f 906/1023/906 905/1022/905 551/615/551
f 551/615/551 1504/1717/1504 272/301/272
f 52/55/52 444/497/444 1557/1782/1557
f 1557/1782/1557 953/1077/953 52/55/52
f 71/76/71 1865/2135/1865 503/564/503
f 1865/2134/1865 71/77/71 1083/1225/1083
f 436/488/436 1242/1414/1242 1239/1410/1239
f 1239/1410/1239 1242/1414/1242 1241/1412/1241
f 693/779/693 1291/1464/1291 1293/1466/1293
f 1645/1886/1645 1293/1466/1293 198/218/198
f 1004/1136/1004 1567/1792/1567 1002/1133/1002
f 1567/1792/1567 579/648/579 474/531/474
f 1827/2093/1827 423/474/423 1828/2094/1828
f 423/474/423 1827/2093/1827 1826/2092/1826
f 789/891/789 998/1129/998 1000/1131/1000
f 273/303/273 1707/1960/1707 789/891/789
f 563/628/563 155/167/155 1073/1213/1073
f 1073/1213/1073 457/511/457 1507/1721/1507
f 1813/2077/1813 899/1014/899 1180/1340/1180
f 899/1014/899 1813/2077/1813 1812/2076/1812
f 1866/2136/1866 189/209/189 468/522/468
f 1866/2136/1866 1068/1208/1068 1066/1206/1066
f 434/486/434 1867/2137/1867 432/484/432
f 1455/1661/1455 1232/1402/1232 1867/2137/1867
f 722/811/722 187/207/187 186/206/186
f 1003/1135/1003 186/206/186 1004/1136/1004
f 1472/1679/1472 1471/1678/1471 1868/2138/1868
f 1868/2138/1868 1471/1678/1471 211/231/211
f 745/836/745 744/835/744 1408/1604/1408
f 1569/1795/1569 395/441/395 1869/2140/1869
f 1214/1384/1214 1718/1971/1718 1379/1571/1379
f 547/611/547 1215/1385/1215 1214/1384/1214
f 1870/2141/1870 1518/1734/1518 1871/2142/1871
f 1518/1734/1518 1870/2141/1870 188/208/188
f 1264/1437/1264 1263/1436/1263 1261/1434/1261
f 649/727/649 142/151/142 1644/1885/1644
f 1872/2143/1872 1218/1388/1218 764/861/764
f 1089/1231/1089 1872/2144/1872 764/862/764
f 1295/1468/1295 1510/1724/1510 718/807/718
f 1510/1724/1510 64/67/64 718/807/718
f 324/360/324 1873/2145/1873 1874/2146/1874
f 1874/2146/1874 884/997/884 1059/1197/1059
f 89/95/89 88/94/88 302/337/302
f 1875/2147/1875 1613/1847/1613 302/337/302
f 527/591/527 540/604/540 539/603/539
f 321/357/321 320/356/320 1675/1921/1675
f 959/1083/959 1876/2148/1876 987/1117/987
f 204/224/204 206/226/206 1876/2148/1876
f 121/127/121 1663/1907/1663 122/128/122
f 620/696/620 122/128/122 1663/1907/1663
f 130/136/130 1836/2103/1836 131/137/131
f 1877/2149/1877 254/278/254 590/661/590
f 757/853/757 1194/1358/1194 503/564/503
f 1124/1274/1124 902/1018/902 1878/2150/1878
f 657/735/657 1331/1520/1331 1330/1518/1330
f 657/736/657 1879/2151/1879 1331/1519/1331
f 1598/1827/1598 1372/1563/1372 951/1074/951
f 1400/1595/1400 1598/1827/1598 951/1074/951
f 1880/2152/1880 1070/1210/1070 323/359/323
f 1070/1210/1070 322/358/322 323/359/323
f 1213/1383/1213 394/440/394 1211/1380/1211
f 394/440/394 1213/1383/1213 248/271/248
f 1380/1573/1380 1624/1863/1624 1626/1866/1626
f 1378/1569/1378 1380/1573/1380 439/492/439
f 1260/1433/1260 1262/1435/1262 704/791/704
f 647/725/647 646/723/646 648/726/648
f 1881/2153/1881 1754/2011/1754 939/1058/939
f 518/582/518 1453/1659/1453 82/88/82
f 1037/1173/1037 1039/1175/1039 683/766/683
f 1340/1530/1340 1339/1529/1339 1341/1531/1341
f 1882/2154/1882 1023/1157/1023 674/756/674
f 119/125/119 1145/1298/1145 1882/2154/1882
f 625/701/625 628/704/628 1883/2155/1883
f 871/982/871 625/701/625 15/17/15
f 1884/2156/1884 1698/1949/1698 1885/2157/1885
f 1698/1949/1698 11/13/11 1885/2157/1885
f 1186/1347/1186 1185/1346/1185 1187/1348/1187
f 158/170/158 1185/1346/1185 156/168/156
f 208/228/208 90/96/90 209/229/209
f 1375/1566/1375 1374/1565/1374 90/96/90
f 1/1/1 383/427/383 2/3/2
f 1886/2158/1886 1/2/1 848/955/848
f 564/629/564 1871/2142/1871 153/165/153
f 11/13/11 1760/2019/1760 1887/2160/1887
f 293/327/293 184/203/184 1322/1509/1322
f 1322/1509/1322 1321/1505/1321 1320/1504/1320
f 1558/1783/1558 1359/1550/1359 1888/2161/1888
f 1558/1783/1558 1360/1551/1360 1359/1550/1359
f 1889/2162/1889 1665/1910/1665 1028/1162/1028
f 1028/1162/1028 33/36/33 1026/1160/1026
f 965/1091/965 398/445/398 1879/2151/1879
f 1890/2163/1890 1525/1741/1525 1879/2151/1879
f 1483/1694/1483 1484/1695/1484 1891/2164/1891
f 1892/2165/1892 169/186/169 1891/2164/1891
f 1521/1737/1521 621/697/621 623/699/623
f 621/697/621 1523/1739/1523 404/454/404
f 634/710/634 1575/1801/1575 1574/1800/1574
f 402/450/402 976/1104/976 634/710/634
f 1354/1544/1354 1893/2166/1893 364/407/364
f 1354/1545/1354 1894/2167/1894 1355/1546/1355
f 213/233/213 878/989/878 214/234/214
f 95/101/95 213/233/213 93/99/93
f 794/897/794 214/234/214 501/562/501
f 790/892/790 1470/1677/1470 1472/1679/1472
f 801/905/801 1549/1768/1549 1550/1769/1550
f 43/46/43 1895/2168/1895 1852/2121/1852
f 363/406/363 806/910/806 1896/2169/1896
f 35/38/35 1110/1260/1110 36/39/36
f 1450/1655/1450 1452/1658/1452 1897/2170/1897
f 125/131/125 1450/1655/1450 1897/2170/1897
f 292/326/292 1841/2108/1841 577/646/577
f 1841/2109/1841 1001/1132/1001 577/645/577
f 1236/1406/1236 1238/1408/1238 504/565/504
f 362/404/362 361/403/361 697/784/697
f 1457/1663/1457 1456/1662/1456 1789/2050/1789
f 125/131/125 1456/1662/1456 123/129/123
f 1045/1181/1045 1273/1446/1273 1272/1445/1272
f 1273/1446/1273 216/236/216 971/1097/971
f 1402/1598/1402 38/41/38 37/40/37
f 1096/1243/1096 845/952/845 437/489/437
f 1604/1837/1604 855/964/855 311/347/311
f 1385/1578/1385 666/746/666 1604/1837/1604
f 1898/2171/1898 1061/1199/1061 1063/1201/1063
f 496/556/496 109/115/109 1898/2172/1898
f 170/187/170 169/186/169 1892/2165/1892
f 1892/2165/1892 1301/1474/1301 1299/1472/1299
f 1298/1471/1298 1899/2173/1899 1296/1469/1296
f 1899/2173/1899 1457/1663/1457 487/546/487
f 1621/1858/1621 758/854/758 1648/1889/1648
f 760/856/760 1648/1889/1648 758/854/758
f 599/670/599 601/672/601 1468/1675/1468
f 1473/1681/1473 797/900/797 1468/1674/1468
f 567/632/567 1074/1214/1074 565/630/565
f 475/532/475 281/314/281 476/533/476
f 675/757/675 1900/2174/1900 117/123/117
f 1143/1296/1143 1486/1697/1486 1484/1695/1484
f 1449/1654/1449 1120/1270/1120 610/681/610
f 1308/1486/1308 1310/1489/1310 1449/1653/1449
f 568/633/568 569/635/569 195/215/195
f 1672/1918/1672 195/215/195 849/956/849
f 354/395/354 356/397/356 1757/2016/1757
f 356/397/356 1755/2014/1755 1757/2016/1757
f 545/609/545 1901/2175/1901 1902/2177/1902
f 438/491/438 300/334/300 1126/1277/1126
f 257/281/257 597/668/597 596/667/596
f 780/882/780 1439/1642/1439 1438/1641/1438
f 1903/2178/1903 1616/1851/1616 785/887/785
f 509/572/509 1104/1254/1104 510/573/510
f 1475/1684/1475 705/794/705 70/73/70
f 1196/1361/1196 1620/1855/1620 1475/1684/1475
f 1348/1538/1348 581/650/581 580/649/580
f 1351/1541/1351 1348/1538/1348 96/102/96
f 991/1122/991 617/691/617 616/690/616
f 1256/1428/1256 1259/1432/1259 991/1121/991
f 314/350/314 966/1092/966 967/1093/967
f 1890/2163/1890 1879/2151/1879 1526/1742/1526
f 335/371/335 1719/1973/1719 333/369/333
f 1416/1613/1416 940/1059/940 1417/1615/1417
f 390/436/390 1022/1156/1022 140/148/140
f 680/763/680 679/762/679 140/149/140
f 1521/1737/1521 1520/1736/1520 997/1128/997
f 997/1128/997 999/1130/999 996/1127/996
f 1904/2179/1904 1905/2180/1905 1703/1956/1703
f 1808/2072/1808 827/932/827 826/931/826
f 620/695/620 619/694/619 675/757/675
f 1023/1157/1023 1157/1314/1157 1156/1313/1156
f 280/313/280 888/1001/888 278/311/278
f 1324/1511/1324 278/311/278 888/1001/888
f 713/802/713 1032/1166/1032 766/864/766
f 713/802/713 303/338/303 711/800/711
f 1906/2181/1906 1377/1568/1377 1437/1640/1437
f 842/949/842 1907/2182/1907 1437/1640/1437
f 1174/1333/1174 1908/2183/1908 1716/1969/1716
f 1908/2183/1908 1174/1333/1174 1173/1332/1173
f 796/899/796 104/110/104 103/109/103
f 654/732/654 1333/1522/1333 775/876/775
f 393/439/393 1759/2018/1759 1056/1194/1056
f 1759/2018/1759 1266/1439/1266 1268/1441/1268
f 1209/1378/1209 1909/2184/1909 1785/2046/1785
f 450/503/450 698/785/698 1909/2184/1909
f 336/372/336 560/625/560 337/373/337
f 1701/1953/1701 1699/1950/1699 560/625/560
f 1730/1986/1730 1099/1247/1099 694/780/694
f 1729/1985/1729 470/524/470 1730/1986/1730
f 231/252/231 828/933/828 229/249/229
f 229/249/229 79/85/79 513/576/513
f 1038/1174/1038 1848/2117/1848 1039/1175/1039
f 1653/1894/1653 1393/1588/1393 1654/1895/1654
f 865/976/865 1458/1664/1458 863/974/863
f 1078/1219/1078 1458/1664/1458 865/976/865
f 1910/2185/1910 1498/1710/1498 91/97/91
f 1910/2185/1910 1646/1887/1646 1647/1888/1647
f 1911/2186/1911 1047/1183/1047 1659/1900/1659
f 1911/2186/1911 1912/2189/1912 1047/1183/1047
f 93/99/93 428/479/428 1008/1140/1008
f 1554/1779/1554 430/482/430 429/480/429
f 1080/1221/1080 1913/2190/1913 1477/1686/1477
f 1913/2190/1913 32/35/32 1914/2191/1914
f 1915/2192/1915 279/312/279 477/534/477
f 477/534/477 279/312/279 1595/1822/1595
f 631/707/631 1577/1803/1577 978/1106/978
f 1576/1802/1576 876/987/876 1306/1482/1306
f 1485/1696/1485 1662/1905/1662 904/1021/904
f 904/1021/904 1662/1905/1662 616/690/616
f 1916/2193/1916 1582/1808/1582 310/346/310
f 443/496/443 1316/1500/1316 1916/2193/1916
f 231/252/231 829/934/829 828/933/828
f 1554/1779/1554 1555/1780/1555 1917/2194/1917
f 1015/1149/1015 1442/1645/1442 1443/1647/1443
f 572/639/572 1570/1796/1570 1014/1148/1014
f 522/586/522 1342/1532/1342 1341/1531/1341
f 1463/1669/1463 1918/2195/1918 1338/1528/1338
f 1595/1822/1595 1753/2010/1753 1594/1821/1594
f 472/526/472 1102/1250/1102 473/527/473
f 415/466/415 1919/2196/1919 727/816/727
f 415/466/415 1247/1419/1247 1246/1418/1246
f 173/190/173 1462/1668/1462 238/259/238
f 1087/1229/1087 341/378/341 1361/1552/1361
f 1920/2197/1920 1921/2198/1921 1419/1618/1419
f 1686/1933/1686 726/815/726 1502/1714/1502
f 780/882/780 779/881/779 258/282/258
f 1251/1423/1251 1814/2078/1814 34/37/34
f 1283/1456/1283 1371/1562/1371 1286/1459/1286
f 1283/1456/1283 1286/1459/1286 1284/1457/1284
f 622/698/622 1724/1979/1724 1722/1977/1722
f 1722/1976/1722 1186/1347/1186 1326/1513/1326
f 337/373/337 106/112/106 731/820/731
f 106/112/106 1695/1945/1695 731/820/731
f 1204/1373/1204 1205/1374/1205 1206/1375/1206
f 1205/1374/1205 316/352/316 1578/1804/1578
f 1405/1601/1405 289/323/289 1290/1463/1290
f 1405/1601/1405 1689/1936/1689 1691/1939/1691
f 1862/2131/1862 352/392/352 351/390/351
f 1862/2131/1862 1597/1826/1597 352/392/352
f 1282/1455/1282 808/912/808 129/135/129
f 808/912/808 130/136/130 129/135/129
f 1768/2027/1768 1922/2199/1922 233/254/233
f 1922/2199/1922 1768/2027/1768 1769/2028/1769
f 519/583/519 1415/1612/1415 520/584/520
f 1415/1612/1415 1054/1190/1054 520/584/520
f 1335/1525/1335 462/516/462 461/515/461
f 883/996/883 1335/1525/1335 461/515/461
f 617/691/617 115/121/115 114/120/114
f 990/1120/990 237/258/237 115/121/115
f 1614/1848/1614 989/1119/989 1822/2088/1822
f 1614/1848/1614 1615/1850/1615 989/1119/989
f 1919/2196/1919 1168/1327/1168 727/816/727
f 1499/1711/1499 7/9/7 727/816/727
f 744/835/744 1072/1212/1072 319/355/319
f 1072/1212/1072 744/835/744 743/834/743
f 81/87/81 1336/1526/1336 556/621/556
f 1593/1820/1593 81/87/81 1592/1819/1592
f 1053/1189/1053 859/970/859 1591/1818/1591
f 859/970/859 490/549/490 1529/1745/1529
f 1087/1229/1087 1086/1228/1086 339/376/339
f 557/622/557 1700/1951/1700 1086/1228/1086
f 1657/1898/1657 1656/1897/1656 1134/1286/1134
f 1133/1285/1133 1135/1287/1135 1134/1286/1134
f 931/1050/931 1825/2091/1825 788/890/788
f 1536/1754/1536 1825/2091/1825 1749/2005/1749
f 1923/2200/1923 799/903/799 798/902/798
f 1276/1449/1276 217/237/217 799/903/799
f 837/942/837 66/69/66 65/68/65
f 837/942/837 65/68/65 1924/2201/1924
f 1611/1844/1611 1547/1765/1547 1829/2095/1829
f 1388/1581/1388 1611/1844/1611 1829/2095/1829
f 1925/2202/1925 1141/1294/1141 482/541/482
f 482/541/482 1425/1625/1425 1925/2202/1925
f 769/868/769 768/867/768 1805/2069/1805
f 769/868/769 453/506/453 1714/1967/1714
f 1765/2024/1765 1427/1627/1427 970/1096/970
f 971/1097/971 216/236/216 218/238/218
f 1769/2028/1769 543/607/543 542/606/542
f 236/257/236 1501/1713/1501 1880/2152/1880
f 227/247/227 1155/1311/1155 1542/1760/1542
f 225/245/225 227/247/227 1542/1760/1542
f 1489/1700/1489 629/705/629 628/704/628
f 1811/2075/1811 1492/1703/1492 1245/1417/1245
f 652/730/652 416/467/416 1542/1760/1542
f 652/730/652 651/729/651 416/467/416
f 1613/1847/1613 714/803/714 1117/1267/1117
f 1734/1990/1734 1856/2125/1856 1855/2124/1855
f 610/681/610 915/1033/915 1449/1654/1449
f 1212/1382/1212 916/1034/916 915/1033/915
f 172/189/172 434/486/434 1926/2203/1926
f 172/189/172 1867/2137/1867 434/486/434
f 1166/1325/1166 866/977/866 1164/1323/1164
f 1164/1323/1164 8/10/8 7/9/7
f 135/142/135 751/845/751 136/143/136
f 1128/1280/1128 751/845/751 1642/1883/1642
f 140/148/140 1022/1156/1022 138/145/138
f 138/145/138 1022/1156/1022 1290/1463/1290
f 141/150/141 1927/2204/1927 514/577/514
f 842/949/842 1927/2204/1927 141/150/141
f 1183/1344/1183 890/1003/890 1928/2205/1928
f 1181/1342/1181 1424/1624/1424 1928/2205/1928
f 1864/2133/1864 1274/1447/1274 1929/2206/1929
f 1930/2207/1930 574/641/574 347/386/347
f 664/744/664 1009/1142/1009 1931/2208/1931
f 1931/2208/1931 1009/1142/1009 1010/1143/1010
f 435/487/435 369/413/369 368/412/368
f 1741/1997/1741 927/1046/927 892/1005/892
f 803/907/803 1247/1419/1247 801/905/801
f 415/466/415 263/287/263 1247/1419/1247
f 1539/1757/1539 647/725/647 1255/1427/1255
f 1609/1842/1609 645/721/645 647/725/647
f 554/619/554 1932/2209/1932 555/620/555
f 1932/2209/1932 554/619/554 1873/2145/1873
f 704/791/704 1620/1856/1620 1260/1433/1260
f 1648/1889/1648 1264/1437/1264 1622/1861/1622
f 1477/1686/1477 1081/1222/1081 1080/1221/1080
f 1477/1687/1477 1476/1685/1476 1081/1223/1081
f 1933/2210/1933 334/370/334 333/369/333
f 1933/2210/1933 626/702/626 334/370/334
f 53/56/53 570/637/570 1819/2084/1819
f 1819/2083/1819 568/633/568 194/214/194
f 1101/1249/1101 1312/1493/1312 1314/1496/1314
f 1311/1491/1311 1314/1495/1314 1312/1492/1312
f 1268/1441/1268 879/990/879 1759/2018/1759
f 1515/1731/1515 1270/1443/1270 1934/2211/1934
f 1549/1768/1549 371/415/371 800/904/800
f 800/904/800 371/415/371 798/902/798
f 580/649/580 986/1115/986 1935/2213/1935
f 206/226/206 306/341/306 1876/2148/1876
f 996/1127/996 1936/2214/1936 132/138/132
f 942/1062/942 686/770/686 1936/2214/1936
f 1467/1673/1467 1030/1164/1030 1029/1163/1029
f 1029/1163/1029 1937/2215/1937 516/579/516
f 1347/1537/1347 1346/1536/1346 1938/2216/1938
f 1347/1537/1347 1938/2216/1938 1170/1329/1170
f 889/1002/889 14/16/14 13/15/13
f 1820/2085/1820 14/16/14 889/1002/889
f 1764/2023/1764 507/570/507 1939/2217/1939
f 1764/2023/1764 1939/2217/1939 784/886/784
f 1798/2060/1798 1742/1998/1742 742/833/742
f 1940/2218/1940 1941/2219/1941 1743/1999/1743
f 245/267/245 244/266/244 365/408/365
f 1354/1544/1354 245/267/245 1893/2166/1893
f 1699/1950/1699 1701/1953/1701 1702/1954/1702
f 1911/2187/1911 720/809/720 1912/2188/1912
f 1157/1314/1157 1023/1157/1023 1024/1158/1024
f 1320/1504/1320 1321/1505/1321 1024/1158/1024
f 1631/1872/1631 118/124/118 168/185/168
f 658/737/658 1631/1872/1631 1630/1871/1630
f 575/642/575 574/641/574 145/154/145
f 145/154/145 974/1101/974 575/642/575
f 1395/1590/1395 1652/1893/1652 1653/1894/1653
f 531/595/531 1036/1172/1036 1809/2073/1809
f 300/335/300 1942/2220/1942 774/874/774
f 1943/2222/1943 299/333/299 972/1098/972
f 1944/2223/1944 1216/1386/1216 691/777/691
f 546/610/546 1215/1385/1215 547/611/547
f 1833/2099/1833 1849/2118/1849 671/751/671
f 671/751/671 1423/1623/1423 1422/1622/1422
f 1568/1794/1568 1524/1740/1524 530/594/530
f 530/594/530 529/593/529 399/446/399
f 856/965/856 717/806/717 719/808/719
f 719/808/719 1048/1184/1048 1434/1636/1434
f 1057/1195/1057 1234/1404/1234 1058/1196/1058
f 327/363/327 1059/1197/1059 1060/1198/1060
f 136/143/136 740/831/740 137/144/137
f 1137/1289/1137 136/143/136 1444/1648/1444
f 1920/2197/1920 659/738/659 661/741/661
f 661/741/661 1921/2198/1921 1920/2197/1920
f 905/1022/905 555/620/555 1888/2161/1888
f 555/620/555 1932/2209/1932 326/362/326
f 1534/1752/1534 483/542/483 244/266/244
f 483/542/483 805/909/805 804/908/804
f 1150/1306/1150 1116/1266/1116 1148/1302/1148
f 712/801/712 1856/2125/1856 160/173/160
f 1414/1610/1414 1093/1237/1093 1096/1243/1096
f 735/825/735 734/824/734 1093/1237/1093
f 67/70/67 470/524/470 1545/1763/1545
f 470/524/470 1097/1244/1097 1730/1986/1730
f 368/412/368 370/414/370 1505/1719/1505
f 1945/2224/1945 709/798/709 708/797/708
f 1020/1154/1020 308/344/308 1670/1916/1670
f 1670/1916/1670 308/344/308 1669/1915/1669
f 673/755/673 1688/1935/1688 1690/1938/1690
f 673/754/673 1690/1937/1690 1946/2225/1946
f 261/285/261 260/284/260 1773/2032/1773
f 260/284/260 1061/1199/1061 1947/2226/1947
f 1948/2228/1948 1309/1487/1309 1801/2063/1801
f 1948/2229/1948 1801/2064/1801 1725/1980/1725
f 1696/1947/1696 1800/2062/1800 338/374/338
f 338/375/338 1697/1948/1697 1696/1946/1696
f 164/179/164 1217/1387/1217 410/461/410
f 1148/1303/1148 410/461/410 1151/1307/1151
f 1579/1805/1579 1788/2049/1788 916/1035/916
f 1213/1383/1213 1211/1380/1211 916/1034/916
f 1122/1272/1122 993/1124/993 1123/1273/1123
f 993/1124/993 992/1123/992 1123/1273/1123
f 203/223/203 89/95/89 1208/1377/1208
f 1208/1377/1208 1207/1376/1207 451/504/451
f 145/154/145 1949/2230/1949 974/1101/974
f 1949/2230/1949 1135/1287/1135 770/869/770
f 1092/1236/1092 1597/1826/1597 1950/2231/1950
f 763/860/763 1551/1772/1551 1552/1774/1552
f 1591/1818/1591 1436/1639/1436 1800/2062/1800
f 857/967/857 1434/1636/1434 1436/1638/1436
f 1798/2060/1798 1797/2059/1797 1810/2074/1810
f 1798/2060/1798 739/830/739 1742/1998/1742
f 1713/1966/1713 63/66/63 480/539/480
f 480/539/480 63/66/63 930/1049/930
f 1951/2232/1951 391/437/391 1056/1194/1056
f 1297/1470/1297 1114/1264/1114 1298/1471/1298
f 1198/1364/1198 756/850/756 1560/1785/1560
f 1197/1362/1197 756/851/756 1198/1363/1198
f 694/780/694 1100/1248/1100 467/521/467
f 467/521/467 1100/1248/1100 1952/2233/1952
f 1480/1690/1480 1479/1689/1479 1643/1884/1643
f 1642/1883/1642 1643/1884/1643 1479/1689/1479
f 678/761/678 268/294/268 55/58/55
f 1345/1535/1345 1347/1537/1347 268/294/268
f 702/789/702 1474/1683/1474 703/790/703
f 702/789/702 797/900/797 1474/1683/1474
f 878/989/878 1607/1840/1607 502/563/502
f 95/101/95 878/989/878 213/233/213
f 921/1040/921 1673/1919/1673 348/387/348
f 192/212/192 1673/1919/1673 1953/2234/1953
f 72/78/72 503/564/503 1195/1359/1195
f 72/78/72 1195/1359/1195 70/74/70
f 1680/1926/1680 1362/1553/1362 1363/1554/1363
f 809/913/809 295/329/295 294/328/294
f 190/210/190 1954/2235/1954 188/208/188
f 1955/2236/1955 1954/2235/1954 1866/2136/1866
f 243/265/243 242/264/242 329/365/329
f 1079/1220/1079 865/976/865 329/365/329
f 6/8/6 5/7/5 1227/1397/1227
f 1230/1400/1230 5/7/5 837/942/837
f 1819/2084/1819 78/84/78 53/56/53
f 77/83/77 53/56/53 78/84/78
f 374/418/374 376/420/376 948/1070/948
f 376/420/376 941/1060/941 689/774/689
f 49/52/49 97/103/97 1956/2237/1956
f 958/1082/958 49/52/49 1956/2237/1956
f 880/991/880 1543/1761/1543 355/396/355
f 880/991/880 355/396/355 1515/1731/1515
f 849/956/849 1559/1784/1559 1672/1918/1672
f 848/955/848 847/954/847 1672/1918/1672
f 1389/1582/1389 104/110/104 795/898/795
f 702/789/702 1519/1735/1519 795/898/795
f 1667/1912/1667 1451/1656/1451 1668/1914/1668
f 664/744/664 611/683/611 662/742/662
f 597/668/597 1250/1422/1250 1112/1262/1112
f 1250/1422/1250 1957/2238/1957 1112/1262/1112
f 1343/1533/1343 76/82/76 1049/1185/1049
f 1705/1958/1705 76/82/76 1344/1534/1344
f 466/520/466 468/522/468 1563/1788/1563
f 471/525/471 1728/1984/1728 1727/1983/1727
f 567/632/567 1884/2156/1884 563/628/563
f 567/632/567 111/117/111 1884/2156/1884
f 512/575/512 149/160/149 1192/1356/1192
f 1190/1354/1190 149/160/149 1189/1351/1189
f 1517/1733/1517 1518/1734/1518 1863/2132/1863
f 1863/2132/1863 492/551/492 1517/1733/1517
f 1121/1271/1121 1623/1862/1623 994/1125/994
f 500/561/500 995/1126/995 1176/1335/1176
f 1836/2103/1836 941/1061/941 942/1062/942
f 131/137/131 1836/2103/1836 1877/2149/1877
f 1958/2239/1958 1528/1744/1528 1153/1309/1153
f 624/700/624 908/1025/908 1528/1744/1528
f 1330/1518/1330 660/740/660 657/735/657
f 234/255/234 317/353/317 232/253/232
f 1593/1820/1593 1754/2011/1754 518/582/518
f 839/944/839 1754/2012/1754 277/308/277
f 4/6/4 6/8/6 1504/1718/1504
f 4/6/4 1503/1715/1503 1659/1900/1659
f 632/708/632 7/9/7 9/11/9
f 978/1106/978 977/1105/977 979/1107/979
f 957/1081/957 50/53/50 49/52/49
f 1670/1916/1670 50/53/50 957/1081/957
f 1480/1690/1480 1201/1368/1201 1481/1691/1481
f 388/433/388 752/846/752 389/434/389
f 599/670/599 776/877/776 600/671/600
f 1441/1644/1441 1847/2116/1847 1439/1642/1439
f 1224/1394/1224 1638/1879/1638 223/243/223
f 223/243/223 1708/1961/1708 1226/1396/1226
f 10/12/10 1959/2240/1959 1760/2019/1760
f 471/525/471 1052/1188/1052 469/523/469
f 521/585/521 732/822/732 332/368/332
f 732/821/732 1697/1948/1697 1695/1945/1695
f 868/979/868 1166/1325/1166 1165/1324/1165
f 1634/1875/1634 1166/1325/1166 868/979/868
f 1960/2241/1960 715/804/715 714/803/714
f 1875/2147/1875 1319/1503/1319 1960/2241/1960
f 1958/2239/1958 1153/1309/1153 1527/1743/1527
f 1153/1309/1153 622/698/622 1327/1515/1327
f 587/658/587 586/657/586 641/717/641
f 932/1051/932 1839/2106/1839 586/657/586
f 62/65/62 1961/2242/1961 930/1049/930
f 1548/1767/1548 1138/1290/1138 478/536/478
f 259/283/259 1332/1521/1332 653/731/653
f 259/283/259 1155/1311/1155 227/247/227
f 552/616/552 341/378/341 340/377/340
f 1962/2244/1962 341/378/341 1360/1551/1360
f 185/205/185 578/647/578 186/206/186
f 578/647/578 185/205/185 1101/1249/1101
f 951/1074/951 1372/1563/1372 947/1068/947
f 947/1069/947 949/1072/949 951/1075/951
f 1963/2245/1963 1053/1189/1053 1369/1560/1369
f 874/985/874 1963/2245/1963 875/986/875
f 644/720/644 418/469/418 417/468/417
f 644/720/644 1709/1962/1709 1708/1961/1708
f 1358/1549/1358 1357/1548/1357 823/928/823
f 1358/1549/1358 823/928/823 822/927/822
f 486/545/486 914/1031/914 1964/2246/1964
f 486/545/486 1267/1440/1267 392/438/392
f 201/221/201 638/714/638 637/713/637
f 1038/1174/1038 201/221/201 637/713/637
f 838/943/838 1924/2201/1924 1154/1310/1154
f 837/942/837 1924/2201/1924 838/943/838
f 1200/1366/1200 679/762/679 68/71/68
f 1545/1763/1545 68/71/68 67/70/67
f 449/502/449 1774/2034/1774 446/499/446
f 446/499/446 1965/2247/1965 449/502/449
f 1955/2236/1955 1866/2136/1866 1066/1206/1066
f 489/548/489 1955/2236/1955 1066/1206/1066
f 286/319/286 285/318/285 1442/1646/1442
f 1442/1646/1442 285/318/285 1775/2035/1775
f 1966/2248/1966 751/845/751 1681/1928/1681
f 1681/1928/1681 1140/1293/1140 1966/2248/1966
f 1093/1237/1093 1095/1242/1095 735/825/735
f 1624/1863/1624 1627/1867/1627 1625/1865/1625
f 1031/1165/1031 1030/1164/1030 101/107/101
f 101/107/101 1030/1164/1030 1712/1965/1712
f 1676/1922/1676 320/356/320 1070/1210/1070
f 1880/2152/1880 1674/1920/1674 1070/1210/1070
f 1315/1499/1315 1469/1676/1469 615/688/615
f 1314/1495/1314 1311/1491/1311 1315/1499/1315
f 1835/2102/1835 949/1072/949 947/1069/947
f 130/136/130 1967/2249/1967 1835/2102/1835
f 762/858/762 1218/1388/1218 1968/2250/1968
f 1551/1771/1551 1968/2250/1968 271/299/271
f 650/728/650 199/219/199 1969/2251/1969
f 1851/2120/1851 1850/2119/1850 650/728/650
f 459/513/459 458/512/458 1970/2252/1970
f 15/17/15 459/513/459 1970/2252/1970
f 1772/2031/1772 241/263/241 367/411/367
f 1243/1415/1243 241/262/241 1971/2253/1971
f 271/298/271 163/177/163 269/295/269
f 1968/2250/1968 163/178/163 271/299/271
f 1179/1339/1179 109/115/109 191/211/191
f 1179/1339/1179 1898/2172/1898 109/115/109
f 1302/1476/1302 1304/1478/1304 882/995/882
f 1540/1758/1540 1302/1476/1302 882/995/882
f 1940/2218/1940 1972/2255/1972 137/144/137
f 1831/2097/1831 1972/2255/1972 1940/2218/1940
f 754/848/754 1318/1502/1318 1316/1500/1316
f 1973/2256/1973 753/847/753 754/848/754
f 1670/1916/1670 312/348/312 1020/1154/1020
f 1020/1154/1020 312/348/312 855/964/855
f 591/662/591 130/136/130 808/912/808
f 1967/2249/1967 130/136/130 591/662/591
f 56/59/56 1974/2257/1974 1537/1755/1537
f 1974/2257/1974 1170/1329/1170 1172/1331/1172
f 1220/1390/1220 749/841/749 112/118/112
f 751/845/751 1641/1882/1641 749/842/749
f 159/172/159 161/174/161 405/456/405
f 405/456/405 1805/2069/1805 1034/1170/1034
f 945/1065/945 944/1064/944 1790/2051/1790
f 945/1065/945 1511/1725/1511 1512/1726/1512
f 565/630/565 1074/1214/1074 1364/1555/1364
f 1364/1555/1364 1367/1558/1367 1366/1557/1366
f 1432/1632/1432 1055/1193/1055 1758/2017/1758
f 1975/2258/1975 100/106/100 99/105/99
f 96/102/96 98/104/98 1640/1881/1640
f 98/104/98 441/494/441 1640/1881/1640
f 858/969/858 1532/1749/1532 717/806/717
f 717/806/717 856/965/856 858/969/858
f 396/442/396 395/441/395 1569/1795/1569
f 967/1093/967 396/442/396 1524/1740/1524
f 1590/1817/1590 1589/1816/1589 786/888/786
f 1706/1959/1706 1590/1817/1590 786/888/786
f 333/369/333 1799/2061/1799 460/514/460
f 1416/1614/1416 1799/2061/1799 333/369/333
f 1718/1971/1718 846/953/846 734/824/734
f 1718/1971/1718 843/950/843 846/953/846
f 981/1109/981 422/473/422 903/1020/903
f 1821/2086/1821 1258/1431/1258 422/473/422
f 1067/1207/1067 1530/1746/1530 489/548/489
f 1530/1746/1530 490/549/490 489/548/489
f 1447/1651/1447 1706/1959/1706 1446/1650/1446
f 1707/1960/1707 1706/1959/1706 1447/1651/1447
f 33/36/33 783/885/783 1026/1160/1026
f 516/579/516 1937/2215/1937 783/885/783
f 952/1076/952 850/958/850 571/638/571
f 384/428/384 383/427/383 850/958/850
f 1149/1305/1149 1151/1307/1151 406/457/406
f 161/174/161 406/457/406 405/456/405
f 210/230/210 28/31/28 211/231/211
f 211/231/211 28/31/28 1076/1217/1076
f 687/772/687 45/48/45 685/769/685
f 941/1060/941 45/48/45 687/772/687
f 644/720/644 643/719/643 418/469/418
f 418/469/418 643/719/643 838/943/838
f 1938/2216/1938 1346/1536/1346 352/391/352
f 1345/1535/1345 352/391/352 1346/1536/1346
f 193/213/193 1784/2045/1784 194/214/194
f 1628/1869/1628 1784/2045/1784 193/213/193
f 19/21/19 695/781/695 1235/1405/1235
f 695/781/695 1813/2077/1813 1180/1340/1180
f 1238/1408/1238 1976/2259/1976 504/565/504
f 1976/2259/1976 505/566/505 504/565/504
f 1407/1603/1407 964/1090/964 528/592/528
f 1408/1604/1408 1407/1603/1407 528/592/528
f 370/414/370 369/413/369 1239/1409/1239
f 1239/1410/1239 369/413/369 436/488/436
f 1970/2252/1970 458/512/458 872/983/872
f 155/167/155 154/166/154 1977/2260/1977
f 970/1096/970 1766/2025/1766 1765/2024/1765
f 970/1096/970 969/1095/969 1284/1457/1284
f 867/978/867 822/927/822 1352/1542/1352
f 867/978/867 1166/1325/1166 1634/1875/1634
f 11/13/11 1887/2160/1887 564/629/564
f 1885/2157/1885 11/13/11 564/629/564
f 1767/2026/1767 707/796/707 934/1053/934
f 707/796/707 558/623/558 706/795/706
f 680/763/680 1223/1393/1223 69/72/69
f 139/146/139 1223/1393/1223 680/763/680
f 390/436/390 1202/1369/1202 388/432/388
f 140/148/140 1202/1369/1202 390/436/390
f 1041/1177/1041 235/256/235 237/258/237
f 1686/1933/1686 1502/1714/1502 1041/1177/1041
f 1644/1885/1644 142/151/142 514/577/514
f 514/577/514 692/778/692 1645/1886/1645
f 1969/2251/1969 199/219/199 1830/2096/1830
f 199/219/199 1388/1581/1388 1830/2096/1830
f 596/667/596 598/669/598 1440/1643/1440
f 598/669/598 99/105/99 1440/1643/1440
f 1735/1991/1735 176/193/176 706/795/706
f 176/193/176 1793/2054/1793 1409/1605/1409
f 1602/1833/1602 1601/1831/1601 505/567/505
f 505/566/505 1976/2259/1976 1602/1835/1602
f 1352/1542/1352 84/90/84 83/89/83
f 1703/1956/1703 1905/2180/1905 1704/1957/1704
f 124/130/124 1535/1753/1535 1732/1988/1732
f 1668/1913/1668 1450/1655/1450 1733/1989/1733
f 956/1080/956 955/1079/955 463/517/463
f 955/1079/955 1305/1480/1305 1540/1758/1540
f 174/191/174 1409/1605/1409 367/411/367
f 1409/1605/1409 709/798/709 367/411/367
f 1016/1150/1016 342/379/342 1017/1151/1017
f 1572/1798/1572 343/380/343 342/379/342
f 51/54/51 50/53/50 1582/1808/1582
f 1383/1576/1383 1582/1808/1582 1916/2193/1916
f 275/305/275 1846/2115/1846 624/700/624
f 1846/2114/1846 275/306/275 1592/1819/1592
f 1325/1512/1325 278/311/278 1324/1511/1324
f 1325/1512/1325 1183/1344/1183 1584/1811/1584
f 1781/2042/1781 1280/1453/1280 1978/2261/1978
f 1280/1453/1280 1537/1755/1537 1978/2261/1978
f 1748/2004/1748 1749/2005/1749 933/1052/933
f 129/135/129 1748/2004/1748 1979/2262/1979
f 1925/2202/1925 1425/1625/1425 1980/2263/1980
f 1980/2263/1980 1425/1625/1425 1981/2264/1981
f 572/639/572 1982/2265/1982 1570/1796/1570
f 573/640/573 1982/2265/1982 572/639/572
f 36/39/36 1111/1261/1111 1957/2238/1957
f 1739/1995/1739 1957/2238/1957 1250/1422/1250
f 655/733/655 103/109/103 102/108/102
f 652/730/652 655/733/655 200/220/200
f 357/398/357 359/400/359 665/745/665
f 357/398/357 1894/2167/1894 1354/1545/1354
f 57/60/57 1279/1452/1279 55/58/55
f 1159/1317/1159 678/761/678 55/58/55
f 426/477/426 1664/1909/1664 121/127/121
f 1663/1907/1663 121/127/121 1664/1909/1664
f 427/478/427 430/481/430 428/479/428
f 1554/1778/1554 428/479/428 430/481/430
f 910/1027/910 1858/2127/1858 196/216/196
f 1254/1426/1254 196/216/196 1255/1427/1255
f 1787/2048/1787 1043/1179/1043 1983/2266/1983
f 1043/1179/1043 1045/1181/1045 1983/2266/1983
f 485/544/485 805/909/805 483/542/483
f 1738/1994/1738 1111/1261/1111 1737/1993/1737
f 807/911/807 16/18/16 426/477/426
f 16/18/16 807/911/807 933/1052/933
f 1926/2203/1926 239/260/239 1462/1668/1462
f 239/260/239 1926/2203/1926 1740/1996/1740
f 359/400/359 1665/1910/1665 1889/2162/1889
f 359/400/359 1617/1852/1617 1616/1851/1616
f 1402/1598/1402 1401/1597/1401 284/317/284
f 1401/1597/1401 1404/1600/1404 1403/1599/1403
f 1222/1392/1222 1601/1832/1601 1223/1393/1223
f 1600/1830/1600 901/1017/901 900/1015/900
f 1376/1567/1376 1375/1566/1375 606/677/606
f 987/1117/987 305/340/305 1376/1567/1376
f 1028/1162/1028 1027/1161/1027 784/886/784
f 1028/1162/1028 784/886/784 1889/2162/1889
f 1061/1199/1061 1064/1202/1064 1065/1204/1065
f 1065/1205/1065 779/881/779 895/1009/895
f 1017/1151/1017 1803/2066/1803 1442/1645/1442
f 1017/1151/1017 1094/1239/1094 1803/2066/1803
f 1006/1138/1006 1576/1802/1576 1306/1482/1306
f 1007/1139/1007 1006/1138/1006 94/100/94
f 513/576/513 1191/1355/1191 266/292/266
f 513/576/513 1161/1319/1161 1984/2267/1984
f 1313/1494/1313 1312/1492/1312 1614/1849/1614
f 1821/2086/1821 1313/1494/1313 1614/1849/1614
f 1007/1139/1007 230/251/230 1005/1137/1005
f 230/250/230 229/249/229 1162/1320/1162
f 216/236/216 1044/1180/1044 217/237/217
f 1683/1930/1683 217/237/217 1044/1180/1044
f 935/1054/935 107/113/107 936/1055/936
f 936/1055/936 107/113/107 562/627/562
f 1597/1826/1597 887/1000/887 605/676/605
f 1597/1826/1597 1088/1230/1088 1950/2231/1950
f 792/895/792 501/562/501 1623/1862/1623
f 794/897/794 501/562/501 792/895/792
f 1985/2268/1985 648/726/648 197/217/197
f 1985/2268/1985 197/217/197 196/216/196
f 1514/1730/1514 1211/1380/1211 1210/1379/1210
f 394/440/394 881/994/881 1210/1379/1210
f 425/476/425 224/244/224 983/1111/983
f 425/476/425 16/18/16 18/20/18
f 1812/2076/1812 897/1011/897 899/1014/899
f 1815/2079/1815 1252/1424/1252 1253/1425/1253
f 1986/2269/1986 1724/1979/1724 841/948/841
f 1189/1352/1189 149/159/149 841/947/841
f 1521/1737/1521 623/699/623 1522/1738/1522
f 1522/1738/1522 623/699/623 1153/1309/1153
f 533/597/533 1750/2006/1750 700/787/700
f 202/222/202 533/597/533 700/787/700
f 1412/1608/1412 354/395/354 509/572/509
f 511/574/511 1412/1608/1412 509/572/509
f 57/60/57 56/59/56 1537/1755/1537
f 57/60/57 1537/1755/1537 1279/1452/1279
f 803/907/803 1278/1451/1278 1564/1789/1564
f 1564/1789/1564 728/817/728 1248/1420/1248
f 669/749/669 1387/1580/1387 382/426/382
f 1604/1837/1604 666/746/666 1387/1580/1387
f 654/732/654 1332/1521/1332 1333/1522/1333
f 1773/2032/1773 1333/1522/1333 261/285/261
f 1987/2270/1987 1168/1327/1168 1167/1326/1167
f 727/816/727 1168/1327/1168 1987/2270/1987
f 973/1100/973 345/383/345 576/644/576
f 345/382/345 574/641/574 576/643/576
f 1391/1585/1391 465/519/465 464/518/464
f 935/1054/935 465/519/465 1303/1477/1303
f 1883/2155/1883 628/704/628 630/706/630
f 15/17/15 630/706/630 13/15/13
f 240/261/240 1275/1448/1275 1085/1227/1085
f 1794/2055/1794 1735/1991/1735 1085/1227/1085
f 429/480/429 753/847/753 1555/1780/1555
f 753/847/753 831/936/831 1555/1780/1555
f 1456/1662/1456 1535/1753/1535 123/129/123
f 123/129/123 1535/1753/1535 124/130/124
f 1055/1193/1055 1759/2018/1759 127/133/127
f 1759/2018/1759 879/990/879 127/133/127
f 977/1105/977 976/1104/976 264/288/264
f 414/465/414 264/288/264 263/287/263
f 226/246/226 64/67/64 1510/1724/1510
f 1692/1940/1692 64/67/64 226/246/226
f 253/277/253 1825/2091/1825 1536/1754/1536
f 253/277/253 1824/2090/1824 1825/2091/1825
f 1637/1878/1637 1745/2001/1745 1747/2003/1747
f 1637/1878/1637 1797/2059/1797 1745/2001/1745
f 566/631/566 111/117/111 567/632/567
f 1220/1390/1220 112/118/112 111/117/111
f 870/981/870 1633/1874/1633 1632/1873/1632
f 1358/1549/1358 1633/1874/1633 729/818/729
f 767/865/767 768/866/768 454/508/454
f 1487/1698/1487 454/508/454 448/501/448
f 304/339/304 766/864/766 765/863/765
f 765/863/765 1207/1376/1207 304/339/304
f 6/8/6 1227/1397/1227 1589/1816/1589
f 1590/1817/1590 6/8/6 1589/1816/1589
f 116/122/116 322/358/322 1072/1212/1072
f 116/122/116 115/121/115 322/358/322
f 1129/1281/1129 1796/2057/1796 1130/1282/1130
f 1129/1281/1129 1480/1690/1480 1481/1691/1481
f 24/26/24 23/25/23 1139/1291/1139
f 740/831/740 1139/1291/1139 741/832/741
f 912/1029/912 537/601/537 1538/1756/1538
f 1538/1756/1538 537/601/537 1539/1757/1539
f 925/1044/925 433/485/433 861/972/861
f 925/1044/925 1780/2041/1780 1741/1997/1741
f 1107/1257/1107 1010/1143/1010 1618/1853/1618
f 510/573/510 1104/1254/1104 1903/2178/1903
f 1099/1247/1099 696/783/696 1100/1248/1100
f 697/784/697 696/782/696 362/404/362
f 1236/1406/1236 1513/1727/1513 364/407/364
f 1236/1406/1236 364/407/364 1237/1407/1237
f 1337/1527/1337 1339/1529/1339 682/765/682
f 682/765/682 1588/1815/1588 1337/1527/1337
f 1077/1218/1077 1596/1825/1596 1076/1216/1076
f 1077/1218/1077 1472/1680/1472 1868/2139/1868
f 1342/1532/1342 1108/1258/1108 1541/1759/1541
f 1541/1759/1541 87/93/87 816/920/816
f 854/963/854 385/429/385 309/345/309
f 1679/1925/1679 1019/1153/1019 854/963/854
f 844/951/844 1927/2204/1927 842/949/842
f 691/777/691 844/951/844 1944/2223/1944
f 1322/1509/1322 1988/2271/1988 293/327/293
f 1363/1554/1363 293/327/293 1988/2271/1988
f 1472/1679/1472 584/654/584 790/892/790
f 584/655/584 1472/1680/1472 585/656/585
f 1421/1621/1421 25/27/25 1420/1619/1420
f 25/27/25 1421/1621/1421 2/3/2
f 1304/1478/1304 328/364/328 1060/1198/1060
f 1060/1198/1060 328/364/328 327/363/327
f 521/585/521 940/1059/940 519/583/519
f 1416/1613/1416 519/583/519 940/1059/940
f 90/96/90 1373/1564/1373 91/97/91
f 1374/1565/1374 1373/1564/1373 90/96/90
f 54/57/54 830/935/830 832/937/832
f 77/83/77 79/85/79 830/935/830
f 841/947/841 148/158/148 1723/1978/1723
f 148/158/148 1783/2044/1783 1723/1978/1723
f 1058/1196/1058 864/975/864 863/974/863
f 327/363/327 329/365/329 864/975/864
f 1464/1670/1464 1287/1460/1287 1286/1459/1286
f 1286/1459/1286 1371/1562/1371 46/49/46
f 522/586/522 1341/1531/1341 1338/1528/1338
f 1338/1528/1338 1341/1531/1341 1339/1529/1339
f 1225/1395/1225 1639/1880/1639 1638/1879/1638
f 981/1109/981 983/1111/983 1639/1880/1639
f 1544/1762/1544 10/12/10 1844/2112/1844
f 1762/2021/1762 1959/2240/1959 10/12/10
f 716/805/716 1319/1503/1319 1399/1594/1399
f 716/805/716 1399/1594/1399 1398/1593/1398
f 571/638/571 570/637/570 953/1077/953
f 953/1077/953 853/962/853 571/638/571
f 1047/1183/1047 1912/2189/1912 1050/1186/1050
f 1702/1955/1702 1436/1638/1436 1435/1637/1435
f 1806/2070/1806 1496/1708/1496 296/330/296
f 1131/1283/1131 297/331/297 296/330/296
f 772/871/772 771/870/771 1943/2221/1943
f 772/871/772 1943/2221/1943 972/1099/972
f 280/313/280 279/312/279 1915/2192/1915
f 280/313/280 1365/1556/1365 1366/1557/1366
f 1257/1430/1257 426/477/426 903/1020/903
f 1257/1430/1257 1664/1909/1664 426/477/426
f 1400/1595/1400 269/295/269 1398/1593/1398
f 269/295/269 162/176/162 1396/1591/1396
f 291/325/291 1023/1157/1023 1882/2154/1882
f 292/326/292 291/325/291 1882/2154/1882
f 1114/1264/1114 1113/1263/1113 1298/1471/1298
f 1989/2272/1989 485/544/485 782/884/782
f 88/94/88 1108/1258/1108 524/588/524
f 524/588/524 1319/1503/1319 1875/2147/1875
f 370/414/370 708/797/708 1505/1719/1505
f 1505/1719/1505 708/797/708 1506/1720/1506
f 205/225/205 1348/1538/1348 580/649/580
f 1349/1539/1349 1348/1538/1348 205/225/205
f 902/1019/902 289/323/289 755/849/755
f 755/849/755 289/323/289 1404/1600/1404
f 61/64/61 63/66/63 177/194/177
f 1226/1396/1226 834/939/834 177/194/177
f 325/361/325 1233/1403/1233 1455/1661/1455
f 75/81/75 1455/1661/1455 1231/1401/1231
f 960/1084/960 958/1082/958 1956/2237/1956
f 1791/2052/1791 957/1081/957 958/1082/958
f 475/532/475 1594/1821/1594 1671/1917/1671
f 1671/1917/1671 281/314/281 475/532/475
f 1397/1592/1397 714/803/714 716/805/716
f 1734/1990/1734 1855/2124/1855 714/803/714
f 1287/1460/1287 1588/1815/1588 1771/2030/1771
f 1465/1671/1465 1588/1815/1588 1287/1460/1287
f 1990/2273/1990 1036/1172/1036 636/712/636
f 636/712/636 1353/1543/1353 1809/2073/1809
f 1844/2112/1844 10/12/10 387/431/387
f 387/431/387 1482/1693/1482 1844/2112/1844
f 821/925/821 1219/1389/1219 179/197/179
f 179/196/179 481/540/481 821/926/821
f 137/144/137 740/831/740 742/833/742
f 742/833/742 1940/2218/1940 137/144/137
f 448/501/448 307/343/307 984/1113/984
f 307/343/307 448/501/448 1583/1810/1583
f 1646/1887/1646 91/97/91 1373/1564/1373
f 1910/2185/1910 91/97/91 1646/1887/1646
f 962/1087/962 1205/1374/1205 963/1088/963
f 963/1088/963 1205/1374/1205 1578/1804/1578
f 1611/1845/1611 1610/1843/1610 1546/1764/1546
f 537/601/537 929/1048/929 538/602/538
f 128/134/128 879/990/879 1515/1731/1515
f 1515/1731/1515 879/990/879 1268/1441/1268
f 684/767/684 1653/1894/1653 1652/1893/1652
f 1393/1588/1393 1653/1894/1653 684/767/684
f 1083/1225/1083 943/1063/943 1865/2134/1865
f 943/1063/943 900/1016/900 1865/2134/1865
f 1991/2274/1991 919/1038/919 918/1037/918
f 1991/2274/1991 918/1037/918 1673/1919/1673
f 666/746/666 818/922/818 667/747/667
f 1385/1578/1385 818/922/818 666/746/666
f 1181/1342/1181 890/1003/890 1770/2029/1770
f 1928/2205/1928 890/1003/890 1181/1342/1181
f 1902/2177/1902 1901/2175/1901 1378/1570/1378
f 1902/2176/1902 1378/1569/1378 439/492/439
f 1422/1622/1422 672/753/672 671/751/671
f 1443/1647/1443 1775/2036/1775 1422/1622/1422
f 74/80/74 1558/1783/1558 75/81/75
f 1558/1783/1558 1962/2244/1962 1360/1551/1360
f 738/829/738 973/1100/973 1289/1462/1289
f 1627/1867/1627 738/829/738 1289/1462/1289
f 1887/2160/1887 1760/2019/1760 1051/1187/1051
f 1051/1187/1051 1870/2141/1870 1887/2160/1887
f 1449/1653/1449 1119/1269/1119 1452/1658/1452
f 1449/1653/1449 1452/1658/1452 1308/1486/1308
f 1357/1548/1357 1352/1542/1352 824/929/824
f 824/929/824 823/928/823 1357/1548/1357
f 723/812/723 1686/1933/1686 1041/1177/1041
f 1003/1135/1003 1686/1933/1686 723/812/723
f 460/514/460 156/168/156 627/703/627
f 1811/2075/1811 627/703/627 156/168/156
f 613/685/613 612/684/612 1101/1249/1101
f 1101/1249/1101 1615/1850/1615 1312/1493/1312
f 120/126/120 1152/1308/1152 807/911/807
f 1781/2042/1781 1152/1308/1152 120/126/120
f 1786/2047/1786 938/1057/938 940/1059/940
f 938/1057/938 1454/1660/1454 1453/1659/1453
f 748/839/748 1486/1697/1486 1485/1696/1485
f 748/839/748 747/838/747 1891/2164/1891
f 779/881/779 1252/1424/1252 258/282/258
f 779/881/779 1065/1205/1065 1252/1424/1252
f 1896/2169/1896 35/38/35 1854/2123/1854
f 1896/2169/1896 1110/1260/1110 35/38/35
f 1342/1532/1342 1541/1759/1541 1109/1259/1109
f 1342/1532/1342 1109/1259/1109 1340/1530/1340
f 1566/1791/1566 472/526/472 474/531/474
f 1666/1911/1666 1566/1791/1566 578/647/578
f 441/494/441 1382/1575/1382 442/495/442
f 754/848/754 442/495/442 1317/1501/1317
f 1871/2142/1871 1518/1734/1518 153/165/153
f 1518/1734/1518 154/166/154 153/165/153
f 1898/2171/1898 1553/1776/1553 898/1012/898
f 1064/1202/1064 1061/1199/1061 1898/2171/1898
f 1595/1822/1595 279/312/279 184/204/184
f 184/203/184 293/327/293 1595/1823/1595
f 64/67/64 1705/1958/1705 718/807/718
f 1344/1534/1344 718/807/718 1705/1958/1705
f 1459/1665/1459 1458/1664/1458 1460/1666/1460
f 1460/1666/1460 1458/1664/1458 1078/1219/1078
f 1331/1520/1331 398/444/398 1578/1804/1578
f 1879/2151/1879 398/445/398 1331/1519/1331
f 1992/2275/1992 464/518/464 366/410/366
f 1392/1587/1392 464/518/464 1992/2275/1992
f 1490/1701/1490 922/1041/922 921/1040/921
f 1490/1701/1490 921/1040/921 1424/1624/1424
f 1623/1862/1623 501/562/501 1176/1335/1176
f 1176/1335/1176 994/1125/994 1623/1862/1623
f 1818/2082/1818 432/484/432 1057/1195/1057
f 1057/1195/1057 1232/1402/1232 1234/1404/1234
f 1362/1553/1362 294/328/294 1363/1554/1363
f 1363/1554/1363 294/328/294 293/327/293
f 1707/1960/1707 998/1129/998 789/891/789
f 1447/1651/1447 998/1129/998 1707/1960/1707
f 482/541/482 1141/1294/1141 1682/1929/1682
f 750/843/750 1682/1929/1682 1141/1294/1141
f 540/604/540 543/607/543 541/605/541
f 1206/1375/1206 543/607/543 1204/1373/1204
f 801/905/801 1895/2168/1895 43/46/43
f 1247/1419/1247 1895/2168/1895 801/905/801
f 170/187/170 1299/1472/1299 314/350/314
f 1892/2165/1892 1299/1472/1299 170/187/170
f 1226/1396/1226 177/194/177 1224/1394/1224
f 1226/1396/1226 1224/1394/1224 223/243/223
f 962/1087/962 539/603/539 1205/1374/1205
f 539/603/539 525/589/525 527/591/527
f 390/436/390 389/435/389 1021/1155/1021
f 389/435/389 1494/1705/1494 1021/1155/1021
f 1167/1326/1167 730/819/730 869/980/869
f 870/981/870 869/980/869 730/819/730
f 1973/2256/1973 754/848/754 1316/1500/1316
f 1973/2256/1973 1316/1500/1316 445/498/445
f 1866/2136/1866 190/210/190 189/209/189
f 1866/2136/1866 1954/2235/1954 190/210/190
f 81/87/81 556/621/556 1592/1819/1592
f 1592/1819/1592 556/621/556 907/1024/907
f 851/959/851 850/958/850 1886/2159/1886
f 848/955/848 851/960/851 1886/2158/1886
f 1230/1400/1230 1227/1397/1227 5/7/5
f 1227/1397/1227 1230/1400/1230 1229/1399/1229
f 1250/1422/1250 256/280/256 258/282/258
f 256/280/256 1250/1422/1250 597/668/597
f 1139/1291/1139 1138/1290/1138 24/26/24
f 1138/1290/1138 1548/1767/1548 24/26/24
f 1291/1464/1291 1993/2277/1993 1293/1466/1293
f 196/216/196 1993/2277/1993 1291/1464/1291
f 990/1120/990 614/686/614 237/258/237
f 614/686/614 1040/1176/1040 237/258/237
f 724/813/724 1418/1617/1418 233/254/233
f 661/741/661 234/255/234 233/254/233
f 401/449/401 403/451/403 404/455/404
f 404/455/404 262/286/262 401/449/401
f 609/680/609 248/271/248 1213/1383/1213
f 1212/1382/1212 609/680/609 1213/1383/1213
f 1289/1462/1289 1288/1461/1288 1625/1865/1625
f 1625/1865/1625 1288/1461/1288 1626/1866/1626
f 678/761/678 1678/1924/1678 676/758/676
f 1158/1316/1158 1157/1315/1157 676/758/676
f 271/300/271 270/297/270 761/857/761
f 1552/1773/1552 271/300/271 761/857/761
f 82/88/82 1454/1660/1454 462/516/462
f 80/86/80 82/88/82 462/516/462
f 1216/1386/1216 1944/2223/1944 546/610/546
f 546/610/546 1744/2000/1744 1216/1386/1216
f 1374/1565/1374 455/509/455 1714/1967/1714
f 1714/1967/1714 1373/1564/1373 1374/1565/1374
f 1492/1703/1492 628/704/628 1245/1417/1245
f 1245/1417/1245 628/704/628 625/701/625
f 239/260/239 891/1004/891 240/261/240
f 240/261/240 891/1004/891 1275/1448/1275
f 1484/1695/1484 118/124/118 117/123/117
f 117/123/117 1900/2174/1900 1484/1695/1484
f 1137/1289/1137 1139/1291/1139 740/831/740
f 1137/1289/1137 740/831/740 136/143/136
f 1185/1346/1185 158/170/158 1187/1348/1187
f 1187/1348/1187 158/170/158 1188/1350/1188
f 443/496/443 385/429/385 444/497/444
f 1557/1782/1557 444/497/444 385/429/385
f 1691/1939/1691 1688/1935/1688 1405/1601/1405
f 1690/1938/1690 1688/1935/1688 1691/1939/1691
f 544/608/544 1675/1921/1675 1674/1920/1674
f 321/357/321 1675/1921/1675 540/604/540
f 1386/1579/1386 382/426/382 1387/1580/1387
f 383/427/383 382/426/382 2/3/2
f 113/119/113 1698/1949/1698 1884/2156/1884
f 1884/2156/1884 111/117/111 113/119/113
f 1429/1629/1429 1923/2200/1923 798/902/798
f 1277/1450/1277 1276/1449/1276 1429/1629/1429
f 529/593/529 400/448/400 399/446/399
f 1578/1804/1578 400/447/400 961/1085/961
f 34/37/34 1815/2079/1815 21/23/21
f 21/23/21 35/38/35 34/37/34
f 89/95/89 302/337/302 1207/1376/1207
f 1208/1377/1208 89/95/89 1207/1376/1207
f 1256/1428/1256 616/689/616 1257/1430/1257
f 616/690/616 1256/1429/1256 991/1122/991
f 1702/1955/1702 1433/1633/1433 1436/1638/1436
f 1433/1634/1433 1800/2062/1800 1436/1639/1436
f 1201/1367/1201 1203/1372/1203 1482/1693/1482
f 1844/2112/1844 1482/1693/1482 1203/1372/1203
f 1498/1710/1498 818/922/818 1384/1577/1384
f 91/97/91 1498/1710/1498 313/349/313
f 1243/1415/1243 242/264/242 241/262/241
f 1079/1220/1079 329/365/329 242/264/242
f 1909/2184/1909 813/917/813 1651/1892/1651
f 1909/2184/1909 1651/1892/1651 1785/2046/1785
f 112/118/112 749/841/749 1994/2278/1994
f 1994/2278/1994 1127/1278/1127 112/118/112
f 1965/2247/1965 986/1116/986 985/1114/985
f 986/1115/986 984/1112/984 1935/2213/1935
f 959/1083/959 607/678/607 204/224/204
f 959/1083/959 204/224/204 1876/2148/1876
f 143/152/143 1437/1640/1437 1907/2182/1907
f 39/42/39 1437/1640/1437 143/152/143
f 1489/1700/1489 628/704/628 1492/1703/1492
f 1489/1700/1489 1492/1703/1492 1491/1702/1491
f 1095/1240/1095 1094/1239/1094 736/826/736
f 736/826/736 1094/1239/1094 1864/2133/1864
f 1829/2095/1829 1961/2242/1961 62/65/62
f 420/471/420 1829/2095/1829 62/65/62
f 1806/2070/1806 693/779/693 550/614/550
f 1806/2070/1806 1291/1464/1291 693/779/693
f 1607/1840/1607 1606/1839/1606 502/563/502
f 500/561/500 1177/1336/1177 1606/1839/1606
f 771/870/771 1132/1284/1132 773/872/773
f 1943/2221/1943 771/870/771 773/872/773
f 849/957/849 1619/1854/1619 850/958/850
f 195/215/195 569/635/569 849/956/849
f 1735/1991/1735 1793/2054/1793 176/193/176
f 1794/2055/1794 1793/2054/1793 1735/1991/1735
f 1926/2203/1926 1462/1668/1462 172/189/172
f 172/189/172 1462/1668/1462 173/190/173
f 1726/1982/1726 249/272/249 248/271/248
f 249/273/249 1755/2014/1755 356/397/356
f 796/899/796 775/876/775 777/878/777
f 796/899/796 654/732/654 775/876/775
f 787/889/787 786/888/786 250/274/250
f 1839/2106/1839 787/889/787 250/274/250
f 70/74/70 1197/1362/1197 1196/1360/1196
f 1475/1684/1475 70/73/70 1196/1361/1196
f 298/332/298 1635/1876/1635 909/1026/909
f 296/330/296 298/332/298 909/1026/909
f 441/494/441 431/483/431 1995/2280/1995
f 1995/2280/1995 1640/1881/1640 441/494/441
f 1269/1442/1269 1580/1806/1580 1579/1805/1579
f 914/1031/914 1269/1442/1269 1964/2246/1964
f 530/594/530 1524/1740/1524 1569/1795/1569
f 1524/1740/1524 396/442/396 1569/1795/1569
f 1659/1900/1659 1660/1902/1660 1911/2186/1911
f 1659/1900/1659 1503/1715/1503 553/618/553
f 1920/2197/1920 166/183/166 659/738/659
f 658/737/658 659/739/659 166/182/166
f 491/550/491 1955/2236/1955 489/548/489
f 491/550/491 1954/2235/1954 1955/2236/1955
f 1514/1729/1514 1934/2211/1934 1270/1443/1270
f 1934/2212/1934 1514/1730/1514 1210/1379/1210
f 1372/1563/1372 374/418/374 947/1068/947
f 1372/1563/1372 1371/1562/1371 1655/1896/1655
f 1214/1384/1214 843/950/843 1718/1971/1718
f 843/950/843 1214/1384/1214 844/951/844
f 678/761/678 353/393/353 1345/1535/1345
f 678/761/678 1345/1535/1345 268/294/268
f 1274/1447/1274 343/380/343 1861/2130/1861
f 1929/2206/1929 1274/1447/1274 1861/2130/1861
f 134/141/134 1996/2281/1996 1521/1737/1521
f 1996/2281/1996 621/697/621 1521/1737/1521
f 1834/2100/1834 158/170/158 840/945/840
f 840/946/840 1527/1743/1527 1834/2101/1834
f 1510/1724/1510 497/557/497 1063/1201/1063
f 497/557/497 1510/1724/1510 1295/1468/1295
f 105/111/105 1305/1481/1305 1694/1942/1694
f 954/1078/954 1305/1481/1305 105/111/105
f 1951/2232/1951 1056/1194/1056 1432/1632/1432
f 1432/1632/1432 1056/1194/1056 1055/1193/1055
f 875/986/875 1963/2245/1963 1369/1560/1369
f 875/986/875 1369/1560/1369 1368/1559/1368
f 1500/1712/1500 1165/1324/1165 1164/1323/1164
f 1167/1326/1167 1500/1712/1500 1987/2270/1987
f 292/326/292 1145/1298/1145 166/182/166
f 1882/2154/1882 1145/1298/1145 292/326/292
f 728/817/728 413/464/413 729/818/729
f 728/817/728 1564/1789/1564 413/464/413
f 1083/1225/1083 705/793/705 1913/2190/1913
f 1914/2191/1914 1083/1225/1083 1913/2190/1913
f 601/672/601 600/671/600 1440/1643/1440
f 99/105/99 601/672/601 1440/1643/1440
f 1952/2233/1952 1612/1846/1612 191/211/191
f 1100/1248/1100 1612/1846/1612 1952/2233/1952
f 1478/1688/1478 964/1090/964 1407/1603/1407
f 962/1087/962 964/1089/964 1478/1688/1478
f 577/645/577 1684/1931/1684 1997/2282/1997
f 1001/1132/1001 1684/1931/1684 577/645/577
f 663/743/663 662/742/662 665/745/665
f 1355/1546/1355 1894/2167/1894 662/742/662
f 1872/2144/1872 1089/1231/1089 1420/1620/1420
f 25/27/25 27/29/27 1420/1619/1420
f 1198/1363/1198 1621/1857/1621 1196/1360/1196
f 1198/1364/1198 758/854/758 1621/1858/1621
f 1133/1285/1133 1132/1284/1132 1135/1287/1135
f 1135/1287/1135 1132/1284/1132 771/870/771
f 1171/1330/1171 1552/1773/1552 595/666/595
f 1715/1968/1715 1171/1330/1171 595/666/595
f 1721/1975/1721 1368/1559/1368 1696/1947/1696
f 1054/1191/1054 1696/1946/1696 732/821/732
f 708/797/708 710/799/710 894/1007/894
f 1792/2053/1792 1275/1448/1275 894/1007/894
f 797/901/797 776/877/776 599/670/599
f 1468/1675/1468 797/901/797 599/670/599
f 238/259/238 1361/1552/1361 173/190/173
f 73/79/73 1361/1552/1361 74/80/74
f 635/711/635 266/291/266 1998/2284/1998
f 1998/2284/1998 403/451/403 1658/1899/1658
f 862/973/862 1818/2082/1818 863/974/863
f 861/972/861 433/485/433 862/973/862
f 536/600/536 1539/1757/1539 537/601/537
f 647/725/647 1539/1757/1539 536/600/536
f 1096/1243/1096 734/824/734 845/952/845
f 1096/1243/1096 1093/1237/1093 734/824/734
f 1850/2119/1850 1709/1962/1709 651/729/651
f 1850/2119/1850 651/729/651 650/728/650
f 126/132/126 1411/1607/1411 127/133/127
f 126/132/126 1763/2022/1763 1411/1607/1411
f 592/663/592 808/912/808 1281/1454/1281
f 1978/2261/1978 1281/1454/1281 1781/2042/1781
f 5/7/5 76/82/76 66/69/66
f 1705/1958/1705 66/69/66 76/82/76
f 119/125/119 1882/2154/1882 674/756/674
f 119/125/119 674/756/674 117/123/117
f 1570/1796/1570 1016/1150/1016 1015/1149/1015
f 1570/1796/1570 1015/1149/1015 1443/1647/1443
f 47/50/47 681/764/681 48/51/48
f 1918/2195/1918 1463/1669/1463 681/764/681
f 347/386/347 346/384/346 737/827/737
f 737/827/737 1864/2133/1864 1929/2206/1929
f 218/238/218 1277/1450/1277 1429/1629/1429
f 218/238/218 217/237/217 1277/1450/1277
f 185/205/185 1999/2286/1999 613/685/613
f 1999/2286/1999 721/810/721 613/685/613
f 1981/2264/1981 1425/1625/1425 1225/1395/1225
f 177/194/177 178/195/178 1225/1395/1225
f 1975/2258/1975 508/571/508 100/106/100
f 101/107/101 100/106/100 1031/1165/1031
f 1665/1910/1665 31/34/31 33/36/33
f 1028/1162/1028 1665/1910/1665 33/36/33
f 1717/1970/1717 591/662/591 593/664/593
f 1967/2249/1967 591/662/591 1717/1970/1717
f 512/575/512 1984/2267/1984 1161/1319/1161
f 147/156/147 512/575/512 1161/1319/1161
f 577/646/577 1997/2283/1997 810/914/810
f 1567/1793/1567 810/914/810 1002/1134/1002
f 1824/2090/1824 255/279/255 1446/1650/1446
f 1825/2091/1825 1824/2090/1824 1446/1650/1446
f 1851/2120/1851 650/728/650 1969/2251/1969
f 833/938/833 1851/2120/1851 419/470/419
f 318/354/318 1331/1520/1331 1578/1804/1578
f 1578/1804/1578 316/352/316 318/354/318
f 1634/1875/1634 822/927/822 867/978/867
f 1634/1875/1634 1633/1874/1633 822/927/822
f 265/290/265 267/293/267 1005/1137/1005
f 230/251/230 1162/1321/1162 1005/1137/1005
f 506/569/506 505/567/505 1599/1828/1599
f 945/1065/945 506/569/506 1599/1828/1599
f 1810/2074/1810 739/830/739 1798/2060/1798
f 42/45/42 41/44/41 1810/2074/1810
f 686/770/686 133/139/133 132/138/132
f 1936/2214/1936 686/770/686 132/138/132
f 339/376/339 1086/1228/1086 1700/1951/1700
f 339/376/339 1700/1951/1700 720/809/720
f 1979/2262/1979 1748/2004/1748 933/1052/933
f 933/1052/933 1152/1308/1152 1979/2262/1979
f 1366/1557/1366 1507/1721/1507 1820/2085/1820
f 1820/2085/1820 1075/1215/1075 1366/1557/1366
f 351/390/351 1585/1812/1585 885/998/885
f 353/394/353 1585/1812/1585 351/390/351
f 1121/1271/1121 210/230/210 212/232/212
f 1623/1862/1623 1121/1271/1121 212/232/212
f 108/114/108 1294/1467/1294 1777/2038/1777
f 108/114/108 1777/2038/1777 1778/2039/1778
f 1636/1877/1636 1858/2127/1858 910/1027/910
f 910/1027/910 909/1026/909 1636/1877/1636
f 1552/1774/1552 1950/2231/1950 763/860/763
f 1950/2231/1950 1088/1230/1088 763/860/763
f 358/399/358 31/34/31 1665/1910/1665
f 31/34/31 358/399/358 1511/1725/1511
f 1838/2105/1838 92/98/92 312/348/312
f 209/229/209 90/96/90 92/98/92
f 1547/1766/1547 928/1047/928 1548/1767/1548
f 1829/2095/1829 1547/1765/1547 1961/2242/1961
f 56/59/56 1170/1329/1170 1974/2257/1974
f 56/59/56 1347/1537/1347 1170/1329/1170
f 1349/1539/1349 97/103/97 96/102/96
f 1956/2237/1956 97/103/97 1349/1539/1349
f 649/727/649 648/726/648 1262/1435/1262
f 1262/1435/1262 648/726/648 704/791/704
f 151/162/151 1189/1353/1189 152/164/152
f 841/948/841 1724/1979/1724 1189/1353/1189
f 1109/1259/1109 1037/1173/1037 1340/1530/1340
f 683/766/683 1340/1530/1340 1037/1173/1037
f 1845/2113/1845 907/1024/907 906/1023/906
f 907/1024/907 1845/2113/1845 1592/1819/1592
f 814/918/814 29/32/29 1122/1272/1122
f 1122/1272/1122 1123/1273/1123 814/918/814
f 1998/2285/1998 151/163/151 403/452/403
f 403/453/403 151/162/151 150/161/150
f 1037/1173/1037 534/598/534 1038/1174/1038
f 534/598/534 201/221/201 1038/1174/1038
f 1583/1809/1583 456/510/456 988/1118/988
f 988/1118/988 456/510/456 1376/1567/1376
f 1789/2050/1789 1456/1662/1456 125/131/125
f 125/131/125 1119/1269/1119 1118/1268/1118
f 1690/1937/1690 1831/2097/1831 1946/2225/1946
f 1946/2225/1946 1831/2097/1831 1833/2099/1833
f 1140/1292/1140 1426/1626/1426 479/537/479
f 1966/2248/1966 1140/1293/1140 479/538/479
f 1143/1296/1143 619/694/619 1485/1696/1485
f 1661/1904/1661 1485/1696/1485 619/694/619
f 610/681/610 609/680/609 1212/1382/1212
f 1212/1382/1212 915/1033/915 610/681/610
f 725/814/725 724/813/724 1769/2028/1769
f 542/606/542 725/814/725 1769/2028/1769
f 987/1117/987 606/677/606 1791/2052/1791
f 1376/1567/1376 606/677/606 987/1117/987
f 640/716/640 642/718/642 835/940/835
f 1228/1398/1228 642/718/642 640/716/640
f 826/931/826 1271/1444/1271 1809/2073/1809
f 1271/1444/1271 826/931/826 1272/1445/1272
f 685/768/685 133/139/133 686/770/686
f 44/47/44 133/140/133 685/769/685
f 449/502/449 1650/1891/1650 450/503/450
f 1650/1891/1650 449/502/449 30/33/30
f 1816/2080/1816 1817/2081/1817 1114/1264/1114
f 1951/2232/1951 1114/1264/1114 1297/1470/1297
f 1607/1840/1607 95/101/95 877/988/877
f 95/101/95 1607/1840/1607 878/989/878
f 1438/1641/1438 1847/2116/1847 1334/1524/1334
f 896/1010/896 1438/1641/1438 1795/2056/1795
f 214/234/214 1470/1677/1470 790/892/790
f 214/234/214 790/892/790 215/235/215
f 990/1120/990 115/121/115 617/691/617
f 990/1120/990 617/691/617 991/1122/991
f 1067/1207/1067 1069/1209/1069 1778/2039/1778
f 1778/2039/1778 1777/2038/1777 1067/1207/1067
f 1801/2063/1801 1010/1143/1010 1012/1145/1012
f 1725/1980/1725 1801/2064/1801 1012/1146/1012
f 1936/2214/1936 1448/1652/1448 255/279/255
f 1447/1651/1447 255/279/255 1448/1652/1448
f 1297/1470/1297 392/438/392 391/437/391
f 1297/1470/1297 391/437/391 1951/2232/1951
f 1130/1282/1130 1127/1279/1127 1994/2279/1994
f 1130/1282/1130 1796/2057/1796 1127/1279/1127
f 1231/1401/1231 1455/1661/1455 1867/2137/1867
f 1231/1401/1231 171/188/171 73/79/73
f 609/680/609 1725/1980/1725 248/271/248
f 1725/1980/1725 1726/1982/1726 248/271/248
f 1308/1485/1308 1451/1656/1451 1309/1487/1309
f 1308/1486/1308 1452/1658/1452 1451/1657/1451
f 1722/1977/1722 1326/1514/1326 622/698/622
f 1327/1515/1327 622/698/622 1326/1514/1326
f 1964/2246/1964 1269/1442/1269 1267/1440/1267
f 1964/2246/1964 1267/1440/1267 486/545/486
f 870/981/870 730/819/730 729/818/729
f 870/981/870 729/818/729 1633/1874/1633
f 1783/2044/1783 1782/2043/1782 194/214/194
f 1783/2044/1783 194/214/194 1723/1978/1723
f 992/1123/992 86/92/86 1123/1273/1123
f 86/92/86 992/1123/992 499/560/499
f 1947/2226/1947 1061/1199/1061 895/1008/895
f 1065/1204/1065 895/1008/895 1061/1199/1061
f 1802/2065/1802 1803/2067/1803 1414/1610/1414
f 1094/1238/1094 1414/1610/1414 1803/2067/1803
f 1300/1473/1300 1837/2104/1837 743/834/743
f 1300/1473/1300 743/834/743 745/836/745
f 1024/1158/1024 1321/1505/1321 1157/1314/1157
f 1321/1506/1321 676/758/676 1157/1315/1157
f 1930/2207/1930 1860/2129/1860 574/641/574
f 146/155/146 574/641/574 1860/2129/1860
f 806/910/806 1110/1260/1110 1896/2169/1896
f 805/909/805 2000/2287/2000 806/910/806
f 409/460/409 1151/1307/1151 410/461/410
f 406/457/406 1151/1307/1151 1804/2068/1804
f 452/505/452 407/458/407 1646/1887/1646
f 407/458/407 452/505/452 405/456/405
f 1877/2149/1877 1836/2103/1836 942/1062/942
f 942/1062/942 254/278/254 1877/2149/1877
f 1172/1331/1172 1171/1330/1171 1715/1968/1715
f 1908/2183/1908 1715/1968/1715 1716/1969/1716
f 911/1028/911 912/1029/912 1746/2002/1746
f 1746/2002/1746 912/1029/912 1538/1756/1538
f 607/678/607 1956/2237/1956 1349/1539/1349
f 960/1084/960 1956/2237/1956 607/678/607
f 1379/1571/1379 547/611/547 1214/1384/1214
f 1901/2175/1901 1379/1571/1379 1378/1570/1378
f 1261/1434/1261 1263/1436/1263 649/727/649
f 649/727/649 1262/1435/1262 1261/1434/1261
f 551/615/551 272/301/272 906/1023/906
f 906/1023/906 272/301/272 1845/2113/1845
f 114/120/114 116/122/116 1144/1297/1144
f 1823/2089/1823 114/120/114 1144/1297/1144
f 189/209/189 1562/1787/1562 1563/1788/1563
f 1870/2141/1870 189/209/189 188/208/188
f 1989/2272/1989 1737/1993/1737 485/544/485
f 485/544/485 1737/1993/1737 805/909/805
f 29/32/29 699/786/699 30/33/30
f 814/918/814 699/786/699 29/32/29
f 1891/2164/1891 1484/1695/1484 1486/1697/1486
f 1891/2164/1891 1486/1697/1486 748/839/748
f 275/306/275 277/309/277 1593/1820/1593
f 277/309/277 1754/2011/1754 1593/1820/1593
f 1579/1805/1579 1211/1381/1211 1269/1442/1269
f 916/1035/916 1211/1381/1211 1579/1805/1579
f 421/472/421 423/474/423 1826/2092/1826
f 615/688/615 421/472/421 1826/2092/1826
f 1390/1583/1390 1389/1582/1389 1776/2037/1776
f 1389/1582/1389 795/898/795 1776/2037/1776
f 1718/1971/1718 734/824/734 733/823/733
f 733/823/733 1380/1572/1380 1718/1971/1718
f 855/964/855 1019/1153/1019 1020/1154/1020
f 1019/1153/1019 855/964/855 1603/1836/1603
f 42/45/42 1635/1876/1635 40/43/40
f 1657/1898/1657 1635/1876/1635 298/332/298
f 1077/1218/1077 581/650/581 1351/1541/1351
f 1351/1541/1351 581/650/581 1348/1538/1348
f 1428/1628/1428 1429/1629/1429 798/902/798
f 798/902/798 373/417/373 1428/1628/1428
f 1830/2096/1830 1829/2095/1829 420/471/420
f 1830/2096/1830 420/471/420 1969/2251/1969
f 1160/1318/1160 1280/1453/1280 1781/2042/1781
f 1781/2042/1781 122/128/122 1160/1318/1160
f 1581/1807/1581 1788/2049/1788 1579/1805/1579
f 1581/1807/1581 1457/1663/1457 1788/2049/1788
f 155/167/155 457/511/457 1073/1213/1073
f 1977/2260/1977 457/511/457 155/167/155
f 1530/1746/1530 1777/2038/1777 1294/1467/1294
f 1294/1467/1294 1531/1747/1531 1530/1746/1530
f 1219/1389/1219 1220/1390/1220 566/631/566
f 566/631/566 1220/1390/1220 111/117/111
f 722/811/722 186/206/186 1003/1135/1003
f 723/812/723 722/811/722 1003/1135/1003
f 937/1056/937 561/626/561 559/624/559
f 561/626/561 1700/1951/1700 559/624/559
f 527/591/527 526/590/526 321/357/321
f 321/357/321 540/604/540 527/591/527
f 1813/2077/1813 19/21/19 21/23/21
f 695/781/695 19/21/19 1813/2077/1813
f 1528/1744/1528 908/1025/908 274/304/274
f 1000/1131/1000 1528/1744/1528 274/304/274
f 405/456/405 453/506/453 1805/2069/1805
f 1805/2069/1805 453/506/453 769/868/769
f 1827/2093/1827 1828/2094/1828 1163/1322/1163
f 1828/2094/1828 1639/1880/1639 1163/1322/1163
f 927/1046/927 1741/1997/1741 435/487/435
f 1780/2041/1780 435/487/435 1741/1997/1741
f 1762/2021/1762 1200/1366/1200 1761/2020/1761
f 1761/2020/1761 1200/1366/1200 68/71/68
f 779/881/779 778/880/778 896/1010/896
f 896/1010/896 778/880/778 1438/1641/1438
f 1023/1157/1023 675/757/675 674/756/674
f 675/757/675 1023/1157/1023 620/695/620
f 330/366/330 1694/1943/1694 955/1079/955
f 330/366/330 1695/1944/1695 1694/1943/1694
f 1990/2273/1990 1809/2073/1809 1036/1172/1036
f 636/712/636 1809/2073/1809 1990/2273/1990
f 950/1073/950 594/665/594 951/1075/951
f 950/1073/950 1717/1970/1717 1716/1969/1716
f 422/473/422 1258/1431/1258 903/1020/903
f 903/1020/903 1258/1431/1258 1257/1430/1257
f 1708/1961/1708 836/941/836 644/720/644
f 222/242/222 836/941/836 1708/1961/1708
f 703/790/703 1474/1683/1474 1476/1685/1476
f 1474/1683/1474 517/581/517 1476/1685/1476
f 550/614/550 1497/1709/1497 1806/2070/1806
f 550/614/550 549/613/549 1497/1709/1497
f 697/784/697 1976/2259/1976 1238/1408/1238
f 1238/1408/1238 1235/1405/1235 697/784/697
f 1437/1640/1437 38/41/38 1906/2181/1906
f 38/41/38 1402/1598/1402 1906/2181/1906
f 1370/1561/1370 1591/1818/1591 1800/2062/1800
f 1800/2062/1800 1368/1559/1368 1370/1561/1370
f 1957/2238/1957 1111/1261/1111 1738/1994/1738
f 1112/1262/1112 1957/2238/1957 1738/1994/1738
f 287/320/287 139/147/139 288/322/288
f 287/321/287 901/1017/901 139/146/139
f 833/938/833 1710/1963/1710 1851/2120/1851
f 1710/1963/1710 833/938/833 1226/1396/1226
f 1360/1551/1360 552/616/552 551/615/551
f 1360/1551/1360 341/378/341 552/616/552
f 1324/1511/1324 890/1003/890 1183/1344/1183
f 1324/1511/1324 1183/1344/1183 1325/1512/1325
f 678/761/678 677/759/677 353/393/353
f 353/394/353 677/760/677 1325/1512/1325
f 1531/1748/1531 498/558/498 1295/1468/1295
f 1531/1747/1531 1294/1467/1294 498/559/498
f 648/726/648 646/723/646 704/791/704
f 704/792/704 646/724/646 702/789/702
f 1893/2166/1893 245/267/245 365/408/365
f 364/407/364 1893/2166/1893 365/408/365
f 944/1064/944 1731/1987/1731 1790/2051/1790
f 1914/2191/1914 944/1064/944 1083/1225/1083
f 1133/1285/1133 1134/1286/1134 1656/1897/1656
f 298/332/298 297/331/297 1656/1897/1656
f 1758/2017/1758 1055/1193/1055 1975/2258/1975
f 1055/1193/1055 508/571/508 1975/2258/1975
f 1014/1148/1014 1443/1647/1443 1013/1147/1013
f 1014/1148/1014 1570/1796/1570 1443/1647/1443
f 20/22/20 1237/1407/1237 1854/2123/1854
f 1238/1408/1238 1237/1407/1237 20/22/20
f 1169/1328/1169 1168/1327/1168 1249/1421/1249
f 1842/2110/1842 1169/1328/1169 1249/1421/1249
f 1174/1333/1174 1717/1970/1717 593/664/593
f 1175/1334/1175 1174/1333/1174 593/664/593
f 1428/1628/1428 373/417/373 968/1094/968
f 373/417/373 372/416/372 968/1094/968
f 1527/1743/1527 1153/1309/1153 1327/1515/1327
f 1834/2101/1834 1527/1743/1527 1327/1515/1327
f 1982/2265/1982 1571/1797/1571 1570/1796/1570
f 573/640/573 144/153/144 1982/2265/1982
f 1102/1251/1102 1315/1498/1315 1594/1821/1594
f 1102/1251/1102 1594/1821/1594 473/529/473
f 1156/1312/1156 1158/1316/1158 620/696/620
f 620/695/620 1023/1157/1023 1156/1313/1156
f 352/391/352 1091/1234/1091 1938/2216/1938
f 352/392/352 1597/1826/1597 1091/1233/1091
f 246/269/246 611/682/611 1668/1913/1668
f 1667/1912/1667 1668/1914/1668 611/683/611
f 1160/1318/1160 1159/1317/1159 1279/1452/1279
f 55/58/55 1279/1452/1279 1159/1317/1159
f 981/1109/981 1639/1880/1639 982/1110/982
f 423/474/423 982/1110/982 1639/1880/1639
f 1395/1590/1395 637/713/637 1036/1172/1036
f 1652/1893/1652 1395/1590/1395 1036/1172/1036
f 1807/2071/1807 1786/2047/1786 956/1080/956
f 1807/2071/1807 956/1080/956 463/517/463
f 1016/1150/1016 1571/1797/1571 1572/1798/1572
f 1572/1798/1572 342/379/342 1016/1150/1016
f 1563/1788/1563 1727/1983/1727 466/520/466
f 466/520/466 1727/1983/1727 1729/1985/1729
f 1098/1245/1098 360/402/360 362/404/362
f 362/405/362 1730/1986/1730 1098/1246/1098
f 1150/1306/1150 1149/1304/1149 161/175/161
f 1149/1305/1149 406/457/406 161/174/161
f 1387/1580/1387 669/749/669 1604/1837/1604
f 1604/1837/1604 669/749/669 1603/1836/1603
f 348/387/348 1146/1299/1146 349/388/349
f 349/388/349 1146/1299/1146 604/675/604
f 440/493/440 753/847/753 429/480/429
f 429/480/429 431/483/431 440/493/440
f 476/533/476 281/314/281 565/630/565
f 281/314/281 566/631/566 565/630/565
f 1045/1181/1045 1044/1180/1044 216/236/216
f 216/236/216 1273/1446/1273 1045/1181/1045
f 794/897/794 1470/1677/1470 214/234/214
f 794/897/794 1471/1678/1471 1470/1677/1470
f 1686/1933/1686 1685/1932/1685 1419/1618/1419
f 1419/1618/1419 1921/2198/1921 1686/1933/1686
f 758/854/758 1649/1890/1649 759/855/759
f 1198/1364/1198 1649/1890/1649 758/854/758
f 1853/2122/1853 363/406/363 1896/2169/1896
f 364/407/364 363/406/363 1853/2122/1853
f 546/610/546 545/609/545 1126/1277/1126
f 1126/1277/1126 545/609/545 1902/2177/1902
f 1410/1606/1410 26/28/26 409/460/409
f 1218/1388/1218 26/28/26 1410/1606/1410
f 412/463/412 639/715/639 1046/1182/1046
f 1046/1182/1046 639/715/639 1983/2266/1983
f 1520/1736/1520 999/1130/999 997/1128/997
f 1000/1131/1000 999/1130/999 1520/1736/1520
f 1924/2201/1924 65/68/65 1692/1940/1692
f 65/68/65 64/67/64 1692/1940/1692
f 1502/1714/1502 1501/1713/1501 235/256/235
f 1041/1177/1041 1502/1714/1502 235/256/235
f 1219/1389/1219 566/631/566 283/316/283
f 283/316/283 179/197/179 1219/1389/1219
f 226/246/226 1509/1723/1509 495/554/495
f 1509/1723/1509 260/284/260 495/554/495
f 1720/1974/1720 1368/1559/1368 1721/1975/1721
f 875/986/875 1368/1559/1368 335/371/335
f 170/187/170 1630/1871/1630 168/185/168
f 168/185/168 1630/1871/1630 1631/1872/1631
f 952/1076/952 852/961/852 384/428/384
f 384/428/384 850/958/850 952/1076/952
f 18/20/18 17/19/17 222/242/222
f 17/19/17 1329/1517/1329 222/242/222
f 53/56/53 77/83/77 54/57/54
f 54/57/54 77/83/77 830/935/830
f 654/732/654 103/109/103 655/733/655
f 796/899/796 103/109/103 654/732/654
f 615/687/615 282/315/282 1671/1917/1671
f 1671/1917/1671 282/315/282 281/314/281
f 1843/2111/1843 26/28/26 25/27/25
f 25/27/25 1386/1579/1386 1843/2111/1843
f 1437/1640/1437 1377/1568/1377 842/949/842
f 1377/1568/1377 843/950/843 842/949/842
f 602/673/602 1218/1388/1218 1872/2143/1872
f 602/673/602 26/28/26 1218/1388/1218
f 1756/2015/1756 1106/1256/1106 1105/1255/1105
f 1106/1256/1106 1011/1144/1011 1010/1143/1010
f 1453/1659/1453 939/1058/939 938/1057/938
f 939/1058/939 1453/1659/1453 1881/2153/1881
f 1835/2102/1835 1967/2249/1967 949/1072/949
f 1717/1970/1717 949/1072/949 1967/2249/1967
f 1939/2217/1939 1411/1607/1411 511/574/511
f 1939/2217/1939 511/574/511 784/886/784
f 186/206/186 579/648/579 1004/1136/1004
f 1004/1136/1004 579/648/579 1567/1792/1567
f 1058/1196/1058 327/363/327 864/975/864
f 1234/1404/1234 327/363/327 1058/1196/1058
f 1515/1731/1515 1268/1441/1268 1270/1443/1270
f 1267/1440/1267 1270/1443/1270 1268/1441/1268
f 1027/1161/1027 1029/1163/1029 1764/2023/1764
f 784/886/784 1027/1161/1027 1764/2023/1764
f 372/416/372 941/1060/941 968/1094/968
f 372/416/372 45/48/45 941/1060/941
f 1057/1195/1057 432/484/432 1232/1402/1232
f 1867/2137/1867 1232/1402/1232 432/484/432
f 1698/1949/1698 386/430/386 12/14/12
f 12/14/12 11/13/11 1698/1949/1698
f 1488/1699/1488 765/863/765 1487/1698/1487
f 765/863/765 1488/1699/1488 1207/1376/1207
f 258/282/258 1251/1423/1251 1250/1422/1250
f 1252/1424/1252 1251/1423/1251 258/282/258
f 526/590/526 319/355/319 321/357/321
f 526/590/526 1407/1603/1407 319/355/319
f 1628/1869/1628 1811/2075/1811 1629/1870/1629
f 1628/1869/1628 1492/1703/1492 1811/2075/1811
f 388/433/388 1202/1370/1202 1201/1368/1201
f 388/433/388 1201/1368/1201 1480/1690/1480
f 742/833/742 741/832/741 23/25/23
f 1139/1291/1139 23/25/23 741/832/741
f 264/288/264 402/450/402 1608/1841/1608
f 401/449/401 1608/1841/1608 402/450/402
f 1573/1799/1573 144/153/144 573/640/573
f 1134/1286/1134 1573/1799/1573 573/640/573
f 932/1051/932 931/1050/931 787/889/787
f 1749/2005/1749 932/1051/932 933/1052/933
f 1084/1226/1084 1086/1228/1086 1087/1229/1087
f 1361/1552/1361 1084/1226/1084 1087/1229/1087
f 330/366/330 332/368/332 1695/1944/1695
f 332/368/332 732/822/732 1695/1944/1695
f 919/1038/919 1991/2274/1991 1857/2126/1857
f 1857/2126/1857 1493/1704/1493 919/1038/919
f 899/1014/899 1178/1337/1178 1180/1340/1180
f 1180/1341/1180 1178/1338/1178 1612/1846/1612
f 709/798/709 1945/2224/1945 1240/1411/1240
f 1772/2031/1772 709/798/709 1240/1411/1240
f 469/523/469 1052/1188/1052 1959/2240/1959
f 469/523/469 1959/2240/1959 1762/2021/1762
f 7/9/7 979/1107/979 727/816/727
f 979/1107/979 7/9/7 632/708/632
f 1021/1155/1021 1495/1707/1495 1290/1463/1290
f 1689/1936/1689 1405/1601/1405 1290/1463/1290
f 1869/2140/1869 395/441/395 1408/1604/1408
f 528/592/528 1869/2140/1869 1408/1604/1408
f 146/155/146 343/380/343 1572/1798/1572
f 1861/2130/1861 343/380/343 146/155/146
f 760/856/760 37/40/37 39/42/39
f 1466/1672/1466 39/42/39 143/152/143
f 75/81/75 1558/1783/1558 325/361/325
f 325/361/325 1455/1661/1455 75/81/75
f 84/90/84 1905/2180/1905 201/221/201
f 1905/2180/1905 84/90/84 1352/1542/1352
f 1423/1623/1423 1849/2118/1849 1743/1999/1743
f 671/751/671 1849/2118/1849 1423/1623/1423
f 1852/2121/1852 1895/2168/1895 263/287/263
f 263/287/263 1895/2168/1895 1247/1419/1247
f 1186/1347/1186 1723/1978/1723 1184/1345/1184
f 1186/1347/1186 1722/1976/1722 1723/1978/1723
f 1330/1518/1330 318/354/318 317/353/317
f 1330/1518/1330 317/353/317 234/255/234
f 637/713/637 1394/1589/1394 1848/2117/1848
f 1394/1589/1394 1395/1590/1395 1654/1895/1654
f 2/3/2 1386/1579/1386 25/27/25
f 2/3/2 382/426/382 1386/1579/1386
f 221/241/221 1586/1813/1586 1652/1893/1652
f 221/241/221 1588/1815/1588 1586/1813/1586
f 1105/1255/1105 509/572/509 1757/2016/1757
f 1757/2016/1757 1756/2015/1756 1105/1255/1105
f 997/1128/997 134/141/134 1521/1737/1521
f 997/1128/997 132/138/132 134/141/134
f 1128/1280/1128 1479/1689/1479 1129/1281/1129
f 1128/1280/1128 1642/1883/1642 1479/1689/1479
f 1491/1702/1491 922/1041/922 1489/1700/1489
f 923/1042/923 922/1041/922 1491/1702/1491
f 431/483/431 430/482/430 791/894/791
f 1995/2280/1995 431/483/431 791/894/791
f 1513/1727/1513 946/1066/946 364/407/364
f 1512/1726/1512 946/1067/946 1513/1728/1513
f 1147/1300/1147 3/4/3 1421/1621/1421
f 3/5/3 1147/1301/1147 192/212/192
f 1645/1886/1645 692/778/692 1293/1466/1293
f 1293/1466/1293 692/778/692 1292/1465/1292
f 178/195/178 1713/1966/1713 1980/2263/1980
f 480/539/480 1426/1626/1426 1713/1966/1713
f 803/907/803 1564/1789/1564 1248/1420/1248
f 1248/1420/1248 1247/1419/1247 803/907/803
f 1556/1781/1556 444/497/444 52/55/52
f 54/57/54 1556/1781/1556 52/55/52
f 641/717/641 586/657/586 1839/2106/1839
f 250/274/250 641/717/641 1839/2106/1839
f 470/524/470 1728/1984/1728 471/525/471
f 1728/1984/1728 470/524/470 1729/1985/1729
f 125/131/125 124/130/124 1450/1655/1450
f 1733/1989/1733 1450/1655/1450 124/130/124
f 1449/1654/1449 1310/1490/1310 1120/1270/1120
f 608/679/608 1120/1270/1120 1310/1490/1310
f 531/595/531 221/241/221 1652/1893/1652
f 1652/1893/1652 1036/1172/1036 531/595/531
f 766/864/766 303/338/303 713/802/713
f 304/339/304 303/338/303 766/864/766
f 366/409/366 243/265/243 1992/2276/1992
f 1992/2276/1992 243/265/243 1392/1586/1392
f 1439/1642/1439 596/667/596 1440/1643/1440
f 1439/1642/1439 257/281/257 596/667/596
f 837/942/837 643/719/643 1229/1399/1229
f 643/719/643 1228/1398/1228 1229/1399/1229
f 1921/2198/1921 726/815/726 1686/1933/1686
f 1418/1617/1418 726/815/726 1921/2198/1921
f 891/1004/891 1740/1996/1740 892/1005/892
f 1741/1997/1741 892/1005/892 1740/1996/1740
f 1971/2253/1971 1241/1412/1241 1243/1415/1243
f 1241/1413/1241 1971/2254/1971 1240/1411/1240
f 1603/1836/1603 852/961/852 854/963/854
f 1603/1836/1603 669/749/669 852/961/852
f 17/19/17 587/658/587 1328/1516/1328
f 1328/1516/1328 587/658/587 641/717/641
f 750/843/750 1141/1294/1141 1681/1927/1681
f 751/845/751 750/844/750 1681/1928/1681
f 1323/1510/1323 1123/1273/1123 701/788/701
f 1123/1273/1123 86/92/86 701/788/701
f 1878/2150/1878 1865/2135/1865 1124/1274/1124
f 1865/2134/1865 900/1016/900 1124/1275/1124
f 1423/1623/1423 378/422/378 1013/1147/1013
f 378/422/378 377/421/377 1013/1147/1013
f 1616/1851/1616 663/743/663 359/400/359
f 663/743/663 1616/1851/1616 1009/1142/1009
f 733/823/733 735/825/735 1624/1864/1624
f 735/825/735 1627/1868/1627 1624/1864/1624
f 1454/1660/1454 1786/2047/1786 1807/2071/1807
f 1454/1660/1454 938/1057/938 1786/2047/1786
f 1202/1371/1202 679/762/679 1199/1365/1199
f 140/149/140 679/762/679 1202/1371/1202
f 1918/2195/1918 681/764/681 522/586/522
f 1918/2195/1918 522/586/522 1338/1528/1338
f 116/122/116 746/837/746 1144/1297/1144
f 116/122/116 1837/2104/1837 746/837/746
f 107/113/107 1693/1941/1693 337/373/337
f 107/113/107 106/112/106 1693/1941/1693
f 1911/2187/1911 340/377/340 720/809/720
f 1660/1901/1660 340/377/340 1911/2187/1911
f 1125/1276/1125 549/613/549 548/612/548
f 549/613/549 1125/1276/1125 300/334/300
f 487/546/487 1457/1663/1457 488/547/488
f 488/547/488 1457/1663/1457 1581/1807/1581
f 1567/1793/1567 811/915/811 810/914/810
f 1567/1793/1567 809/913/809 811/915/811
f 653/731/653 655/733/655 1155/1311/1155
f 1155/1311/1155 259/283/259 653/731/653
f 1632/1873/1632 868/979/868 870/981/870
f 1634/1875/1634 868/979/868 1632/1873/1632
f 70/74/70 1195/1359/1195 1197/1362/1197
f 1197/1362/1197 1195/1359/1195 1194/1358/1194
f 658/737/658 315/351/315 1526/1742/1526
f 1630/1871/1630 315/351/315 658/737/658
f 928/1047/928 535/599/535 24/26/24
f 912/1029/912 535/599/535 928/1047/928
f 1537/1755/1537 592/663/592 1978/2261/1978
f 1978/2261/1978 592/663/592 1281/1454/1281
f 1627/1867/1627 1095/1241/1095 738/829/738
f 1095/1242/1095 1627/1868/1627 735/825/735
f 970/1096/970 1284/1457/1284 1766/2025/1766
f 1285/1458/1285 1766/2025/1766 1284/1457/1284
f 1780/2041/1780 861/972/861 860/971/860
f 925/1044/925 861/972/861 1780/2041/1780
f 1976/2259/1976 361/403/361 1602/1835/1602
f 361/403/361 1976/2259/1976 697/784/697
f 1874/2146/1874 1233/1403/1233 324/360/324
f 1059/1197/1059 1233/1403/1233 1874/2146/1874
f 1517/1733/1517 872/983/872 154/166/154
f 872/983/872 1977/2260/1977 154/166/154
f 251/275/251 1228/1398/1228 252/276/252
f 252/276/252 1228/1398/1228 640/716/640
f 445/498/445 832/937/832 1973/2256/1973
f 832/937/832 445/498/445 1556/1781/1556
f 1613/1847/1613 1960/2241/1960 714/803/714
f 1875/2147/1875 1960/2241/1960 1613/1847/1613
f 499/560/499 8/10/8 866/977/866
f 1164/1323/1164 866/977/866 8/10/8
f 157/169/157 1799/2061/1799 839/944/839
f 157/169/157 839/944/839 158/170/158
f 1701/1953/1701 560/625/560 336/372/336
f 1433/1635/1433 1701/1953/1701 336/372/336
f 859/970/859 1053/1189/1053 490/549/490
f 1053/1189/1053 491/550/491 490/549/490
f 376/420/376 375/419/375 969/1095/969
f 968/1094/968 376/420/376 969/1095/969
f 585/656/585 1350/1540/1350 96/102/96
f 585/656/585 1472/1680/1472 1350/1540/1350
f 1881/2153/1881 1453/1659/1453 518/582/518
f 1754/2011/1754 1881/2153/1881 518/582/518
f 815/919/815 1750/2006/1750 1651/1892/1651
f 700/787/700 1750/2006/1750 1323/1510/1323
f 786/888/786 788/890/788 1706/1959/1706
f 1446/1650/1446 1706/1959/1706 788/890/788
f 1025/1159/1025 291/325/291 1680/1926/1680
f 1025/1159/1025 1680/1926/1680 1363/1554/1363
f 1852/2121/1852 44/47/44 43/46/43
f 44/47/44 1852/2121/1852 133/140/133
f 198/218/198 1293/1466/1293 1993/2277/1993
f 198/218/198 1993/2277/1993 196/216/196
f 1116/1266/1116 164/180/164 1148/1302/1148
f 164/179/164 410/461/410 1148/1303/1148
f 218/238/218 1765/2024/1765 971/1097/971
f 1765/2024/1765 220/240/220 971/1097/971
f 348/387/348 192/212/192 1146/1299/1146
f 192/212/192 348/387/348 1673/1919/1673
f 1551/1771/1551 762/858/762 1968/2250/1968
f 762/859/762 1551/1772/1551 763/860/763
f 882/995/882 1060/1198/1060 883/996/883
f 884/997/884 883/996/883 1060/1198/1060
f 499/560/499 867/978/867 83/89/83
f 867/978/867 1352/1542/1352 83/89/83
f 1353/1543/1353 1808/2072/1808 1809/2073/1809
f 1703/1956/1703 1808/2072/1808 1904/2179/1904
f 1677/1923/1677 1159/1317/1159 122/128/122
f 1677/1923/1677 122/128/122 620/696/620
f 1535/1753/1535 483/542/483 1534/1752/1534
f 1534/1752/1534 1533/1751/1533 1535/1753/1535
f 487/546/487 392/438/392 1296/1469/1296
f 1296/1469/1296 1899/2173/1899 487/546/487
f 556/621/556 1336/1526/1336 554/619/554
f 1336/1526/1336 1335/1525/1335 554/619/554
f 1546/1764/1546 1610/1843/1610 538/602/538
f 538/602/538 1610/1843/1610 1609/1842/1609
f 1742/1998/1742 1743/1999/1743 1941/2219/1941
f 1742/1998/1742 378/422/378 1743/1999/1743
f 1618/1853/1618 1616/1851/1616 1903/2178/1903
f 1107/1257/1107 1618/1853/1618 1903/2178/1903
f 159/171/159 1034/1169/1034 1033/1168/1033
f 159/172/159 405/456/405 1034/1170/1034
f 974/1101/974 1949/2230/1949 770/869/770
f 974/1101/974 770/869/770 772/871/772
f 812/916/812 1680/1926/1680 290/324/290
f 290/324/290 577/646/577 812/916/812
f 987/1117/987 1791/2052/1791 960/1084/960
f 1791/2052/1791 958/1082/958 960/1084/960
f 525/589/525 962/1087/962 1478/1688/1478
f 525/589/525 539/603/539 962/1087/962
f 1910/2185/1910 1647/1888/1647 819/923/819
f 1498/1710/1498 1910/2185/1910 819/923/819
f 468/522/468 467/521/467 1068/1208/1068
f 468/522/468 1068/1208/1068 1866/2136/1866
f 1560/1785/1560 756/850/756 755/849/755
f 1560/1785/1560 755/849/755 1561/1786/1561
f 893/1006/893 892/1005/892 926/1045/926
f 894/1007/894 893/1006/893 1506/1720/1506
f 1605/1838/1605 8/10/8 500/561/500
f 500/561/500 1606/1839/1606 1605/1838/1605
f 781/883/781 1899/2173/1899 782/884/782
f 781/883/781 1457/1663/1457 1899/2173/1899
f 104/110/104 200/220/200 102/108/102
f 200/220/200 655/733/655 102/108/102
f 1892/2165/1892 1837/2104/1837 1301/1474/1301
f 1300/1473/1300 1301/1474/1301 1837/2104/1837
f 1953/2234/1953 1673/1919/1673 847/954/847
f 1673/1919/1673 918/1037/918 847/954/847
f 562/627/562 107/113/107 337/373/337
f 560/625/560 562/627/562 337/373/337
f 1108/1258/1108 88/94/88 87/93/87
f 1108/1258/1108 87/93/87 1541/1759/1541
f 1049/1185/1049 76/82/76 4/6/4
f 1659/1900/1659 1049/1185/1049 4/6/4
f 681/764/681 47/50/47 523/587/523
f 523/587/523 47/50/47 1319/1503/1319
f 1040/1176/1040 721/810/721 1042/1178/1042
f 721/810/721 1040/1176/1040 613/685/613
f 1934/2211/1934 881/993/881 1515/1731/1515
f 1210/1379/1210 881/994/881 1934/2212/1934
f 964/1090/964 961/1086/961 529/593/529
f 961/1086/961 400/448/400 529/593/529
f 1103/1252/1103 472/526/472 1666/1911/1666
f 472/526/472 1566/1791/1566 1666/1911/1666
f 1483/1694/1483 169/186/169 168/185/168
f 1891/2164/1891 169/186/169 1483/1694/1483
f 1383/1576/1383 1381/1574/1381 51/54/51
f 1582/1808/1582 1383/1576/1383 51/54/51
f 23/25/23 22/24/22 1797/2059/1797
f 1797/2059/1797 22/24/22 911/1028/911
f 1655/1896/1655 1283/1456/1283 375/419/375
f 375/419/375 1283/1456/1283 969/1095/969
f 425/476/425 424/475/424 16/18/16
f 16/18/16 424/475/424 426/477/426
f 1516/1732/1516 872/983/872 1517/1733/1517
f 1516/1732/1516 1517/1733/1517 874/985/874
f 1473/1682/1473 1712/1965/1712 515/578/515
f 515/578/515 517/580/517 1473/1682/1473
f 1365/1556/1365 1915/2192/1915 477/534/477
f 1915/2192/1915 1365/1556/1365 280/313/280
f 1096/1243/1096 286/319/286 1802/2065/1802
f 1442/1646/1442 1802/2065/1802 286/319/286
f 1736/1992/1736 1735/1991/1735 706/795/706
f 706/795/706 558/623/558 557/622/557
f 707/796/707 176/193/176 175/192/175
f 465/519/465 707/796/707 175/192/175
f 811/915/811 809/913/809 1362/1553/1362
f 809/913/809 294/328/294 1362/1553/1362
f 1116/1266/1116 1856/2125/1856 1734/1990/1734
f 1856/2125/1856 1116/1266/1116 160/173/160
f 1500/1712/1500 1167/1326/1167 1165/1324/1165
f 869/980/869 1165/1324/1165 1167/1326/1167
f 443/496/443 310/346/310 385/429/385
f 1916/2193/1916 310/346/310 443/496/443
f 135/142/135 380/424/380 1642/1883/1642
f 1642/1883/1642 751/845/751 135/142/135
f 1661/1904/1661 619/694/619 618/692/618
f 618/693/618 1663/1907/1663 1661/1903/1661
f 1775/2035/1775 285/318/285 672/752/672
f 1422/1622/1422 1775/2036/1775 672/753/672
f 295/329/295 1752/2008/1752 293/327/293
f 1752/2008/1752 295/329/295 473/528/473
f 150/161/150 621/697/621 404/454/404
f 152/164/152 621/697/621 150/161/150
f 521/585/521 331/367/331 1786/2047/1786
f 332/368/332 331/367/331 521/585/521
f 1468/1675/1468 101/107/101 1712/1965/1712
f 1712/1965/1712 1473/1682/1473 1468/1675/1468
f 18/20/18 222/242/222 224/244/224
f 18/20/18 224/244/224 425/476/425
f 1142/1295/1142 1925/2202/1925 1980/2263/1980
f 1142/1295/1142 1141/1294/1141 1925/2202/1925
f 188/208/188 1954/2235/1954 493/552/493
f 1954/2235/1954 491/550/491 493/552/493
f 1878/2150/1878 902/1018/902 757/853/757
f 757/852/757 902/1019/902 755/849/755
f 326/362/326 1558/1783/1558 1888/2161/1888
f 555/620/555 326/362/326 1888/2161/1888
f 633/709/633 1606/1839/1606 877/988/877
f 631/707/631 633/709/633 877/988/877
f 1490/1701/1490 629/705/629 1489/1700/1489
f 1181/1342/1181 629/705/629 1490/1701/1490
f 1041/1177/1041 1042/1178/1042 723/812/723
f 1041/1177/1041 1040/1176/1040 1042/1178/1042
f 1987/2270/1987 1499/1711/1499 727/816/727
f 1987/2270/1987 1500/1712/1500 1499/1711/1499
f 69/72/69 1221/1391/1221 67/70/67
f 69/72/69 1602/1834/1602 1221/1391/1221
f 848/955/848 1672/1918/1672 1559/1784/1559
f 1559/1784/1559 851/960/851 848/955/848
f 1526/1742/1526 967/1093/967 1890/2163/1890
f 967/1093/967 1525/1741/1525 1890/2163/1890
f 1742/1998/1742 1941/2219/1941 742/833/742
f 742/833/742 1941/2219/1941 1940/2218/1940
f 1887/2160/1887 1870/2141/1870 1871/2142/1871
f 1887/2160/1887 1871/2142/1871 564/629/564
f 1119/1269/1119 1897/2170/1897 1452/1658/1452
f 1897/2170/1897 1119/1269/1119 125/131/125
f 221/241/221 220/240/220 1771/2030/1771
f 1285/1458/1285 1287/1460/1287 1771/2030/1771
f 1844/2112/1844 1203/1372/1203 1199/1365/1199
f 1203/1372/1203 1202/1371/1202 1199/1365/1199
f 1743/1999/1743 1832/2098/1832 1940/2218/1940
f 1940/2218/1940 1832/2098/1832 1831/2097/1831
f 1263/1436/1263 142/151/142 649/727/649
f 143/152/143 142/151/142 1263/1436/1263
f 1833/2099/1833 671/751/671 673/754/673
f 1946/2225/1946 1833/2099/1833 673/754/673
f 872/983/872 871/982/871 1970/2252/1970
f 15/17/15 1970/2252/1970 871/982/871
f 805/909/805 1737/1993/1737 1111/1261/1111
f 1111/1261/1111 2000/2287/2000 805/909/805
f 454/507/454 456/510/456 1583/1809/1583
f 448/501/448 454/508/454 1583/1810/1583
f 1891/2164/1891 747/838/747 1892/2165/1892
f 747/838/747 1837/2104/1837 1892/2165/1892
f 1204/1373/1204 317/353/317 316/352/316
f 1204/1373/1204 316/352/316 1205/1374/1205
f 79/85/79 229/249/229 828/933/828
f 830/935/830 79/85/79 828/933/828
f 656/734/656 1879/2151/1879 657/736/657
f 1526/1742/1526 1879/2151/1879 656/734/656
f 1494/1705/1494 1690/1938/1690 1495/1707/1495
f 1831/2097/1831 1690/1937/1690 1494/1706/1494
f 1888/2161/1888 1359/1550/1359 905/1022/905
f 551/615/551 905/1022/905 1359/1550/1359
f 777/878/777 797/900/797 795/898/795
f 777/879/777 776/877/776 797/901/797
f 129/135/129 131/137/131 590/661/590
f 590/661/590 131/137/131 1877/2149/1877
f 1471/1678/1471 793/896/793 211/231/211
f 793/896/793 1471/1678/1471 794/897/794
f 1938/2216/1938 1091/1234/1091 1090/1232/1090
f 1170/1329/1170 1938/2216/1938 1090/1232/1090
f 1812/2076/1812 1815/2079/1815 1253/1425/1253
f 21/23/21 1815/2079/1815 1812/2076/1812
f 1647/1888/1647 407/458/407 820/924/820
f 1647/1888/1647 820/924/820 819/923/819
f 1703/1956/1703 825/930/825 827/932/827
f 1703/1956/1703 827/932/827 1808/2072/1808
f 185/205/185 187/207/187 1999/2286/1999
f 1999/2286/1999 187/207/187 721/810/721
f 344/381/344 1274/1447/1274 1864/2133/1864
f 344/381/344 1864/2133/1864 1094/1239/1094
f 624/700/624 1846/2115/1846 908/1025/908
f 272/302/272 908/1025/908 1846/2115/1846
f 476/533/476 1364/1555/1364 477/534/477
f 565/630/565 1364/1555/1364 476/533/476
f 1420/1620/1420 1089/1231/1089 604/675/604
f 1089/1231/1089 605/676/605 604/675/604
f 1760/2019/1760 1052/1188/1052 1051/1187/1051
f 1959/2240/1959 1052/1188/1052 1760/2019/1760
f 1029/1163/1029 516/579/516 1467/1673/1467
f 515/578/515 1467/1673/1467 516/579/516
f 1960/2241/1960 1319/1503/1319 715/804/715
f 715/804/715 1319/1503/1319 716/805/716
f 582/651/582 581/650/581 1076/1216/1076
f 28/31/28 582/652/582 1076/1217/1076
f 471/525/471 1563/1788/1563 1562/1787/1562
f 1563/1788/1563 471/525/471 1727/1983/1727
f 713/802/713 712/801/712 1035/1171/1035
f 1035/1171/1035 1032/1166/1032 713/802/713
f 979/1107/979 977/1105/977 414/465/414
f 414/465/414 977/1105/977 264/288/264
f 1069/1209/1069 1952/2233/1952 1779/2040/1779
f 1069/1209/1069 467/521/467 1952/2233/1952
f 244/266/244 804/908/804 365/408/365
f 244/266/244 483/542/483 804/908/804
f 813/917/813 698/785/698 814/918/814
f 1909/2184/1909 698/785/698 813/917/813
f 936/1055/936 937/1056/937 934/1053/934
f 1767/2026/1767 934/1053/934 937/1056/937
f 1790/2051/1790 31/34/31 1511/1725/1511
f 1511/1725/1511 945/1065/945 1790/2051/1790
f 1994/2279/1994 1641/1882/1641 1130/1282/1130
f 749/842/749 1641/1882/1641 1994/2279/1994
f 1475/1684/1475 1620/1855/1620 703/790/703
f 703/790/703 1476/1685/1476 1475/1684/1475
f 954/1078/954 107/113/107 935/1054/935
f 954/1078/954 935/1054/935 1303/1477/1303
f 1753/2009/1753 1752/2008/1752 473/528/473
f 1753/2010/1753 473/529/473 1594/1821/1594
f 1937/2215/1937 1026/1160/1026 783/885/783
f 1937/2215/1937 1711/1964/1711 1026/1160/1026
f 1397/1592/1397 162/176/162 1734/1990/1734
f 1734/1990/1734 714/803/714 1397/1592/1397
f 511/574/511 510/573/510 785/887/785
f 1903/2178/1903 785/887/785 510/573/510
f 1477/1686/1477 1913/2190/1913 705/793/705
f 1477/1687/1477 705/794/705 1475/1684/1475
f 752/846/752 1480/1690/1480 1643/1884/1643
f 388/433/388 1480/1690/1480 752/846/752
f 1114/1264/1114 1817/2081/1817 1112/1262/1112
f 1112/1262/1112 1817/2081/1817 597/668/597
f 929/1048/929 928/1047/928 1546/1764/1546
f 1546/1764/1546 538/602/538 929/1048/929
f 502/563/502 1177/1336/1177 501/562/501
f 502/563/502 1606/1839/1606 1177/1336/1177
f 966/1092/966 1299/1472/1299 397/443/397
f 397/443/397 396/442/396 966/1092/966
f 1032/1166/1032 768/866/768 767/865/767
f 1805/2069/1805 768/867/768 1032/1167/1032
f 1169/1328/1169 1842/2110/1842 728/817/728
f 728/817/728 1842/2110/1842 1246/1418/1246
f 874/985/874 492/551/492 494/553/494
f 1517/1733/1517 492/551/492 874/985/874
f 1667/1912/1667 1931/2208/1931 1309/1487/1309
f 1010/1143/1010 1309/1487/1309 1931/2208/1931
f 576/644/576 975/1102/975 972/1098/972
f 975/1103/975 772/871/772 972/1099/972
f 1082/1224/1082 1081/1222/1081 517/580/517
f 1476/1685/1476 517/581/517 1081/1223/1081
f 167/184/167 166/183/166 1920/2197/1920
f 167/184/167 1920/2197/1920 1419/1618/1419
f 1907/2182/1907 141/150/141 143/152/143
f 141/150/141 1907/2182/1907 842/949/842
f 817/921/817 1843/2111/1843 667/747/667
f 667/747/667 818/922/818 817/921/817
f 1403/1599/1403 670/750/670 284/317/284
f 284/317/284 1401/1597/1401 1403/1599/1403
f 1926/2203/1926 1461/1667/1461 1740/1996/1740
f 1461/1667/1461 1926/2203/1926 434/486/434
f 1031/1165/1031 100/106/100 508/571/508
f 1764/2023/1764 1031/1165/1031 508/571/508
f 1103/1252/1103 1101/1249/1101 1314/1496/1314
f 1103/1253/1103 1314/1497/1314 1102/1251/1102
f 1063/1201/1063 497/557/497 496/555/496
f 1063/1201/1063 496/555/496 1898/2171/1898
f 1400/1595/1400 270/296/270 269/295/269
f 270/297/270 1400/1596/1400 594/665/594
f 261/285/261 1332/1521/1332 259/283/259
f 1333/1522/1333 1332/1521/1332 261/285/261
f 411/462/411 1565/1790/1565 1787/2048/1787
f 413/464/413 1565/1790/1565 411/462/411
f 996/1127/996 999/1130/999 1448/1652/1448
f 1448/1652/1448 1936/2214/1936 996/1127/996
f 1143/1296/1143 1900/2174/1900 675/757/675
f 1484/1695/1484 1900/2174/1900 1143/1296/1143
f 1175/1334/1175 1974/2257/1974 1173/1332/1173
f 1172/1331/1172 1173/1332/1173 1974/2257/1974
f 1973/2256/1973 832/937/832 831/936/831
f 831/936/831 753/847/753 1973/2256/1973
f 920/1039/920 1672/1918/1672 918/1037/918
f 1244/1416/1244 1672/1918/1672 920/1039/920
f 366/410/366 464/518/464 174/191/174
f 174/191/174 367/411/367 366/410/366
f 1889/2162/1889 784/886/784 1617/1852/1617
f 1889/2162/1889 1617/1852/1617 359/400/359
f 548/612/548 1744/2000/1744 1125/1276/1125
f 1744/2000/1744 548/612/548 693/779/693
f 27/29/27 602/673/602 1872/2143/1872
f 1872/2144/1872 1420/1620/1420 27/30/27
f 1922/2199/1922 724/813/724 233/254/233
f 1769/2028/1769 724/813/724 1922/2199/1922
f 1090/1232/1090 1092/1235/1092 1552/1773/1552
f 1552/1774/1552 1092/1236/1092 1950/2231/1950
f 635/711/635 1658/1899/1658 402/450/402
f 1998/2284/1998 1658/1899/1658 635/711/635
f 1762/2021/1762 10/12/10 1544/1762/1544
f 1544/1762/1544 1200/1366/1200 1762/2021/1762
f 1259/1432/1259 1258/1431/1258 1821/2086/1821
f 1821/2086/1821 1822/2087/1822 1259/1432/1259
f 182/201/182 279/312/279 278/311/278
f 182/201/182 278/311/278 1325/1512/1325
f 563/628/563 1884/2156/1884 1885/2157/1885
f 1885/2157/1885 564/629/564 563/628/563
f 1873/2145/1873 324/360/324 1932/2209/1932
f 1932/2209/1932 324/360/324 326/362/326
f 428/479/428 1554/1778/1554 1008/1140/1008
f 1917/2194/1917 1008/1141/1008 1554/1779/1554
f 1413/1609/1413 126/132/126 128/134/128
f 128/134/128 355/396/355 1413/1609/1413
f 1234/1404/1234 1233/1403/1233 1059/1197/1059
f 1059/1197/1059 327/363/327 1234/1404/1234
f 545/609/545 547/611/547 1901/2175/1901
f 1379/1571/1379 1901/2175/1901 547/611/547
f 1591/1818/1591 859/970/859 857/966/857
f 857/966/857 1436/1639/1436 1591/1818/1591
f 1683/1930/1683 1278/1451/1278 799/903/799
f 1043/1179/1043 1278/1451/1278 1683/1930/1683
f 1782/2043/1782 148/158/148 147/157/147
f 147/157/147 1819/2083/1819 1782/2043/1782
f 1054/1192/1054 1721/1975/1721 1696/1947/1696
f 1721/1975/1721 1054/1192/1054 1415/1611/1415
f 255/279/255 254/278/254 1936/2214/1936
f 1936/2214/1936 254/278/254 942/1062/942
f 1070/1210/1070 1674/1920/1674 1676/1922/1676
f 1676/1922/1676 1674/1920/1674 1675/1921/1675
f 1555/1780/1555 831/936/831 829/934/829
f 1917/2194/1917 1555/1780/1555 829/934/829
f 59/62/59 58/61/58 1371/1562/1371
f 46/49/46 1371/1562/1371 58/61/58
f 1810/2074/1810 41/44/41 739/830/739
f 739/830/739 41/44/41 40/43/40
f 1242/1414/1242 1460/1666/1460 1078/1219/1078
f 1243/1415/1243 1242/1414/1242 1078/1219/1078
f 800/904/800 802/906/802 1550/1769/1550
f 800/904/800 1550/1769/1550 1549/1768/1549
f 1985/2268/1985 196/216/196 1254/1426/1254
f 1254/1426/1254 648/726/648 1985/2268/1985
f 328/364/328 1304/1478/1304 1392/1586/1392
f 1304/1479/1304 1391/1585/1391 1392/1587/1392
f 1162/1320/1162 513/576/513 265/289/265
f 1005/1137/1005 1162/1321/1162 265/290/265
f 1046/1182/1046 1983/2266/1983 1272/1445/1272
f 1983/2266/1983 1045/1181/1045 1272/1445/1272
f 237/258/237 236/257/236 323/359/323
f 1880/2152/1880 323/359/323 236/257/236
f 1711/1964/1711 1937/2215/1937 1029/1163/1029
f 1027/1161/1027 1711/1964/1711 1029/1163/1029
f 1136/1288/1136 1135/1287/1135 1949/2230/1949
f 1136/1288/1136 1949/2230/1949 145/154/145
f 1191/1355/1191 1984/2267/1984 512/575/512
f 1984/2267/1984 1191/1355/1191 513/576/513
f 1194/1358/1194 756/851/756 1197/1362/1197
f 757/853/757 756/851/756 1194/1358/1194
f 1529/1745/1529 1532/1750/1532 859/970/859
f 1529/1745/1529 1530/1746/1530 1532/1750/1532
f 181/200/181 1827/2093/1827 1163/1322/1163
f 181/200/181 180/199/180 1827/2093/1827
f 93/99/93 1007/1139/1007 94/100/94
f 1008/1140/1008 1007/1139/1007 93/99/93
f 683/766/683 1039/1175/1039 1393/1588/1393
f 1848/2117/1848 1393/1588/1393 1039/1175/1039
f 1840/2107/1840 1145/1298/1145 1631/1872/1631
f 1840/2107/1840 1631/1872/1631 166/182/166
f 1129/1281/1129 1481/1691/1481 1796/2057/1796
f 386/430/386 1796/2058/1796 1481/1692/1481
f 311/347/311 1385/1578/1385 1604/1837/1604
f 1384/1577/1384 1385/1578/1385 311/347/311
f 1409/1605/1409 1792/2053/1792 710/799/710
f 710/799/710 1792/2053/1792 894/1007/894
f 32/35/32 1080/1221/1080 783/885/783
f 1913/2190/1913 1080/1221/1080 32/35/32
f 1755/2014/1755 1726/1981/1726 1011/1144/1011
f 1726/1982/1726 1755/2013/1755 249/272/249
f 840/946/840 276/307/276 1527/1743/1527
f 277/310/277 276/307/276 840/946/840
f 834/939/834 61/64/61 177/194/177
f 834/939/834 419/470/419 61/64/61
f 246/269/246 1533/1751/1533 244/266/244
f 1533/1751/1533 246/269/246 1732/1988/1732
f 759/855/759 37/40/37 760/856/760
f 1401/1597/1401 37/40/37 759/855/759
f 681/764/681 1465/1671/1465 48/51/48
f 1465/1671/1465 1464/1670/1464 48/51/48
f 437/489/437 1402/1598/1402 284/317/284
f 1906/2181/1906 1402/1598/1402 437/489/437
f 1577/1803/1577 1575/1801/1575 976/1104/976
f 976/1104/976 1575/1801/1575 634/710/634
f 350/389/350 604/675/604 603/674/603
f 603/674/603 1182/1343/1182 350/389/350
f 1227/1397/1227 251/275/251 1589/1816/1589
f 1589/1816/1589 251/275/251 250/274/250
f 1343/1533/1343 719/808/719 1344/1534/1344
f 1344/1534/1344 76/82/76 1343/1533/1343
f 1288/1461/1288 439/492/439 1626/1866/1626
f 439/492/439 1380/1573/1380 1626/1866/1626
f 887/1000/887 1597/1826/1597 1862/2131/1862
f 885/998/885 887/1000/887 1862/2131/1862
f 731/820/731 1697/1948/1697 338/375/338
f 1695/1945/1695 1697/1948/1697 731/820/731
f 1629/1870/1629 1185/1346/1185 1184/1345/1184
f 1629/1870/1629 1811/2075/1811 1185/1346/1185
f 690/776/690 1835/2102/1835 688/773/688
f 947/1069/947 688/773/688 1835/2102/1835
f 850/958/850 383/427/383 1886/2159/1886
f 1886/2159/1886 383/427/383 1/1/1
f 992/1123/992 994/1125/994 995/1126/995
f 995/1126/995 994/1125/994 1176/1335/1176
f 1847/2116/1847 776/877/776 1334/1524/1334
f 600/671/600 776/877/776 1847/2116/1847
f 88/94/88 1875/2147/1875 302/337/302
f 1875/2147/1875 88/94/88 524/588/524
f 1792/2053/1792 1794/2055/1794 1275/1448/1275
f 1085/1227/1085 1275/1448/1275 1794/2055/1794
f 1664/1908/1664 1662/1905/1662 1661/1904/1661
f 1664/1909/1664 1257/1430/1257 1662/1906/1662
f 783/885/783 1080/1221/1080 1082/1224/1082
f 783/885/783 1082/1224/1082 516/579/516
f 51/54/51 1381/1574/1381 228/248/228
f 98/104/98 228/248/228 1381/1574/1381
f 1339/1529/1339 1340/1530/1340 683/766/683
f 1339/1529/1339 683/766/683 682/765/682
f 1352/1542/1352 1704/1957/1704 1905/2180/1905
f 1357/1548/1357 1704/1957/1704 1352/1542/1352
f 434/486/434 924/1043/924 1461/1667/1461
f 434/486/434 433/485/433 924/1043/924
f 1264/1437/1264 1261/1434/1261 1260/1433/1260
f 1260/1433/1260 1622/1861/1622 1264/1437/1264
f 854/963/854 309/345/309 1679/1925/1679
f 1679/1925/1679 309/345/309 308/344/308
f 856/965/856 1434/1636/1434 857/967/857
f 1434/1636/1434 856/965/856 719/808/719
f 544/608/544 543/607/543 540/604/540
f 540/604/540 1675/1921/1675 544/608/544
f 1655/1896/1655 375/419/375 374/418/374
f 1655/1896/1655 374/418/374 1372/1563/1372
f 1968/2250/1968 1218/1388/1218 408/459/408
f 408/459/408 1218/1388/1218 1410/1606/1410
f 769/868/769 455/509/455 454/507/454
f 1714/1967/1714 455/509/455 769/868/769
f 458/512/458 1977/2260/1977 872/983/872
f 1977/2260/1977 458/512/458 457/511/457
f 1172/1331/1172 1908/2183/1908 1173/1332/1173
f 1172/1331/1172 1715/1968/1715 1908/2183/1908
f 1259/1432/1259 1822/2087/1822 991/1121/991
f 1822/2088/1822 989/1119/989 991/1122/991
f 1622/1860/1622 1620/1855/1620 1196/1361/1196
f 1620/1856/1620 1622/1861/1622 1260/1433/1260
f 299/333/299 301/336/301 1288/1461/1288
f 301/336/301 439/492/439 1288/1461/1288
f 47/50/47 60/63/60 1399/1594/1399
f 1598/1827/1598 1399/1594/1399 60/63/60
f 451/504/451 1774/2034/1774 449/502/449
f 451/504/451 1488/1699/1488 1774/2034/1774
f 1494/1706/1494 381/425/381 1831/2097/1831
f 381/425/381 1972/2255/1972 1831/2097/1831
f 139/146/139 901/1017/901 1222/1392/1222
f 1222/1392/1222 901/1017/901 1601/1832/1601
f 1943/2221/1943 773/872/773 774/873/774
f 1942/2220/1942 1943/2222/1943 774/874/774
f 835/940/835 836/941/836 1329/1517/1329
f 835/940/835 1329/1517/1329 640/716/640
f 1505/1719/1505 927/1046/927 368/412/368
f 368/412/368 927/1046/927 435/487/435
f 380/424/380 1972/2255/1972 381/425/381
f 137/144/137 1972/2255/1972 380/424/380
f 1018/1152/1018 207/227/207 1838/2105/1838
f 1791/2052/1791 207/227/207 1018/1152/1018
f 215/235/215 790/892/790 427/478/427
f 215/235/215 427/478/427 213/233/213
f 625/701/625 873/984/873 626/702/626
f 334/370/334 626/702/626 873/984/873
f 638/714/638 1905/2180/1905 1353/1543/1353
f 1905/2180/1905 638/714/638 201/221/201
f 1929/2206/1929 1930/2207/1930 347/386/347
f 1929/2206/1929 347/386/347 737/827/737
f 503/564/503 1878/2150/1878 757/853/757
f 503/564/503 1865/2135/1865 1878/2150/1878
f 725/814/725 1501/1713/1501 1502/1714/1502
f 542/606/542 1501/1713/1501 725/814/725
f 218/238/218 1428/1628/1428 1427/1627/1427
f 1427/1627/1427 1765/2024/1765 218/238/218
f 1685/1932/1685 1684/1931/1684 1001/1132/1001
f 1419/1618/1419 1685/1932/1685 1001/1132/1001
f 720/809/720 1700/1951/1700 1699/1950/1699
f 1912/2188/1912 720/809/720 1699/1950/1699
f 1355/1546/1355 611/683/611 245/268/245
f 1355/1546/1355 245/268/245 1354/1545/1354
f 1677/1923/1677 1158/1316/1158 1678/1924/1678
f 1678/1924/1678 1158/1316/1158 676/758/676
f 1290/1463/1290 288/322/288 138/145/138
f 288/322/288 139/147/139 138/145/138
f 1111/1261/1111 1110/1260/1110 2000/2287/2000
f 2000/2287/2000 1110/1260/1110 806/910/806
f 1542/1760/1542 416/467/416 1154/1310/1154
f 1154/1310/1154 225/245/225 1542/1760/1542
f 1459/1665/1459 1460/1666/1460 860/971/860
f 1459/1665/1459 860/971/860 862/973/862
f 498/559/498 1294/1467/1294 110/116/110
f 110/116/110 496/556/496 498/559/498
f 880/992/880 247/270/247 249/272/249
f 880/992/880 394/440/394 247/270/247
f 898/1012/898 1064/1202/1064 1898/2171/1898
f 898/1013/898 897/1011/897 1064/1203/1064
f 684/767/684 1587/1814/1587 682/765/682
f 1587/1814/1587 1588/1815/1588 682/765/682
f 1876/2148/1876 305/340/305 987/1117/987
f 1876/2148/1876 306/341/306 305/340/305
f 1819/2084/1819 570/637/570 568/634/568
f 568/634/568 570/637/570 569/636/569
f 191/211/191 108/114/108 1779/2040/1779
f 1779/2040/1779 1952/2233/1952 191/211/191
f 1770/2029/1770 889/1002/889 13/15/13
f 1770/2029/1770 13/15/13 1181/1342/1181
f 1645/1886/1645 197/217/197 1644/1885/1644
f 1645/1886/1645 1644/1885/1644 514/577/514
f 1768/2027/1768 233/254/233 232/253/232
f 1768/2027/1768 232/253/232 543/607/543
f 1192/1356/1192 149/160/149 1190/1354/1190
f 1193/1357/1193 1192/1356/1192 1190/1354/1190
f 696/783/696 1099/1247/1099 362/405/362
f 1099/1247/1099 1730/1986/1730 362/405/362
f 780/882/780 257/281/257 1439/1642/1439
f 258/282/258 257/281/257 780/882/780
f 1724/1979/1724 1986/2269/1986 1722/1977/1722
f 1722/1977/1722 1986/2269/1986 841/948/841
f 1115/1265/1115 162/176/162 164/180/164
f 162/176/162 1115/1265/1115 1734/1990/1734
f 1175/1334/1175 593/664/593 1537/1755/1537
f 1537/1755/1537 1974/2257/1974 1175/1334/1175
f 1035/1171/1035 712/801/712 1033/1168/1033
f 712/801/712 160/173/160 1033/1168/1033
f 1513/1728/1513 506/569/506 1512/1726/1512
f 1512/1726/1512 506/569/506 945/1065/945
f 923/1042/923 1991/2274/1991 1673/1919/1673
f 1857/2126/1857 1991/2274/1991 923/1042/923
f 664/744/664 1931/2208/1931 1667/1912/1667
f 1667/1912/1667 611/683/611 664/744/664
f 1367/1558/1367 1074/1214/1074 1073/1213/1073
f 1364/1555/1364 1074/1214/1074 1367/1558/1367
f 1316/1500/1316 1318/1502/1318 1916/2193/1916
f 1916/2193/1916 1318/1502/1318 1383/1576/1383
f 437/489/437 845/952/845 1906/2181/1906
f 1906/2181/1906 845/952/845 1377/1568/1377
f 1944/2223/1944 1215/1385/1215 546/610/546
f 1944/2223/1944 844/951/844 1215/1385/1215
f 1785/2046/1785 1651/1892/1651 203/223/203
f 203/223/203 1208/1377/1208 1785/2046/1785
f 1729/1985/1729 1730/1986/1730 694/780/694
f 466/520/466 1729/1985/1729 694/780/694
f 1758/2017/1758 99/105/99 598/669/598
f 1975/2258/1975 99/105/99 1758/2017/1758
f 43/46/43 45/48/45 1549/1768/1549
f 43/46/43 1549/1768/1549 801/905/801
f 1928/2205/1928 1424/1624/1424 1182/1343/1182
f 1182/1343/1182 1183/1344/1183 1928/2205/1928
f 1818/2082/1818 433/485/433 432/484/432
f 433/485/433 1818/2082/1818 862/973/862
f 313/349/313 1498/1710/1498 1384/1577/1384
f 1384/1577/1384 311/347/311 313/349/313
f 95/101/95 94/100/94 1306/1482/1306
f 1006/1138/1006 1306/1482/1306 94/100/94
f 1396/1591/1396 1398/1593/1398 269/295/269
f 716/805/716 1398/1593/1398 1396/1591/1396
f 911/1028/911 1746/2002/1746 1745/2001/1745
f 1745/2001/1745 1797/2059/1797 911/1028/911
f 1914/2191/1914 32/35/32 1731/1987/1731
f 1731/1987/1731 944/1064/944 1914/2191/1914
f 1747/2003/1747 1746/2002/1746 1538/1756/1538
f 1747/2003/1747 1538/1756/1538 1858/2127/1858
f 1178/1338/1178 1553/1777/1553 1179/1339/1179
f 1179/1339/1179 1553/1777/1553 1898/2172/1898
f 1390/1583/1390 1611/1844/1611 1388/1581/1388
f 1390/1584/1390 1610/1843/1610 1611/1845/1611
f 505/567/505 1601/1831/1601 1600/1829/1600
f 1601/1832/1601 901/1017/901 1600/1830/1600
f 1265/1438/1265 1648/1889/1648 760/856/760
f 1264/1437/1264 1648/1889/1648 1265/1438/1265
f 399/446/399 965/1091/965 1568/1794/1568
f 1568/1794/1568 530/594/530 399/446/399
f 438/490/438 1902/2176/1902 439/492/439
f 1126/1277/1126 1902/2177/1902 438/491/438
f 1855/2124/1855 712/801/712 1117/1267/1117
f 1117/1267/1117 714/803/714 1855/2124/1855
f 1961/2242/1961 478/535/478 930/1049/930
f 930/1049/930 478/535/478 480/539/480
f 1763/2022/1763 354/395/354 1412/1608/1412
f 1763/2022/1763 1412/1608/1412 1411/1607/1411
f 479/538/479 1138/1290/1138 1445/1649/1445
f 479/538/479 1445/1649/1445 1966/2248/1966
f 28/31/28 210/230/210 29/32/29
f 1122/1272/1122 29/32/29 210/230/210
f 449/502/449 1965/2247/1965 985/1114/985
f 30/33/30 449/502/449 985/1114/985
f 1334/1524/1334 1333/1523/1333 1795/2056/1795
f 1795/2056/1795 1438/1641/1438 1334/1524/1334
f 1496/1708/1496 1131/1283/1131 296/330/296
f 1496/1708/1496 1132/1284/1132 1131/1283/1131
f 1948/2228/1948 1307/1483/1307 1309/1487/1309
f 1948/2229/1948 1725/1980/1725 1307/1484/1307
f 160/173/160 1116/1266/1116 1150/1306/1150
f 161/175/161 160/173/160 1150/1306/1150
f 1562/1787/1562 1870/2141/1870 1051/1187/1051
f 189/209/189 1870/2141/1870 1562/1787/1562
f 745/836/745 395/441/395 1300/1473/1300
f 1408/1604/1408 395/441/395 745/836/745
f 417/468/417 1709/1962/1709 644/720/644
f 1709/1962/1709 417/468/417 651/729/651
f 1739/1995/1739 36/39/36 1957/2238/1957
f 34/37/34 36/39/36 1739/1995/1739
f 494/553/494 1053/1189/1053 1963/2245/1963
f 1963/2245/1963 874/985/874 494/553/494
f 1969/2251/1969 420/471/420 419/470/419
f 1969/2251/1969 419/470/419 1851/2120/1851
f 884/997/884 1873/2145/1873 554/619/554
f 1874/2146/1874 1873/2145/1873 884/997/884
f 1935/2213/1935 306/341/306 206/226/206
f 984/1112/984 306/341/306 1935/2213/1935
f 1071/1211/1071 320/356/320 1072/1212/1072
f 1070/1210/1070 320/356/320 1071/1211/1071
f 85/91/85 84/90/84 202/222/202
f 202/222/202 700/787/700 85/91/85
f 1221/1391/1221 1097/1244/1097 67/70/67
f 67/70/67 1097/1244/1097 470/524/470
f 127/133/127 1411/1607/1411 507/570/507
f 507/570/507 1411/1607/1411 1939/2217/1939
f 484/543/484 1535/1753/1535 1456/1662/1456
f 1456/1662/1456 781/883/781 484/543/484
f 1088/1230/1088 605/676/605 1089/1231/1089
f 605/676/605 1088/1230/1088 1597/1826/1597
f 1758/2017/1758 598/669/598 1430/1630/1430
f 598/669/598 597/668/597 1430/1630/1430
f 1869/2140/1869 1406/1602/1406 1569/1795/1569
f 528/592/528 1406/1602/1406 1869/2140/1869
f 580/649/580 206/226/206 205/225/205
f 580/649/580 1935/2213/1935 206/226/206
f 541/605/541 543/607/543 1206/1375/1206
f 1206/1375/1206 539/603/539 541/605/541
f 1531/1748/1531 1295/1468/1295 1687/1934/1687
f 1687/1934/1687 1295/1468/1295 718/807/718
f 1816/2080/1816 1951/2232/1951 1432/1632/1432
f 1816/2080/1816 1114/1264/1114 1951/2232/1951
f 1843/2111/1843 668/748/668 667/747/667
f 1843/2111/1843 1386/1579/1386 668/748/668
f 1997/2282/1997 1684/1931/1684 1002/1133/1002
f 1997/2283/1997 1002/1134/1002 810/914/810
f 1240/1411/1240 1945/2224/1945 370/414/370
f 370/414/370 1945/2224/1945 708/797/708
f 1942/2220/1942 300/335/300 299/333/299
f 1942/2220/1942 299/333/299 1943/2222/1943
f 661/741/661 1418/1617/1418 1921/2198/1921
f 233/254/233 1418/1617/1418 661/741/661
f 335/371/335 1368/1559/1368 1720/1974/1720
f 1720/1974/1720 1719/1973/1719 335/371/335
f 1509/1723/1509 1063/1201/1063 1062/1200/1062
f 1062/1200/1062 260/284/260 1509/1723/1509
f 415/466/415 1246/1418/1246 1919/2196/1919
f 1246/1418/1246 1168/1327/1168 1919/2196/1919
f 916/1035/916 1788/2049/1788 917/1036/917
f 1118/1268/1118 917/1036/917 1788/2049/1788
f 48/51/48 1464/1670/1464 46/49/46
f 1286/1459/1286 46/49/46 1464/1670/1464
f 1858/2127/1858 1538/1756/1538 1255/1427/1255
f 1255/1427/1255 196/216/196 1858/2127/1858
f 1244/1416/1244 193/213/193 195/215/195
f 1244/1416/1244 195/215/195 1672/1918/1672
f 408/459/408 1217/1387/1217 1968/2250/1968
f 1968/2250/1968 1217/1387/1217 163/178/163
f 165/181/165 1001/1132/1001 1841/2109/1841
f 166/183/166 165/181/165 1841/2109/1841
f 1982/2265/1982 144/153/144 1571/1797/1571
f 1571/1797/1571 144/153/144 1572/1798/1572
f 632/708/632 978/1106/978 979/1107/979
f 632/708/632 631/707/631 978/1106/978
f 690/776/690 941/1061/941 1836/2103/1836
f 690/776/690 1836/2103/1836 1835/2102/1835
f 1322/1508/1322 183/202/183 677/760/677
f 1322/1508/1322 184/204/184 183/202/183
f 1576/1802/1576 1577/1803/1577 876/987/876
f 1576/1802/1576 1575/1801/1575 1577/1803/1577
f 1508/1722/1508 14/16/14 1507/1721/1507
f 1507/1721/1507 14/16/14 1820/2085/1820
f 16/18/16 588/659/588 17/19/17
f 933/1052/933 588/659/588 16/18/16
f 571/638/571 1619/1854/1619 569/636/569
f 569/636/569 1619/1854/1619 849/957/849
f 1271/1444/1271 1273/1446/1273 219/239/219
f 1273/1446/1273 971/1097/971 219/239/219
f 1118/1268/1118 1789/2050/1789 125/131/125
f 1788/2049/1788 1789/2050/1789 1118/1268/1118
f 1113/1263/1113 782/884/782 1298/1471/1298
f 782/884/782 1899/2173/1899 1298/1471/1298
f 1504/1718/1504 1503/1715/1503 4/6/4
f 1503/1716/1503 1504/1717/1504 551/615/551
f 481/540/481 1682/1929/1682 821/926/821
f 482/541/482 1682/1929/1682 481/540/481
f 1151/1307/1151 409/460/409 1804/2068/1804
f 1804/2068/1804 409/460/409 820/924/820
f 8/10/8 1859/2128/1859 9/11/9
f 9/11/9 1859/2128/1859 633/709/633
f 1189/1353/1189 1724/1979/1724 152/164/152
f 152/164/152 1724/1979/1724 621/697/621
f 1356/1547/1356 1358/1549/1358 729/818/729
f 1356/1547/1356 412/463/412 1358/1549/1358
f 1880/2152/1880 1501/1713/1501 542/606/542
f 542/606/542 1674/1920/1674 1880/2152/1880
f 660/740/660 234/255/234 661/741/661
f 234/255/234 660/740/660 1330/1518/1330
f 559/624/559 558/623/558 1767/2026/1767
f 558/623/558 707/796/707 1767/2026/1767
f 1545/1763/1545 1761/2020/1761 68/71/68
f 469/523/469 1761/2020/1761 1545/1763/1545
f 1320/1504/1320 1363/1554/1363 1988/2271/1988
f 1320/1504/1320 1988/2271/1988 1322/1509/1322
f 1723/1978/1723 1784/2045/1784 1184/1345/1184
f 1184/1345/1184 1784/2045/1784 1628/1869/1628
f 755/849/755 1404/1600/1404 1561/1786/1561
f 1401/1597/1401 1561/1786/1561 1404/1600/1404
f 1133/1285/1133 297/331/297 1131/1283/1131
f 1656/1897/1656 297/331/297 1133/1285/1133
f 463/517/463 1540/1758/1540 461/515/461
f 955/1079/955 1540/1758/1540 463/517/463
f 829/934/829 231/252/231 1917/2194/1917
f 231/252/231 1008/1141/1008 1917/2194/1917
f 1751/2007/1751 816/920/816 1651/1892/1651
f 1751/2007/1751 533/597/533 816/920/816
f 1375/1566/1375 90/96/90 208/228/208
f 1375/1566/1375 208/228/208 606/677/606
f 1912/2188/1912 1699/1950/1699 1702/1954/1702
f 1702/1955/1702 1050/1186/1050 1912/2189/1912
f 1863/2132/1863 188/208/188 493/552/493
f 1518/1734/1518 188/208/188 1863/2132/1863
f 488/547/488 913/1030/913 486/545/486
f 1581/1807/1581 913/1030/913 488/547/488
f 1317/1501/1317 1382/1575/1382 1381/1574/1381
f 442/495/442 1382/1575/1382 1317/1501/1317
f 1814/2078/1814 1251/1423/1251 1252/1424/1252
f 1814/2078/1814 1252/1424/1252 1815/2079/1815
f 1109/1259/1109 1541/1759/1541 532/596/532
f 1109/1259/1109 532/596/532 534/598/534
f 392/438/392 1266/1439/1266 393/439/393
f 393/439/393 1266/1439/1266 1759/2018/1759
f 1923/2200/1923 1429/1629/1429 1276/1449/1276
f 799/903/799 1923/2200/1923 1276/1449/1276
f 80/86/80 462/516/462 1335/1525/1335
f 80/86/80 1335/1525/1335 81/87/81
f 1582/1808/1582 50/53/50 1669/1915/1669
f 1669/1915/1669 50/53/50 1670/1916/1670
f 670/750/670 1403/1599/1403 1688/1935/1688
f 670/750/670 1688/1935/1688 673/755/673
f 1495/1707/1495 1690/1938/1690 1689/1936/1689
f 1290/1463/1290 1495/1707/1495 1689/1936/1689
f 1050/1186/1050 1435/1637/1435 1048/1184/1048
f 1702/1955/1702 1435/1637/1435 1050/1186/1050
f 1463/1669/1463 1465/1671/1465 681/764/681
f 1465/1671/1465 1463/1669/1463 1337/1527/1337
f 129/135/129 590/661/590 589/660/589
f 589/660/589 1536/1754/1536 129/135/129
f 634/710/634 1574/1800/1574 267/293/267
f 1006/1138/1006 267/293/267 1574/1800/1574
f 932/1051/932 1749/2005/1749 931/1050/931
f 1749/2005/1749 1825/2091/1825 931/1050/931
f 1933/2210/1933 333/369/333 460/514/460
f 1933/2210/1933 460/514/460 626/702/626
f 573/640/573 40/43/40 1657/1898/1657
f 40/43/40 1635/1876/1635 1657/1898/1657
f 1838/2105/1838 207/227/207 209/229/209
f 209/229/209 92/98/92 1838/2105/1838
f 240/261/240 1084/1226/1084 238/259/238
f 1084/1226/1084 1361/1552/1361 238/259/238
f 980/1108/980 423/474/423 422/473/422
f 422/473/422 981/1109/981 980/1108/980
f 171/188/171 1867/2137/1867 172/189/172
f 1867/2137/1867 171/188/171 1231/1401/1231
f 1580/1806/1580 1269/1442/1269 914/1031/914
f 1581/1807/1581 1580/1806/1580 914/1031/914
f 948/1070/948 376/420/376 689/774/689
f 688/773/688 948/1071/948 689/775/689
f 1235/1405/1235 20/22/20 19/21/19
f 1235/1405/1235 1238/1408/1238 20/22/20
f 223/243/223 1638/1879/1638 983/1111/983
f 983/1111/983 1638/1879/1638 1639/1880/1639
f 1823/2089/1823 1485/1696/1485 904/1021/904
f 748/839/748 1485/1696/1485 1823/2089/1823
f 273/303/273 1590/1817/1590 1706/1959/1706
f 1504/1718/1504 1590/1817/1590 273/303/273
f 411/462/411 1787/2048/1787 639/715/639
f 639/715/639 1787/2048/1787 1983/2266/1983
f 1998/2285/1998 266/292/266 1193/1357/1193
f 1193/1357/1193 151/163/151 1998/2285/1998
f 1716/1969/1716 1715/1968/1715 594/665/594
f 1716/1969/1716 594/665/594 950/1073/950
f 760/856/760 39/42/39 1466/1672/1466
f 1466/1672/1466 1265/1438/1265 760/856/760
f 1962/2244/1962 1558/1783/1558 74/80/74
f 74/80/74 341/378/341 1962/2244/1962
f 1776/2037/1776 1519/1735/1519 645/722/645
f 795/898/795 1519/1735/1519 1776/2037/1776
f 1253/1425/1253 1065/1205/1065 897/1011/897
f 1253/1425/1253 897/1011/897 1812/2076/1812
f 465/519/465 1391/1585/1391 1303/1477/1303
f 1304/1479/1304 1303/1477/1303 1391/1585/1391
f 536/600/536 1609/1842/1609 647/725/647
f 536/600/536 538/602/538 1609/1842/1609
f 853/962/853 953/1077/953 1557/1782/1557
f 854/963/854 853/962/853 1557/1782/1557
f 1221/1391/1221 1602/1834/1602 360/401/360
f 1602/1835/1602 361/403/361 360/402/360
f 1883/2155/1883 15/17/15 625/701/625
f 15/17/15 1883/2155/1883 630/706/630
f 552/616/552 1660/1901/1660 553/617/553
f 1660/1902/1660 1659/1900/1659 553/618/553
f 1011/1144/1011 1106/1256/1106 1756/2015/1756
f 1755/2014/1755 1011/1144/1011 1756/2015/1756
f 173/190/173 1361/1552/1361 73/79/73
f 73/79/73 171/188/171 173/190/173
f 1853/2122/1853 1896/2169/1896 1854/2123/1854
f 1854/2123/1854 1237/1407/1237 1853/2122/1853
f 355/396/355 1543/1761/1543 356/397/356
f 249/273/249 356/397/356 1543/1761/1543
f 1243/1415/1243 1078/1219/1078 1079/1220/1079
f 1079/1220/1079 242/264/242 1243/1415/1243
f 973/1100/973 346/385/346 345/383/345
f 973/1100/973 738/829/738 346/385/346
f 665/745/665 1894/2167/1894 357/398/357
f 662/742/662 1894/2167/1894 665/745/665
f 1444/1648/1444 751/845/751 1966/2248/1966
f 1966/2248/1966 1445/1649/1445 1444/1648/1444
f 1086/1228/1086 1736/1992/1736 557/622/557
f 557/622/557 1736/1992/1736 706/795/706
f 260/284/260 1947/2226/1947 1773/2032/1773
f 895/1009/895 1773/2033/1773 1947/2227/1947
f 919/1038/919 1493/1704/1493 193/213/193
f 1493/1704/1493 1628/1869/1628 193/213/193
f 876/987/876 1577/1803/1577 631/707/631
f 877/988/877 876/987/876 631/707/631
f 765/863/765 767/865/767 1487/1698/1487
f 1487/1698/1487 767/865/767 454/508/454
f 1852/2121/1852 263/287/263 262/286/262
f 1852/2121/1852 262/286/262 404/455/404
f 1394/1589/1394 1654/1895/1654 1848/2117/1848
f 1848/2117/1848 1654/1895/1654 1393/1588/1393
f 1441/1644/1441 1440/1643/1440 600/671/600
f 1441/1644/1441 600/671/600 1847/2116/1847
f 1225/1395/1225 178/195/178 1981/2264/1981
f 1981/2264/1981 178/195/178 1980/2263/1980
f 1744/2000/1744 1292/1465/1292 1216/1386/1216
f 692/778/692 1216/1386/1216 1292/1465/1292
f 1643/1884/1643 380/424/380 379/423/379
f 379/423/379 752/846/752 1643/1884/1643
f 459/513/459 1508/1722/1508 457/511/457
f 1508/1722/1508 459/513/459 14/16/14
f 815/919/815 1123/1273/1123 1323/1510/1323
f 1750/2006/1750 815/919/815 1323/1510/1323
f 180/198/180 283/316/283 615/687/615
f 615/688/615 1827/2093/1827 180/199/180
f 1523/1739/1523 621/697/621 1996/2281/1996
f 1523/1739/1523 1996/2281/1996 134/141/134
f 1416/1613/1416 1719/1972/1719 1415/1612/1415
f 333/369/333 1719/1973/1719 1416/1614/1416
f 1754/2012/1754 1799/2061/1799 1417/1616/1417
f 1417/1616/1417 1799/2061/1799 1416/1614/1416
f 1325/1512/1325 1584/1811/1584 1585/1812/1585
f 1585/1812/1585 1584/1811/1584 885/998/885
f 1989/2272/1989 782/884/782 1113/1263/1113
f 1989/2272/1989 1113/1263/1113 1737/1993/1737
f 129/135/129 1979/2262/1979 1282/1455/1282
f 1282/1455/1282 1979/2262/1979 1152/1308/1152
f 844/951/844 691/777/691 1927/2204/1927
f 514/577/514 1927/2204/1927 691/777/691
f 1929/2206/1929 1861/2130/1861 1930/2207/1930
f 1930/2207/1930 1861/2130/1861 1860/2129/1860
f 612/684/612 1615/1850/1615 1101/1249/1101
f 989/1119/989 1615/1850/1615 612/684/612
f 1527/1743/1527 624/700/624 1958/2239/1958
f 1958/2239/1958 624/700/624 1528/1744/1528
f 1904/2179/1904 1808/2072/1808 1353/1543/1353
f 1353/1543/1353 1905/2180/1905 1904/2179/1904
f 42/45/42 1797/2059/1797 1637/1878/1637
f 909/1026/909 42/45/42 1637/1878/1637
f 1372/1563/1372 1598/1827/1598 59/62/59
f 60/63/60 59/62/59 1598/1827/1598
f 450/503/450 1909/2184/1909 1209/1378/1209
f 1209/1378/1209 451/504/451 450/503/450
f 1525/1741/1525 1568/1794/1568 965/1091/965
f 1879/2151/1879 1525/1741/1525 965/1091/965
f 314/350/314 967/1093/967 1526/1742/1526
f 1526/1742/1526 315/351/315 314/350/314
f 791/894/791 583/653/583 1995/2280/1995
f 583/653/583 1640/1881/1640 1995/2280/1995
f 1311/1491/1311 1469/1676/1469 1315/1499/1315
f 1313/1494/1313 1469/1676/1469 1311/1491/1311
f 211/231/211 1596/1824/1596 1868/2138/1868
f 1868/2139/1868 1596/1825/1596 1077/1218/1077
f 1142/1295/1142 1980/2263/1980 1426/1626/1426
f 1426/1626/1426 1980/2263/1980 1713/1966/1713
f 597/668/597 1817/2081/1817 1431/1631/1431
f 1430/1630/1430 597/668/597 1431/1631/1431
f 1548/1767/1548 478/536/478 1961/2243/1961
f 1547/1766/1547 1548/1767/1548 1961/2243/1961
f 1107/1257/1107 1104/1254/1104 1105/1255/1105
f 1903/2178/1903 1104/1254/1104 1107/1257/1107
f 1953/2234/1953 847/954/847 1/2/1
f 1/2/1 192/212/192 1953/2234/1953
f 446/499/446 984/1113/984 1965/2247/1965
f 984/1113/984 986/1116/986 1965/2247/1965
f 825/930/825 412/463/412 1046/1182/1046
f 412/463/412 825/930/825 1357/1548/1357
f 225/245/225 1924/2201/1924 1692/1940/1692
f 1154/1310/1154 1924/2201/1924 225/245/225
f 1771/2030/1771 220/240/220 1285/1458/1285
f 1766/2025/1766 1285/1458/1285 220/240/220
f 1732/1988/1732 246/269/246 1733/1989/1733
f 1733/1989/1733 124/130/124 1732/1988/1732
f 1014/1148/1014 377/421/377 572/639/572
f 377/421/377 40/43/40 572/639/572
f 1506/1720/1506 926/1045/926 1505/1719/1505
f 893/1006/893 926/1045/926 1506/1720/1506
f 1971/2254/1971 241/263/241 1772/2031/1772
f 1240/1411/1240 1971/2254/1971 1772/2031/1772
f 1075/1215/1075 888/1001/888 280/313/280
f 1366/1557/1366 1075/1215/1075 280/313/280
